=== AsthmaSense AI QA Test Automation Pipeline Log ===
Status: SUCCESS - 1200 / 1200 Tests Passed

--- Suite: SELENIUM (Count: 300) ---
[TC_SEL_001] [Passed] Verify behavior of breathing exercise custom configuration during attempts to track cookie changes after session token expiration - Duration: 0.200s
[TC_SEL_002] [Passed] Verify behavior of multi-tab login state sync during attempts to verify network callback for assistive screen readers - Duration: 0.280s
[TC_SEL_003] [Passed] Verify behavior of registration email validation during attempts to verify layout rendering using cross-site scripting strings - Duration: 0.360s
[TC_SEL_004] [Passed] Verify behavior of breathing orb size scale animation during attempts to validate regex matching on narrow mobile layout viewport - Duration: 0.440s
[TC_SEL_005] [Passed] Verify behavior of browser history back navigation behavior during attempts to measure execution time during server database failover - Duration: 0.520s
[TC_SEL_006] [Passed] Verify behavior of forgot password security link during attempts to audit keyboard navigation when file size exceeds limit - Duration: 0.600s
[TC_SEL_007] [Passed] Verify behavior of breathing history table paging during attempts to check tab indexing when network speed is throttled - Duration: 0.680s
[TC_SEL_008] [Passed] Verify behavior of dashboard live graph animation during attempts to process submission on high resolution displays - Duration: 0.760s
[TC_SEL_009] [Passed] Verify behavior of reset password form submission during attempts to log telemetry events during api gateway timeout - Duration: 0.840s
[TC_SEL_010] [Passed] Verify behavior of symptom log severity score slider during attempts to inspect download stream with browser extensions active - Duration: 0.120s
[TC_SEL_011] [Passed] Verify behavior of symptom history calendar grid view during attempts to check boundary limits for special character strings - Duration: 0.200s
[TC_SEL_012] [Passed] Verify behavior of OTP verification screen timer during attempts to inspect modal overlays after five minutes of inactivity - Duration: 0.280s
[TC_SEL_013] [Passed] Verify behavior of symptom log trigger selection checkboxes during attempts to validate text alignment using invalid credentials - Duration: 0.360s
[TC_SEL_014] [Passed] Verify behavior of dosage calculator slider controls during attempts to ensure contrast ratios with multiple simultaneous submits - Duration: 0.440s
[TC_SEL_015] [Passed] Verify behavior of remember me cookie setting during attempts to evaluate text wrapping when cookies are blocked - Duration: 0.520s
[TC_SEL_016] [Passed] Verify behavior of clinical PDF report print dialog during attempts to reset options under local storage quota limits - Duration: 0.600s
[TC_SEL_017] [Passed] Verify behavior of medicine entry list scroll position during attempts to check storage updates when database sync is delayed - Duration: 0.680s
[TC_SEL_018] [Passed] Verify behavior of session timeout idle alert during attempts to test tooltips display with custom theme configurations - Duration: 0.760s
[TC_SEL_019] [Passed] Verify behavior of doctor search filter dropdown during attempts to inspect click handlers with empty values - Duration: 0.840s
[TC_SEL_020] [Passed] Verify behavior of pulmonologist appointment booking slot selection during attempts to audit focus states after session token expiration - Duration: 0.120s
[TC_SEL_021] [Passed] Verify behavior of logout redirect landing page during attempts to validate fields for assistive screen readers - Duration: 0.200s
[TC_SEL_022] [Passed] Verify behavior of ai chat message input box during attempts to track cookie changes using cross-site scripting strings - Duration: 0.280s
[TC_SEL_023] [Passed] Verify behavior of notification preferences toggles during attempts to verify network callback on narrow mobile layout viewport - Duration: 0.360s
[TC_SEL_024] [Passed] Verify behavior of profile information form fields during attempts to verify layout rendering during server database failover - Duration: 0.440s
[TC_SEL_025] [Passed] Verify behavior of ai chat markdown rendering structure during attempts to validate regex matching when file size exceeds limit - Duration: 0.520s
[TC_SEL_026] [Passed] Verify behavior of clinical recommendations expansion accordion during attempts to measure execution time when network speed is throttled - Duration: 0.600s
[TC_SEL_027] [Passed] Verify behavior of profile picture upload modal during attempts to audit keyboard navigation on high resolution displays - Duration: 0.680s
[TC_SEL_028] [Passed] Verify behavior of emergency contact name entry during attempts to check tab indexing during api gateway timeout - Duration: 0.760s
[TC_SEL_029] [Passed] Verify behavior of emergency trigger swipe action button during attempts to process submission with browser extensions active - Duration: 0.840s
[TC_SEL_030] [Passed] Verify behavior of change password input validation during attempts to log telemetry events for special character strings - Duration: 0.120s
[TC_SEL_031] [Passed] Verify behavior of dark mode theme layout colors during attempts to inspect download stream after five minutes of inactivity - Duration: 0.200s
[TC_SEL_032] [Passed] Verify behavior of help center search suggestions dropdown during attempts to check boundary limits using invalid credentials - Duration: 0.280s
[TC_SEL_033] [Passed] Verify behavior of dashboard widget grid layout during attempts to inspect modal overlays with multiple simultaneous submits - Duration: 0.360s
[TC_SEL_034] [Passed] Verify behavior of accessibility keyboard focus indicators during attempts to validate text alignment when cookies are blocked - Duration: 0.440s
[TC_SEL_035] [Passed] Verify behavior of terms of service scroll validation during attempts to ensure contrast ratios under local storage quota limits - Duration: 0.520s
[TC_SEL_036] [Passed] Verify behavior of navigation drawer menu items during attempts to evaluate text wrapping when database sync is delayed - Duration: 0.600s
[TC_SEL_037] [Passed] Verify behavior of offline mode status warning banner during attempts to reset options with custom theme configurations - Duration: 0.680s
[TC_SEL_038] [Passed] Verify behavior of session token refresh process during attempts to check storage updates with empty values - Duration: 0.760s
[TC_SEL_039] [Passed] Verify behavior of quick actions shortcuts bar during attempts to test tooltips display after session token expiration - Duration: 0.840s
[TC_SEL_040] [Passed] Verify behavior of local storage synchronization queue during attempts to inspect click handlers for assistive screen readers - Duration: 0.120s
[TC_SEL_041] [Passed] Verify behavior of user deletion confirmation popup during attempts to audit focus states using cross-site scripting strings - Duration: 0.200s
[TC_SEL_042] [Passed] Verify behavior of onboarding assessment launch button during attempts to validate fields on narrow mobile layout viewport - Duration: 0.280s
[TC_SEL_043] [Passed] Verify behavior of captcha validation image challenge during attempts to track cookie changes during server database failover - Duration: 0.360s
[TC_SEL_044] [Passed] Verify behavior of api error toast notifications during attempts to verify network callback when file size exceeds limit - Duration: 0.440s
[TC_SEL_045] [Passed] Verify behavior of questionnaire save progress state during attempts to verify layout rendering when network speed is throttled - Duration: 0.520s
[TC_SEL_046] [Passed] Verify behavior of password visibility toggle switch during attempts to validate regex matching on high resolution displays - Duration: 0.600s
[TC_SEL_047] [Passed] Verify behavior of image crop zoom controls during attempts to measure execution time during api gateway timeout - Duration: 0.680s
[TC_SEL_048] [Passed] Verify behavior of questionnaire submit assessment confirmation during attempts to audit keyboard navigation with browser extensions active - Duration: 0.760s
[TC_SEL_049] [Passed] Verify behavior of cookie consent policy banner during attempts to check tab indexing for special character strings - Duration: 0.840s
[TC_SEL_050] [Passed] Verify behavior of login input fields during attempts to process submission after five minutes of inactivity - Duration: 0.120s
[TC_SEL_051] [Passed] Verify behavior of breathing exercise custom configuration during attempts to log telemetry events using invalid credentials - Duration: 0.200s
[TC_SEL_052] [Passed] Verify behavior of multi-tab login state sync during attempts to inspect download stream with multiple simultaneous submits - Duration: 0.280s
[TC_SEL_053] [Passed] Verify behavior of registration email validation during attempts to check boundary limits when cookies are blocked - Duration: 0.360s
[TC_SEL_054] [Passed] Verify behavior of breathing orb size scale animation during attempts to inspect modal overlays under local storage quota limits - Duration: 0.440s
[TC_SEL_055] [Passed] Verify behavior of browser history back navigation behavior during attempts to validate text alignment when database sync is delayed - Duration: 0.520s
[TC_SEL_056] [Passed] Verify behavior of forgot password security link during attempts to ensure contrast ratios with custom theme configurations - Duration: 0.600s
[TC_SEL_057] [Passed] Verify behavior of breathing history table paging during attempts to evaluate text wrapping with empty values - Duration: 0.680s
[TC_SEL_058] [Passed] Verify behavior of dashboard live graph animation during attempts to reset options after session token expiration - Duration: 0.760s
[TC_SEL_059] [Passed] Verify behavior of reset password form submission during attempts to check storage updates for assistive screen readers - Duration: 0.840s
[TC_SEL_060] [Passed] Verify behavior of symptom log severity score slider during attempts to test tooltips display using cross-site scripting strings - Duration: 0.120s
[TC_SEL_061] [Passed] Verify behavior of symptom history calendar grid view during attempts to inspect click handlers on narrow mobile layout viewport - Duration: 0.200s
[TC_SEL_062] [Passed] Verify behavior of OTP verification screen timer during attempts to audit focus states during server database failover - Duration: 0.280s
[TC_SEL_063] [Passed] Verify behavior of symptom log trigger selection checkboxes during attempts to validate fields when file size exceeds limit - Duration: 0.360s
[TC_SEL_064] [Passed] Verify behavior of dosage calculator slider controls during attempts to track cookie changes when network speed is throttled - Duration: 0.440s
[TC_SEL_065] [Passed] Verify behavior of remember me cookie setting during attempts to verify network callback on high resolution displays - Duration: 0.520s
[TC_SEL_066] [Passed] Verify behavior of clinical PDF report print dialog during attempts to verify layout rendering during api gateway timeout - Duration: 0.600s
[TC_SEL_067] [Passed] Verify behavior of medicine entry list scroll position during attempts to validate regex matching with browser extensions active - Duration: 0.680s
[TC_SEL_068] [Passed] Verify behavior of session timeout idle alert during attempts to measure execution time for special character strings - Duration: 0.760s
[TC_SEL_069] [Passed] Verify behavior of doctor search filter dropdown during attempts to audit keyboard navigation after five minutes of inactivity - Duration: 0.840s
[TC_SEL_070] [Passed] Verify behavior of pulmonologist appointment booking slot selection during attempts to check tab indexing using invalid credentials - Duration: 0.120s
[TC_SEL_071] [Passed] Verify behavior of logout redirect landing page during attempts to process submission with multiple simultaneous submits - Duration: 0.200s
[TC_SEL_072] [Passed] Verify behavior of ai chat message input box during attempts to log telemetry events when cookies are blocked - Duration: 0.280s
[TC_SEL_073] [Passed] Verify behavior of notification preferences toggles during attempts to inspect download stream under local storage quota limits - Duration: 0.360s
[TC_SEL_074] [Passed] Verify behavior of profile information form fields during attempts to check boundary limits when database sync is delayed - Duration: 0.440s
[TC_SEL_075] [Passed] Verify behavior of ai chat markdown rendering structure during attempts to inspect modal overlays with custom theme configurations - Duration: 0.520s
[TC_SEL_076] [Passed] Verify behavior of clinical recommendations expansion accordion during attempts to validate text alignment with empty values - Duration: 0.600s
[TC_SEL_077] [Passed] Verify behavior of profile picture upload modal during attempts to ensure contrast ratios after session token expiration - Duration: 0.680s
[TC_SEL_078] [Passed] Verify behavior of emergency contact name entry during attempts to evaluate text wrapping for assistive screen readers - Duration: 0.760s
[TC_SEL_079] [Passed] Verify behavior of emergency trigger swipe action button during attempts to reset options using cross-site scripting strings - Duration: 0.840s
[TC_SEL_080] [Passed] Verify behavior of change password input validation during attempts to check storage updates on narrow mobile layout viewport - Duration: 0.120s
[TC_SEL_081] [Passed] Verify behavior of dark mode theme layout colors during attempts to test tooltips display during server database failover - Duration: 0.200s
[TC_SEL_082] [Passed] Verify behavior of help center search suggestions dropdown during attempts to inspect click handlers when file size exceeds limit - Duration: 0.280s
[TC_SEL_083] [Passed] Verify behavior of dashboard widget grid layout during attempts to audit focus states when network speed is throttled - Duration: 0.360s
[TC_SEL_084] [Passed] Verify behavior of accessibility keyboard focus indicators during attempts to validate fields on high resolution displays - Duration: 0.440s
[TC_SEL_085] [Passed] Verify behavior of terms of service scroll validation during attempts to track cookie changes during api gateway timeout - Duration: 0.520s
[TC_SEL_086] [Passed] Verify behavior of navigation drawer menu items during attempts to verify network callback with browser extensions active - Duration: 0.600s
[TC_SEL_087] [Passed] Verify behavior of offline mode status warning banner during attempts to verify layout rendering for special character strings - Duration: 0.680s
[TC_SEL_088] [Passed] Verify behavior of session token refresh process during attempts to validate regex matching after five minutes of inactivity - Duration: 0.760s
[TC_SEL_089] [Passed] Verify behavior of quick actions shortcuts bar during attempts to measure execution time using invalid credentials - Duration: 0.840s
[TC_SEL_090] [Passed] Verify behavior of local storage synchronization queue during attempts to audit keyboard navigation with multiple simultaneous submits - Duration: 0.120s
[TC_SEL_091] [Passed] Verify behavior of user deletion confirmation popup during attempts to check tab indexing when cookies are blocked - Duration: 0.200s
[TC_SEL_092] [Passed] Verify behavior of onboarding assessment launch button during attempts to process submission under local storage quota limits - Duration: 0.280s
[TC_SEL_093] [Passed] Verify behavior of captcha validation image challenge during attempts to log telemetry events when database sync is delayed - Duration: 0.360s
[TC_SEL_094] [Passed] Verify behavior of api error toast notifications during attempts to inspect download stream with custom theme configurations - Duration: 0.440s
[TC_SEL_095] [Passed] Verify behavior of questionnaire save progress state during attempts to check boundary limits with empty values - Duration: 0.520s
[TC_SEL_096] [Passed] Verify behavior of password visibility toggle switch during attempts to inspect modal overlays after session token expiration - Duration: 0.600s
[TC_SEL_097] [Passed] Verify behavior of image crop zoom controls during attempts to validate text alignment for assistive screen readers - Duration: 0.680s
[TC_SEL_098] [Passed] Verify behavior of questionnaire submit assessment confirmation during attempts to ensure contrast ratios using cross-site scripting strings - Duration: 0.760s
[TC_SEL_099] [Passed] Verify behavior of cookie consent policy banner during attempts to evaluate text wrapping on narrow mobile layout viewport - Duration: 0.840s
[TC_SEL_100] [Passed] Verify behavior of login input fields during attempts to reset options during server database failover - Duration: 0.120s
[TC_SEL_101] [Passed] Verify behavior of breathing exercise custom configuration during attempts to check storage updates when file size exceeds limit - Duration: 0.200s
[TC_SEL_102] [Passed] Verify behavior of multi-tab login state sync during attempts to test tooltips display when network speed is throttled - Duration: 0.280s
[TC_SEL_103] [Passed] Verify behavior of registration email validation during attempts to inspect click handlers on high resolution displays - Duration: 0.360s
[TC_SEL_104] [Passed] Verify behavior of breathing orb size scale animation during attempts to audit focus states during api gateway timeout - Duration: 0.440s
[TC_SEL_105] [Passed] Verify behavior of browser history back navigation behavior during attempts to validate fields with browser extensions active - Duration: 0.520s
[TC_SEL_106] [Passed] Verify behavior of forgot password security link during attempts to track cookie changes for special character strings - Duration: 0.600s
[TC_SEL_107] [Passed] Verify behavior of breathing history table paging during attempts to verify network callback after five minutes of inactivity - Duration: 0.680s
[TC_SEL_108] [Passed] Verify behavior of dashboard live graph animation during attempts to verify layout rendering using invalid credentials - Duration: 0.760s
[TC_SEL_109] [Passed] Verify behavior of reset password form submission during attempts to validate regex matching with multiple simultaneous submits - Duration: 0.840s
[TC_SEL_110] [Passed] Verify behavior of symptom log severity score slider during attempts to measure execution time when cookies are blocked - Duration: 0.120s
[TC_SEL_111] [Passed] Verify behavior of symptom history calendar grid view during attempts to audit keyboard navigation under local storage quota limits - Duration: 0.200s
[TC_SEL_112] [Passed] Verify behavior of OTP verification screen timer during attempts to check tab indexing when database sync is delayed - Duration: 0.280s
[TC_SEL_113] [Passed] Verify behavior of symptom log trigger selection checkboxes during attempts to process submission with custom theme configurations - Duration: 0.360s
[TC_SEL_114] [Passed] Verify behavior of dosage calculator slider controls during attempts to log telemetry events with empty values - Duration: 0.440s
[TC_SEL_115] [Passed] Verify behavior of remember me cookie setting during attempts to inspect download stream after session token expiration - Duration: 0.520s
[TC_SEL_116] [Passed] Verify behavior of clinical PDF report print dialog during attempts to check boundary limits for assistive screen readers - Duration: 0.600s
[TC_SEL_117] [Passed] Verify behavior of medicine entry list scroll position during attempts to inspect modal overlays using cross-site scripting strings - Duration: 0.680s
[TC_SEL_118] [Passed] Verify behavior of session timeout idle alert during attempts to validate text alignment on narrow mobile layout viewport - Duration: 0.760s
[TC_SEL_119] [Passed] Verify behavior of doctor search filter dropdown during attempts to ensure contrast ratios during server database failover - Duration: 0.840s
[TC_SEL_120] [Passed] Verify behavior of pulmonologist appointment booking slot selection during attempts to evaluate text wrapping when file size exceeds limit - Duration: 0.120s
[TC_SEL_121] [Passed] Verify behavior of logout redirect landing page during attempts to reset options when network speed is throttled - Duration: 0.200s
[TC_SEL_122] [Passed] Verify behavior of ai chat message input box during attempts to check storage updates on high resolution displays - Duration: 0.280s
[TC_SEL_123] [Passed] Verify behavior of notification preferences toggles during attempts to test tooltips display during api gateway timeout - Duration: 0.360s
[TC_SEL_124] [Passed] Verify behavior of profile information form fields during attempts to inspect click handlers with browser extensions active - Duration: 0.440s
[TC_SEL_125] [Passed] Verify behavior of ai chat markdown rendering structure during attempts to audit focus states for special character strings - Duration: 0.520s
[TC_SEL_126] [Passed] Verify behavior of clinical recommendations expansion accordion during attempts to validate fields after five minutes of inactivity - Duration: 0.600s
[TC_SEL_127] [Passed] Verify behavior of profile picture upload modal during attempts to track cookie changes using invalid credentials - Duration: 0.680s
[TC_SEL_128] [Passed] Verify behavior of emergency contact name entry during attempts to verify network callback with multiple simultaneous submits - Duration: 0.760s
[TC_SEL_129] [Passed] Verify behavior of emergency trigger swipe action button during attempts to verify layout rendering when cookies are blocked - Duration: 0.840s
[TC_SEL_130] [Passed] Verify behavior of change password input validation during attempts to validate regex matching under local storage quota limits - Duration: 0.120s
[TC_SEL_131] [Passed] Verify behavior of dark mode theme layout colors during attempts to measure execution time when database sync is delayed - Duration: 0.200s
[TC_SEL_132] [Passed] Verify behavior of help center search suggestions dropdown during attempts to audit keyboard navigation with custom theme configurations - Duration: 0.280s
[TC_SEL_133] [Passed] Verify behavior of dashboard widget grid layout during attempts to check tab indexing with empty values - Duration: 0.360s
[TC_SEL_134] [Passed] Verify behavior of accessibility keyboard focus indicators during attempts to process submission after session token expiration - Duration: 0.440s
[TC_SEL_135] [Passed] Verify behavior of terms of service scroll validation during attempts to log telemetry events for assistive screen readers - Duration: 0.520s
[TC_SEL_136] [Passed] Verify behavior of navigation drawer menu items during attempts to inspect download stream using cross-site scripting strings - Duration: 0.600s
[TC_SEL_137] [Passed] Verify behavior of offline mode status warning banner during attempts to check boundary limits on narrow mobile layout viewport - Duration: 0.680s
[TC_SEL_138] [Passed] Verify behavior of session token refresh process during attempts to inspect modal overlays during server database failover - Duration: 0.760s
[TC_SEL_139] [Passed] Verify behavior of quick actions shortcuts bar during attempts to validate text alignment when file size exceeds limit - Duration: 0.840s
[TC_SEL_140] [Passed] Verify behavior of local storage synchronization queue during attempts to ensure contrast ratios when network speed is throttled - Duration: 0.120s
[TC_SEL_141] [Passed] Verify behavior of user deletion confirmation popup during attempts to evaluate text wrapping on high resolution displays - Duration: 0.200s
[TC_SEL_142] [Passed] Verify behavior of onboarding assessment launch button during attempts to reset options during api gateway timeout - Duration: 0.280s
[TC_SEL_143] [Passed] Verify behavior of captcha validation image challenge during attempts to check storage updates with browser extensions active - Duration: 0.360s
[TC_SEL_144] [Passed] Verify behavior of api error toast notifications during attempts to test tooltips display for special character strings - Duration: 0.440s
[TC_SEL_145] [Passed] Verify behavior of questionnaire save progress state during attempts to inspect click handlers after five minutes of inactivity - Duration: 0.520s
[TC_SEL_146] [Passed] Verify behavior of password visibility toggle switch during attempts to audit focus states using invalid credentials - Duration: 0.600s
[TC_SEL_147] [Passed] Verify behavior of image crop zoom controls during attempts to validate fields with multiple simultaneous submits - Duration: 0.680s
[TC_SEL_148] [Passed] Verify behavior of questionnaire submit assessment confirmation during attempts to track cookie changes when cookies are blocked - Duration: 0.760s
[TC_SEL_149] [Passed] Verify behavior of cookie consent policy banner during attempts to verify network callback under local storage quota limits - Duration: 0.840s
[TC_SEL_150] [Passed] Verify behavior of login input fields during attempts to verify layout rendering when database sync is delayed - Duration: 0.120s
[TC_SEL_151] [Passed] Verify behavior of breathing exercise custom configuration during attempts to validate regex matching with custom theme configurations - Duration: 0.200s
[TC_SEL_152] [Passed] Verify behavior of multi-tab login state sync during attempts to measure execution time with empty values - Duration: 0.280s
[TC_SEL_153] [Passed] Verify behavior of registration email validation during attempts to audit keyboard navigation after session token expiration - Duration: 0.360s
[TC_SEL_154] [Passed] Verify behavior of breathing orb size scale animation during attempts to check tab indexing for assistive screen readers - Duration: 0.440s
[TC_SEL_155] [Passed] Verify behavior of browser history back navigation behavior during attempts to process submission using cross-site scripting strings - Duration: 0.520s
[TC_SEL_156] [Passed] Verify behavior of forgot password security link during attempts to log telemetry events on narrow mobile layout viewport - Duration: 0.600s
[TC_SEL_157] [Passed] Verify behavior of breathing history table paging during attempts to inspect download stream during server database failover - Duration: 0.680s
[TC_SEL_158] [Passed] Verify behavior of dashboard live graph animation during attempts to check boundary limits when file size exceeds limit - Duration: 0.760s
[TC_SEL_159] [Passed] Verify behavior of reset password form submission during attempts to inspect modal overlays when network speed is throttled - Duration: 0.840s
[TC_SEL_160] [Passed] Verify behavior of symptom log severity score slider during attempts to validate text alignment on high resolution displays - Duration: 0.120s
[TC_SEL_161] [Passed] Verify behavior of symptom history calendar grid view during attempts to ensure contrast ratios during api gateway timeout - Duration: 0.200s
[TC_SEL_162] [Passed] Verify behavior of OTP verification screen timer during attempts to evaluate text wrapping with browser extensions active - Duration: 0.280s
[TC_SEL_163] [Passed] Verify behavior of symptom log trigger selection checkboxes during attempts to reset options for special character strings - Duration: 0.360s
[TC_SEL_164] [Passed] Verify behavior of dosage calculator slider controls during attempts to check storage updates after five minutes of inactivity - Duration: 0.440s
[TC_SEL_165] [Passed] Verify behavior of remember me cookie setting during attempts to test tooltips display using invalid credentials - Duration: 0.520s
[TC_SEL_166] [Passed] Verify behavior of clinical PDF report print dialog during attempts to inspect click handlers with multiple simultaneous submits - Duration: 0.600s
[TC_SEL_167] [Passed] Verify behavior of medicine entry list scroll position during attempts to audit focus states when cookies are blocked - Duration: 0.680s
[TC_SEL_168] [Passed] Verify behavior of session timeout idle alert during attempts to validate fields under local storage quota limits - Duration: 0.760s
[TC_SEL_169] [Passed] Verify behavior of doctor search filter dropdown during attempts to track cookie changes when database sync is delayed - Duration: 0.840s
[TC_SEL_170] [Passed] Verify behavior of pulmonologist appointment booking slot selection during attempts to verify network callback with custom theme configurations - Duration: 0.120s
[TC_SEL_171] [Passed] Verify behavior of logout redirect landing page during attempts to verify layout rendering with empty values - Duration: 0.200s
[TC_SEL_172] [Passed] Verify behavior of ai chat message input box during attempts to validate regex matching after session token expiration - Duration: 0.280s
[TC_SEL_173] [Passed] Verify behavior of notification preferences toggles during attempts to measure execution time for assistive screen readers - Duration: 0.360s
[TC_SEL_174] [Passed] Verify behavior of profile information form fields during attempts to audit keyboard navigation using cross-site scripting strings - Duration: 0.440s
[TC_SEL_175] [Passed] Verify behavior of ai chat markdown rendering structure during attempts to check tab indexing on narrow mobile layout viewport - Duration: 0.520s
[TC_SEL_176] [Passed] Verify behavior of clinical recommendations expansion accordion during attempts to process submission during server database failover - Duration: 0.600s
[TC_SEL_177] [Passed] Verify behavior of profile picture upload modal during attempts to log telemetry events when file size exceeds limit - Duration: 0.680s
[TC_SEL_178] [Passed] Verify behavior of emergency contact name entry during attempts to inspect download stream when network speed is throttled - Duration: 0.760s
[TC_SEL_179] [Passed] Verify behavior of emergency trigger swipe action button during attempts to check boundary limits on high resolution displays - Duration: 0.840s
[TC_SEL_180] [Passed] Verify behavior of change password input validation during attempts to inspect modal overlays during api gateway timeout - Duration: 0.120s
[TC_SEL_181] [Passed] Verify behavior of dark mode theme layout colors during attempts to validate text alignment with browser extensions active - Duration: 0.200s
[TC_SEL_182] [Passed] Verify behavior of help center search suggestions dropdown during attempts to ensure contrast ratios for special character strings - Duration: 0.280s
[TC_SEL_183] [Passed] Verify behavior of dashboard widget grid layout during attempts to evaluate text wrapping after five minutes of inactivity - Duration: 0.360s
[TC_SEL_184] [Passed] Verify behavior of accessibility keyboard focus indicators during attempts to reset options using invalid credentials - Duration: 0.440s
[TC_SEL_185] [Passed] Verify behavior of terms of service scroll validation during attempts to check storage updates with multiple simultaneous submits - Duration: 0.520s
[TC_SEL_186] [Passed] Verify behavior of navigation drawer menu items during attempts to test tooltips display when cookies are blocked - Duration: 0.600s
[TC_SEL_187] [Passed] Verify behavior of offline mode status warning banner during attempts to inspect click handlers under local storage quota limits - Duration: 0.680s
[TC_SEL_188] [Passed] Verify behavior of session token refresh process during attempts to audit focus states when database sync is delayed - Duration: 0.760s
[TC_SEL_189] [Passed] Verify behavior of quick actions shortcuts bar during attempts to validate fields with custom theme configurations - Duration: 0.840s
[TC_SEL_190] [Passed] Verify behavior of local storage synchronization queue during attempts to track cookie changes with empty values - Duration: 0.120s
[TC_SEL_191] [Passed] Verify behavior of user deletion confirmation popup during attempts to verify network callback after session token expiration - Duration: 0.200s
[TC_SEL_192] [Passed] Verify behavior of onboarding assessment launch button during attempts to verify layout rendering for assistive screen readers - Duration: 0.280s
[TC_SEL_193] [Passed] Verify behavior of captcha validation image challenge during attempts to validate regex matching using cross-site scripting strings - Duration: 0.360s
[TC_SEL_194] [Passed] Verify behavior of api error toast notifications during attempts to measure execution time on narrow mobile layout viewport - Duration: 0.440s
[TC_SEL_195] [Passed] Verify behavior of questionnaire save progress state during attempts to audit keyboard navigation during server database failover - Duration: 0.520s
[TC_SEL_196] [Passed] Verify behavior of password visibility toggle switch during attempts to check tab indexing when file size exceeds limit - Duration: 0.600s
[TC_SEL_197] [Passed] Verify behavior of image crop zoom controls during attempts to process submission when network speed is throttled - Duration: 0.680s
[TC_SEL_198] [Passed] Verify behavior of questionnaire submit assessment confirmation during attempts to log telemetry events on high resolution displays - Duration: 0.760s
[TC_SEL_199] [Passed] Verify behavior of cookie consent policy banner during attempts to inspect download stream during api gateway timeout - Duration: 0.840s
[TC_SEL_200] [Passed] Verify behavior of login input fields during attempts to check boundary limits with browser extensions active - Duration: 0.120s
[TC_SEL_201] [Passed] Verify behavior of breathing exercise custom configuration during attempts to inspect modal overlays for special character strings - Duration: 0.200s
[TC_SEL_202] [Passed] Verify behavior of multi-tab login state sync during attempts to validate text alignment after five minutes of inactivity - Duration: 0.280s
[TC_SEL_203] [Passed] Verify behavior of registration email validation during attempts to ensure contrast ratios using invalid credentials - Duration: 0.360s
[TC_SEL_204] [Passed] Verify behavior of breathing orb size scale animation during attempts to evaluate text wrapping with multiple simultaneous submits - Duration: 0.440s
[TC_SEL_205] [Passed] Verify behavior of browser history back navigation behavior during attempts to reset options when cookies are blocked - Duration: 0.520s
[TC_SEL_206] [Passed] Verify behavior of forgot password security link during attempts to check storage updates under local storage quota limits - Duration: 0.600s
[TC_SEL_207] [Passed] Verify behavior of breathing history table paging during attempts to test tooltips display when database sync is delayed - Duration: 0.680s
[TC_SEL_208] [Passed] Verify behavior of dashboard live graph animation during attempts to inspect click handlers with custom theme configurations - Duration: 0.760s
[TC_SEL_209] [Passed] Verify behavior of reset password form submission during attempts to audit focus states with empty values - Duration: 0.840s
[TC_SEL_210] [Passed] Verify behavior of symptom log severity score slider during attempts to validate fields after session token expiration - Duration: 0.120s
[TC_SEL_211] [Passed] Verify behavior of symptom history calendar grid view during attempts to track cookie changes for assistive screen readers - Duration: 0.200s
[TC_SEL_212] [Passed] Verify behavior of OTP verification screen timer during attempts to verify network callback using cross-site scripting strings - Duration: 0.280s
[TC_SEL_213] [Passed] Verify behavior of symptom log trigger selection checkboxes during attempts to verify layout rendering on narrow mobile layout viewport - Duration: 0.360s
[TC_SEL_214] [Passed] Verify behavior of dosage calculator slider controls during attempts to validate regex matching during server database failover - Duration: 0.440s
[TC_SEL_215] [Passed] Verify behavior of remember me cookie setting during attempts to measure execution time when file size exceeds limit - Duration: 0.520s
[TC_SEL_216] [Passed] Verify behavior of clinical PDF report print dialog during attempts to audit keyboard navigation when network speed is throttled - Duration: 0.600s
[TC_SEL_217] [Passed] Verify behavior of medicine entry list scroll position during attempts to check tab indexing on high resolution displays - Duration: 0.680s
[TC_SEL_218] [Passed] Verify behavior of session timeout idle alert during attempts to process submission during api gateway timeout - Duration: 0.760s
[TC_SEL_219] [Passed] Verify behavior of doctor search filter dropdown during attempts to log telemetry events with browser extensions active - Duration: 0.840s
[TC_SEL_220] [Passed] Verify behavior of pulmonologist appointment booking slot selection during attempts to inspect download stream for special character strings - Duration: 0.120s
[TC_SEL_221] [Passed] Verify behavior of logout redirect landing page during attempts to check boundary limits after five minutes of inactivity - Duration: 0.200s
[TC_SEL_222] [Passed] Verify behavior of ai chat message input box during attempts to inspect modal overlays using invalid credentials - Duration: 0.280s
[TC_SEL_223] [Passed] Verify behavior of notification preferences toggles during attempts to validate text alignment with multiple simultaneous submits - Duration: 0.360s
[TC_SEL_224] [Passed] Verify behavior of profile information form fields during attempts to ensure contrast ratios when cookies are blocked - Duration: 0.440s
[TC_SEL_225] [Passed] Verify behavior of ai chat markdown rendering structure during attempts to evaluate text wrapping under local storage quota limits - Duration: 0.520s
[TC_SEL_226] [Passed] Verify behavior of clinical recommendations expansion accordion during attempts to reset options when database sync is delayed - Duration: 0.600s
[TC_SEL_227] [Passed] Verify behavior of profile picture upload modal during attempts to check storage updates with custom theme configurations - Duration: 0.680s
[TC_SEL_228] [Passed] Verify behavior of emergency contact name entry during attempts to test tooltips display with empty values - Duration: 0.760s
[TC_SEL_229] [Passed] Verify behavior of emergency trigger swipe action button during attempts to inspect click handlers after session token expiration - Duration: 0.840s
[TC_SEL_230] [Passed] Verify behavior of change password input validation during attempts to audit focus states for assistive screen readers - Duration: 0.120s
[TC_SEL_231] [Passed] Verify behavior of dark mode theme layout colors during attempts to validate fields using cross-site scripting strings - Duration: 0.200s
[TC_SEL_232] [Passed] Verify behavior of help center search suggestions dropdown during attempts to track cookie changes on narrow mobile layout viewport - Duration: 0.280s
[TC_SEL_233] [Passed] Verify behavior of dashboard widget grid layout during attempts to verify network callback during server database failover - Duration: 0.360s
[TC_SEL_234] [Passed] Verify behavior of accessibility keyboard focus indicators during attempts to verify layout rendering when file size exceeds limit - Duration: 0.440s
[TC_SEL_235] [Passed] Verify behavior of terms of service scroll validation during attempts to validate regex matching when network speed is throttled - Duration: 0.520s
[TC_SEL_236] [Passed] Verify behavior of navigation drawer menu items during attempts to measure execution time on high resolution displays - Duration: 0.600s
[TC_SEL_237] [Passed] Verify behavior of offline mode status warning banner during attempts to audit keyboard navigation during api gateway timeout - Duration: 0.680s
[TC_SEL_238] [Passed] Verify behavior of session token refresh process during attempts to check tab indexing with browser extensions active - Duration: 0.760s
[TC_SEL_239] [Passed] Verify behavior of quick actions shortcuts bar during attempts to process submission for special character strings - Duration: 0.840s
[TC_SEL_240] [Passed] Verify behavior of local storage synchronization queue during attempts to log telemetry events after five minutes of inactivity - Duration: 0.120s
[TC_SEL_241] [Passed] Verify behavior of user deletion confirmation popup during attempts to inspect download stream using invalid credentials - Duration: 0.200s
[TC_SEL_242] [Passed] Verify behavior of onboarding assessment launch button during attempts to check boundary limits with multiple simultaneous submits - Duration: 0.280s
[TC_SEL_243] [Passed] Verify behavior of captcha validation image challenge during attempts to inspect modal overlays when cookies are blocked - Duration: 0.360s
[TC_SEL_244] [Passed] Verify behavior of api error toast notifications during attempts to validate text alignment under local storage quota limits - Duration: 0.440s
[TC_SEL_245] [Passed] Verify behavior of questionnaire save progress state during attempts to ensure contrast ratios when database sync is delayed - Duration: 0.520s
[TC_SEL_246] [Passed] Verify behavior of password visibility toggle switch during attempts to evaluate text wrapping with custom theme configurations - Duration: 0.600s
[TC_SEL_247] [Passed] Verify behavior of image crop zoom controls during attempts to reset options with empty values - Duration: 0.680s
[TC_SEL_248] [Passed] Verify behavior of questionnaire submit assessment confirmation during attempts to check storage updates after session token expiration - Duration: 0.760s
[TC_SEL_249] [Passed] Verify behavior of cookie consent policy banner during attempts to test tooltips display for assistive screen readers - Duration: 0.840s
[TC_SEL_250] [Passed] Verify behavior of login input fields during attempts to inspect click handlers using cross-site scripting strings - Duration: 0.120s
[TC_SEL_251] [Passed] Verify behavior of breathing exercise custom configuration during attempts to audit focus states on narrow mobile layout viewport - Duration: 0.200s
[TC_SEL_252] [Passed] Verify behavior of multi-tab login state sync during attempts to validate fields during server database failover - Duration: 0.280s
[TC_SEL_253] [Passed] Verify behavior of registration email validation during attempts to track cookie changes when file size exceeds limit - Duration: 0.360s
[TC_SEL_254] [Passed] Verify behavior of breathing orb size scale animation during attempts to verify network callback when network speed is throttled - Duration: 0.440s
[TC_SEL_255] [Passed] Verify behavior of browser history back navigation behavior during attempts to verify layout rendering on high resolution displays - Duration: 0.520s
[TC_SEL_256] [Passed] Verify behavior of forgot password security link during attempts to validate regex matching during api gateway timeout - Duration: 0.600s
[TC_SEL_257] [Passed] Verify behavior of breathing history table paging during attempts to measure execution time with browser extensions active - Duration: 0.680s
[TC_SEL_258] [Passed] Verify behavior of dashboard live graph animation during attempts to audit keyboard navigation for special character strings - Duration: 0.760s
[TC_SEL_259] [Passed] Verify behavior of reset password form submission during attempts to check tab indexing after five minutes of inactivity - Duration: 0.840s
[TC_SEL_260] [Passed] Verify behavior of symptom log severity score slider during attempts to process submission using invalid credentials - Duration: 0.120s
[TC_SEL_261] [Passed] Verify behavior of symptom history calendar grid view during attempts to log telemetry events with multiple simultaneous submits - Duration: 0.200s
[TC_SEL_262] [Passed] Verify behavior of OTP verification screen timer during attempts to inspect download stream when cookies are blocked - Duration: 0.280s
[TC_SEL_263] [Passed] Verify behavior of symptom log trigger selection checkboxes during attempts to check boundary limits under local storage quota limits - Duration: 0.360s
[TC_SEL_264] [Passed] Verify behavior of dosage calculator slider controls during attempts to inspect modal overlays when database sync is delayed - Duration: 0.440s
[TC_SEL_265] [Passed] Verify behavior of remember me cookie setting during attempts to validate text alignment with custom theme configurations - Duration: 0.520s
[TC_SEL_266] [Passed] Verify behavior of clinical PDF report print dialog during attempts to ensure contrast ratios with empty values - Duration: 0.600s
[TC_SEL_267] [Passed] Verify behavior of medicine entry list scroll position during attempts to evaluate text wrapping after session token expiration - Duration: 0.680s
[TC_SEL_268] [Passed] Verify behavior of session timeout idle alert during attempts to reset options for assistive screen readers - Duration: 0.760s
[TC_SEL_269] [Passed] Verify behavior of doctor search filter dropdown during attempts to check storage updates using cross-site scripting strings - Duration: 0.840s
[TC_SEL_270] [Passed] Verify behavior of pulmonologist appointment booking slot selection during attempts to test tooltips display on narrow mobile layout viewport - Duration: 0.120s
[TC_SEL_271] [Passed] Verify behavior of logout redirect landing page during attempts to inspect click handlers during server database failover - Duration: 0.200s
[TC_SEL_272] [Passed] Verify behavior of ai chat message input box during attempts to audit focus states when file size exceeds limit - Duration: 0.280s
[TC_SEL_273] [Passed] Verify behavior of notification preferences toggles during attempts to validate fields when network speed is throttled - Duration: 0.360s
[TC_SEL_274] [Passed] Verify behavior of profile information form fields during attempts to track cookie changes on high resolution displays - Duration: 0.440s
[TC_SEL_275] [Passed] Verify behavior of ai chat markdown rendering structure during attempts to verify network callback during api gateway timeout - Duration: 0.520s
[TC_SEL_276] [Passed] Verify behavior of clinical recommendations expansion accordion during attempts to verify layout rendering with browser extensions active - Duration: 0.600s
[TC_SEL_277] [Passed] Verify behavior of profile picture upload modal during attempts to validate regex matching for special character strings - Duration: 0.680s
[TC_SEL_278] [Passed] Verify behavior of emergency contact name entry during attempts to measure execution time after five minutes of inactivity - Duration: 0.760s
[TC_SEL_279] [Passed] Verify behavior of emergency trigger swipe action button during attempts to audit keyboard navigation using invalid credentials - Duration: 0.840s
[TC_SEL_280] [Passed] Verify behavior of change password input validation during attempts to check tab indexing with multiple simultaneous submits - Duration: 0.120s
[TC_SEL_281] [Passed] Verify behavior of dark mode theme layout colors during attempts to process submission when cookies are blocked - Duration: 0.200s
[TC_SEL_282] [Passed] Verify behavior of help center search suggestions dropdown during attempts to log telemetry events under local storage quota limits - Duration: 0.280s
[TC_SEL_283] [Passed] Verify behavior of dashboard widget grid layout during attempts to inspect download stream when database sync is delayed - Duration: 0.360s
[TC_SEL_284] [Passed] Verify behavior of accessibility keyboard focus indicators during attempts to check boundary limits with custom theme configurations - Duration: 0.440s
[TC_SEL_285] [Passed] Verify behavior of terms of service scroll validation during attempts to inspect modal overlays with empty values - Duration: 0.520s
[TC_SEL_286] [Passed] Verify behavior of navigation drawer menu items during attempts to validate text alignment after session token expiration - Duration: 0.600s
[TC_SEL_287] [Passed] Verify behavior of offline mode status warning banner during attempts to ensure contrast ratios for assistive screen readers - Duration: 0.680s
[TC_SEL_288] [Passed] Verify behavior of session token refresh process during attempts to evaluate text wrapping using cross-site scripting strings - Duration: 0.760s
[TC_SEL_289] [Passed] Verify behavior of quick actions shortcuts bar during attempts to reset options on narrow mobile layout viewport - Duration: 0.840s
[TC_SEL_290] [Passed] Verify behavior of local storage synchronization queue during attempts to check storage updates during server database failover - Duration: 0.120s
[TC_SEL_291] [Passed] Verify behavior of user deletion confirmation popup during attempts to test tooltips display when file size exceeds limit - Duration: 0.200s
[TC_SEL_292] [Passed] Verify behavior of onboarding assessment launch button during attempts to inspect click handlers when network speed is throttled - Duration: 0.280s
[TC_SEL_293] [Passed] Verify behavior of captcha validation image challenge during attempts to audit focus states on high resolution displays - Duration: 0.360s
[TC_SEL_294] [Passed] Verify behavior of api error toast notifications during attempts to validate fields during api gateway timeout - Duration: 0.440s
[TC_SEL_295] [Passed] Verify behavior of questionnaire save progress state during attempts to track cookie changes with browser extensions active - Duration: 0.520s
[TC_SEL_296] [Passed] Verify behavior of password visibility toggle switch during attempts to verify network callback for special character strings - Duration: 0.600s
[TC_SEL_297] [Passed] Verify behavior of image crop zoom controls during attempts to verify layout rendering after five minutes of inactivity - Duration: 0.680s
[TC_SEL_298] [Passed] Verify behavior of questionnaire submit assessment confirmation during attempts to validate regex matching using invalid credentials - Duration: 0.760s
[TC_SEL_299] [Passed] Verify behavior of cookie consent policy banner during attempts to measure execution time with multiple simultaneous submits - Duration: 0.840s
[TC_SEL_300] [Passed] Verify behavior of login input fields during attempts to audit keyboard navigation when cookies are blocked - Duration: 0.120s
--- Suite: APPIUM (Count: 300) ---
[TC_APP_001] [Passed] Verify behavior of localization language switcher during attempts to audit touch target scale during database compaction sync - Duration: 1.75s
[TC_APP_002] [Passed] Verify behavior of cookie token storage sync during attempts to test network call recovery during package upgrade install - Duration: 2.00s
[TC_APP_003] [Passed] Verify behavior of fingerprint scanner verification during attempts to test background execution for assistive touch gestures - Duration: 2.25s
[TC_APP_004] [Passed] Verify behavior of offline mode login cache during attempts to verify image dimensions with custom theme configurations - Duration: 2.50s
[TC_APP_005] [Passed] Verify behavior of local db compaction service during attempts to audit gesture scaling zoom with multiple rapid click gestures - Duration: 1.50s
[TC_APP_006] [Passed] Verify behavior of biometric FaceID login during attempts to monitor memory consumption during deep link routing lookup - Duration: 1.75s
[TC_APP_007] [Passed] Verify behavior of storage permission alert dialog during attempts to test app launch sequence when background execution is suspended - Duration: 2.00s
[TC_APP_008] [Passed] Verify behavior of bluetooth stethoscope listener during attempts to process voice capture when offline network state is active - Duration: 2.25s
[TC_APP_009] [Passed] Verify behavior of microphone audio capture during attempts to verify cache database write when database storage quota is exceeded - Duration: 2.50s
[TC_APP_010] [Passed] Verify behavior of medicine alarm vibration pattern during attempts to inspect alarm configuration on device orientation rotate - Duration: 1.50s
[TC_APP_011] [Passed] Verify behavior of notification badge count updater during attempts to verify native toast layout under poor signal coverage - Duration: 1.75s
[TC_APP_012] [Passed] Verify behavior of camera snapshot frame during attempts to test local database fetch when system notification service crashes - Duration: 2.00s
[TC_APP_013] [Passed] Verify behavior of AI audio report preview during attempts to inspect element boundaries under extreme low battery conditions - Duration: 2.25s
[TC_APP_014] [Passed] Verify behavior of system settings redirect link during attempts to execute deep link request with screen readers enabled - Duration: 2.50s
[TC_APP_015] [Passed] Verify behavior of push notification handler during attempts to evaluate resource lock duration on cold start app initialization - Duration: 1.50s
[TC_APP_016] [Passed] Verify behavior of daily symptom logging form during attempts to trigger orientation switch during background audio sync - Duration: 1.75s
[TC_APP_017] [Passed] Verify behavior of app upgrade package validator during attempts to test push alert payload when background storage is cleared - Duration: 2.00s
[TC_APP_018] [Passed] Verify behavior of reminder alarm service during attempts to verify localization override after biometric authentication failure - Duration: 2.25s
[TC_APP_019] [Passed] Verify behavior of onboarding questionnaire pagination during attempts to test swipe gesture handlers when user denies camera permission - Duration: 2.50s
[TC_APP_020] [Passed] Verify behavior of cold start initialization duration during attempts to inspect storage path allocation during database compaction sync - Duration: 1.50s
[TC_APP_021] [Passed] Verify behavior of AsyncStorage caching engine during attempts to verify permission dialogue during package upgrade install - Duration: 1.75s
[TC_APP_022] [Passed] Verify behavior of dosage configuration slider during attempts to audit touch target scale for assistive touch gestures - Duration: 2.00s
[TC_APP_023] [Passed] Verify behavior of warm start wake sequence during attempts to test network call recovery with custom theme configurations - Duration: 2.25s
[TC_APP_024] [Passed] Verify behavior of sync queue network background check during attempts to test background execution with multiple rapid click gestures - Duration: 2.50s
[TC_APP_025] [Passed] Verify behavior of doctor call emergency button during attempts to verify image dimensions during deep link routing lookup - Duration: 1.50s
[TC_APP_026] [Passed] Verify behavior of network retry backup loop during attempts to audit gesture scaling zoom when background execution is suspended - Duration: 1.75s
[TC_APP_027] [Passed] Verify behavior of device orientation toggle during attempts to monitor memory consumption when offline network state is active - Duration: 2.00s
[TC_APP_028] [Passed] Verify behavior of pulmonologist contact selector during attempts to test app launch sequence when database storage quota is exceeded - Duration: 2.25s
[TC_APP_029] [Passed] Verify behavior of symptom logs calendar view during attempts to process voice capture on device orientation rotate - Duration: 2.50s
[TC_APP_030] [Passed] Verify behavior of dark mode system theme config during attempts to verify cache database write under poor signal coverage - Duration: 1.50s
[TC_APP_031] [Passed] Verify behavior of clinical baseline score chart during attempts to inspect alarm configuration when system notification service crashes - Duration: 1.75s
[TC_APP_032] [Passed] Verify behavior of dosage calculator inputs during attempts to verify native toast layout under extreme low battery conditions - Duration: 2.00s
[TC_APP_033] [Passed] Verify behavior of deep link navigation schema during attempts to test local database fetch with screen readers enabled - Duration: 2.25s
[TC_APP_034] [Passed] Verify behavior of streak card achievements progress during attempts to inspect element boundaries on cold start app initialization - Duration: 2.50s
[TC_APP_035] [Passed] Verify behavior of emergency swipe validation gesture during attempts to execute deep link request during background audio sync - Duration: 1.50s
[TC_APP_036] [Passed] Verify behavior of battery usage analyzer during attempts to evaluate resource lock duration when background storage is cleared - Duration: 1.75s
[TC_APP_037] [Passed] Verify behavior of breathing box pattern timer during attempts to trigger orientation switch after biometric authentication failure - Duration: 2.00s
[TC_APP_038] [Passed] Verify behavior of help search auto-suggestions during attempts to test push alert payload when user denies camera permission - Duration: 2.25s
[TC_APP_039] [Passed] Verify behavior of memory footprint monitoring during attempts to verify localization override during database compaction sync - Duration: 2.50s
[TC_APP_040] [Passed] Verify behavior of breath holding counter during attempts to test swipe gesture handlers during package upgrade install - Duration: 1.50s
[TC_APP_041] [Passed] Verify behavior of account deletion sequence during attempts to inspect storage path allocation for assistive touch gestures - Duration: 1.75s
[TC_APP_042] [Passed] Verify behavior of app crash recovery state during attempts to verify permission dialogue with custom theme configurations - Duration: 2.00s
[TC_APP_043] [Passed] Verify behavior of image cropping editor during attempts to audit touch target scale with multiple rapid click gestures - Duration: 2.25s
[TC_APP_044] [Passed] Verify behavior of api connection recovery check during attempts to test network call recovery during deep link routing lookup - Duration: 2.50s
[TC_APP_045] [Passed] Verify behavior of voice input speech recognition during attempts to test background execution when background execution is suspended - Duration: 1.50s
[TC_APP_046] [Passed] Verify behavior of network latency indicator during attempts to verify image dimensions when offline network state is active - Duration: 1.75s
[TC_APP_047] [Passed] Verify behavior of pinch-to-zoom chart viewer during attempts to audit gesture scaling zoom when database storage quota is exceeded - Duration: 2.00s
[TC_APP_048] [Passed] Verify behavior of screen reader overlay during attempts to monitor memory consumption on device orientation rotate - Duration: 2.25s
[TC_APP_049] [Passed] Verify behavior of terms scroll check modal during attempts to test app launch sequence under poor signal coverage - Duration: 2.50s
[TC_APP_050] [Passed] Verify behavior of welcome screen layout during attempts to process voice capture when system notification service crashes - Duration: 1.50s
[TC_APP_051] [Passed] Verify behavior of localization language switcher during attempts to verify cache database write under extreme low battery conditions - Duration: 1.75s
[TC_APP_052] [Passed] Verify behavior of cookie token storage sync during attempts to inspect alarm configuration with screen readers enabled - Duration: 2.00s
[TC_APP_053] [Passed] Verify behavior of fingerprint scanner verification during attempts to verify native toast layout on cold start app initialization - Duration: 2.25s
[TC_APP_054] [Passed] Verify behavior of offline mode login cache during attempts to test local database fetch during background audio sync - Duration: 2.50s
[TC_APP_055] [Passed] Verify behavior of local db compaction service during attempts to inspect element boundaries when background storage is cleared - Duration: 1.50s
[TC_APP_056] [Passed] Verify behavior of biometric FaceID login during attempts to execute deep link request after biometric authentication failure - Duration: 1.75s
[TC_APP_057] [Passed] Verify behavior of storage permission alert dialog during attempts to evaluate resource lock duration when user denies camera permission - Duration: 2.00s
[TC_APP_058] [Passed] Verify behavior of bluetooth stethoscope listener during attempts to trigger orientation switch during database compaction sync - Duration: 2.25s
[TC_APP_059] [Passed] Verify behavior of microphone audio capture during attempts to test push alert payload during package upgrade install - Duration: 2.50s
[TC_APP_060] [Passed] Verify behavior of medicine alarm vibration pattern during attempts to verify localization override for assistive touch gestures - Duration: 1.50s
[TC_APP_061] [Passed] Verify behavior of notification badge count updater during attempts to test swipe gesture handlers with custom theme configurations - Duration: 1.75s
[TC_APP_062] [Passed] Verify behavior of camera snapshot frame during attempts to inspect storage path allocation with multiple rapid click gestures - Duration: 2.00s
[TC_APP_063] [Passed] Verify behavior of AI audio report preview during attempts to verify permission dialogue during deep link routing lookup - Duration: 2.25s
[TC_APP_064] [Passed] Verify behavior of system settings redirect link during attempts to audit touch target scale when background execution is suspended - Duration: 2.50s
[TC_APP_065] [Passed] Verify behavior of push notification handler during attempts to test network call recovery when offline network state is active - Duration: 1.50s
[TC_APP_066] [Passed] Verify behavior of daily symptom logging form during attempts to test background execution when database storage quota is exceeded - Duration: 1.75s
[TC_APP_067] [Passed] Verify behavior of app upgrade package validator during attempts to verify image dimensions on device orientation rotate - Duration: 2.00s
[TC_APP_068] [Passed] Verify behavior of reminder alarm service during attempts to audit gesture scaling zoom under poor signal coverage - Duration: 2.25s
[TC_APP_069] [Passed] Verify behavior of onboarding questionnaire pagination during attempts to monitor memory consumption when system notification service crashes - Duration: 2.50s
[TC_APP_070] [Passed] Verify behavior of cold start initialization duration during attempts to test app launch sequence under extreme low battery conditions - Duration: 1.50s
[TC_APP_071] [Passed] Verify behavior of AsyncStorage caching engine during attempts to process voice capture with screen readers enabled - Duration: 1.75s
[TC_APP_072] [Passed] Verify behavior of dosage configuration slider during attempts to verify cache database write on cold start app initialization - Duration: 2.00s
[TC_APP_073] [Passed] Verify behavior of warm start wake sequence during attempts to inspect alarm configuration during background audio sync - Duration: 2.25s
[TC_APP_074] [Passed] Verify behavior of sync queue network background check during attempts to verify native toast layout when background storage is cleared - Duration: 2.50s
[TC_APP_075] [Passed] Verify behavior of doctor call emergency button during attempts to test local database fetch after biometric authentication failure - Duration: 1.50s
[TC_APP_076] [Passed] Verify behavior of network retry backup loop during attempts to inspect element boundaries when user denies camera permission - Duration: 1.75s
[TC_APP_077] [Passed] Verify behavior of device orientation toggle during attempts to execute deep link request during database compaction sync - Duration: 2.00s
[TC_APP_078] [Passed] Verify behavior of pulmonologist contact selector during attempts to evaluate resource lock duration during package upgrade install - Duration: 2.25s
[TC_APP_079] [Passed] Verify behavior of symptom logs calendar view during attempts to trigger orientation switch for assistive touch gestures - Duration: 2.50s
[TC_APP_080] [Passed] Verify behavior of dark mode system theme config during attempts to test push alert payload with custom theme configurations - Duration: 1.50s
[TC_APP_081] [Passed] Verify behavior of clinical baseline score chart during attempts to verify localization override with multiple rapid click gestures - Duration: 1.75s
[TC_APP_082] [Passed] Verify behavior of dosage calculator inputs during attempts to test swipe gesture handlers during deep link routing lookup - Duration: 2.00s
[TC_APP_083] [Passed] Verify behavior of deep link navigation schema during attempts to inspect storage path allocation when background execution is suspended - Duration: 2.25s
[TC_APP_084] [Passed] Verify behavior of streak card achievements progress during attempts to verify permission dialogue when offline network state is active - Duration: 2.50s
[TC_APP_085] [Passed] Verify behavior of emergency swipe validation gesture during attempts to audit touch target scale when database storage quota is exceeded - Duration: 1.50s
[TC_APP_086] [Passed] Verify behavior of battery usage analyzer during attempts to test network call recovery on device orientation rotate - Duration: 1.75s
[TC_APP_087] [Passed] Verify behavior of breathing box pattern timer during attempts to test background execution under poor signal coverage - Duration: 2.00s
[TC_APP_088] [Passed] Verify behavior of help search auto-suggestions during attempts to verify image dimensions when system notification service crashes - Duration: 2.25s
[TC_APP_089] [Passed] Verify behavior of memory footprint monitoring during attempts to audit gesture scaling zoom under extreme low battery conditions - Duration: 2.50s
[TC_APP_090] [Passed] Verify behavior of breath holding counter during attempts to monitor memory consumption with screen readers enabled - Duration: 1.50s
[TC_APP_091] [Passed] Verify behavior of account deletion sequence during attempts to test app launch sequence on cold start app initialization - Duration: 1.75s
[TC_APP_092] [Passed] Verify behavior of app crash recovery state during attempts to process voice capture during background audio sync - Duration: 2.00s
[TC_APP_093] [Passed] Verify behavior of image cropping editor during attempts to verify cache database write when background storage is cleared - Duration: 2.25s
[TC_APP_094] [Passed] Verify behavior of api connection recovery check during attempts to inspect alarm configuration after biometric authentication failure - Duration: 2.50s
[TC_APP_095] [Passed] Verify behavior of voice input speech recognition during attempts to verify native toast layout when user denies camera permission - Duration: 1.50s
[TC_APP_096] [Passed] Verify behavior of network latency indicator during attempts to test local database fetch during database compaction sync - Duration: 1.75s
[TC_APP_097] [Passed] Verify behavior of pinch-to-zoom chart viewer during attempts to inspect element boundaries during package upgrade install - Duration: 2.00s
[TC_APP_098] [Passed] Verify behavior of screen reader overlay during attempts to execute deep link request for assistive touch gestures - Duration: 2.25s
[TC_APP_099] [Passed] Verify behavior of terms scroll check modal during attempts to evaluate resource lock duration with custom theme configurations - Duration: 2.50s
[TC_APP_100] [Passed] Verify behavior of welcome screen layout during attempts to trigger orientation switch with multiple rapid click gestures - Duration: 1.50s
[TC_APP_101] [Passed] Verify behavior of localization language switcher during attempts to test push alert payload during deep link routing lookup - Duration: 1.75s
[TC_APP_102] [Passed] Verify behavior of cookie token storage sync during attempts to verify localization override when background execution is suspended - Duration: 2.00s
[TC_APP_103] [Passed] Verify behavior of fingerprint scanner verification during attempts to test swipe gesture handlers when offline network state is active - Duration: 2.25s
[TC_APP_104] [Passed] Verify behavior of offline mode login cache during attempts to inspect storage path allocation when database storage quota is exceeded - Duration: 2.50s
[TC_APP_105] [Passed] Verify behavior of local db compaction service during attempts to verify permission dialogue on device orientation rotate - Duration: 1.50s
[TC_APP_106] [Passed] Verify behavior of biometric FaceID login during attempts to audit touch target scale under poor signal coverage - Duration: 1.75s
[TC_APP_107] [Passed] Verify behavior of storage permission alert dialog during attempts to test network call recovery when system notification service crashes - Duration: 2.00s
[TC_APP_108] [Passed] Verify behavior of bluetooth stethoscope listener during attempts to test background execution under extreme low battery conditions - Duration: 2.25s
[TC_APP_109] [Passed] Verify behavior of microphone audio capture during attempts to verify image dimensions with screen readers enabled - Duration: 2.50s
[TC_APP_110] [Passed] Verify behavior of medicine alarm vibration pattern during attempts to audit gesture scaling zoom on cold start app initialization - Duration: 1.50s
[TC_APP_111] [Passed] Verify behavior of notification badge count updater during attempts to monitor memory consumption during background audio sync - Duration: 1.75s
[TC_APP_112] [Passed] Verify behavior of camera snapshot frame during attempts to test app launch sequence when background storage is cleared - Duration: 2.00s
[TC_APP_113] [Passed] Verify behavior of AI audio report preview during attempts to process voice capture after biometric authentication failure - Duration: 2.25s
[TC_APP_114] [Passed] Verify behavior of system settings redirect link during attempts to verify cache database write when user denies camera permission - Duration: 2.50s
[TC_APP_115] [Passed] Verify behavior of push notification handler during attempts to inspect alarm configuration during database compaction sync - Duration: 1.50s
[TC_APP_116] [Passed] Verify behavior of daily symptom logging form during attempts to verify native toast layout during package upgrade install - Duration: 1.75s
[TC_APP_117] [Passed] Verify behavior of app upgrade package validator during attempts to test local database fetch for assistive touch gestures - Duration: 2.00s
[TC_APP_118] [Passed] Verify behavior of reminder alarm service during attempts to inspect element boundaries with custom theme configurations - Duration: 2.25s
[TC_APP_119] [Passed] Verify behavior of onboarding questionnaire pagination during attempts to execute deep link request with multiple rapid click gestures - Duration: 2.50s
[TC_APP_120] [Passed] Verify behavior of cold start initialization duration during attempts to evaluate resource lock duration during deep link routing lookup - Duration: 1.50s
[TC_APP_121] [Passed] Verify behavior of AsyncStorage caching engine during attempts to trigger orientation switch when background execution is suspended - Duration: 1.75s
[TC_APP_122] [Passed] Verify behavior of dosage configuration slider during attempts to test push alert payload when offline network state is active - Duration: 2.00s
[TC_APP_123] [Passed] Verify behavior of warm start wake sequence during attempts to verify localization override when database storage quota is exceeded - Duration: 2.25s
[TC_APP_124] [Passed] Verify behavior of sync queue network background check during attempts to test swipe gesture handlers on device orientation rotate - Duration: 2.50s
[TC_APP_125] [Passed] Verify behavior of doctor call emergency button during attempts to inspect storage path allocation under poor signal coverage - Duration: 1.50s
[TC_APP_126] [Passed] Verify behavior of network retry backup loop during attempts to verify permission dialogue when system notification service crashes - Duration: 1.75s
[TC_APP_127] [Passed] Verify behavior of device orientation toggle during attempts to audit touch target scale under extreme low battery conditions - Duration: 2.00s
[TC_APP_128] [Passed] Verify behavior of pulmonologist contact selector during attempts to test network call recovery with screen readers enabled - Duration: 2.25s
[TC_APP_129] [Passed] Verify behavior of symptom logs calendar view during attempts to test background execution on cold start app initialization - Duration: 2.50s
[TC_APP_130] [Passed] Verify behavior of dark mode system theme config during attempts to verify image dimensions during background audio sync - Duration: 1.50s
[TC_APP_131] [Passed] Verify behavior of clinical baseline score chart during attempts to audit gesture scaling zoom when background storage is cleared - Duration: 1.75s
[TC_APP_132] [Passed] Verify behavior of dosage calculator inputs during attempts to monitor memory consumption after biometric authentication failure - Duration: 2.00s
[TC_APP_133] [Passed] Verify behavior of deep link navigation schema during attempts to test app launch sequence when user denies camera permission - Duration: 2.25s
[TC_APP_134] [Passed] Verify behavior of streak card achievements progress during attempts to process voice capture during database compaction sync - Duration: 2.50s
[TC_APP_135] [Passed] Verify behavior of emergency swipe validation gesture during attempts to verify cache database write during package upgrade install - Duration: 1.50s
[TC_APP_136] [Passed] Verify behavior of battery usage analyzer during attempts to inspect alarm configuration for assistive touch gestures - Duration: 1.75s
[TC_APP_137] [Passed] Verify behavior of breathing box pattern timer during attempts to verify native toast layout with custom theme configurations - Duration: 2.00s
[TC_APP_138] [Passed] Verify behavior of help search auto-suggestions during attempts to test local database fetch with multiple rapid click gestures - Duration: 2.25s
[TC_APP_139] [Passed] Verify behavior of memory footprint monitoring during attempts to inspect element boundaries during deep link routing lookup - Duration: 2.50s
[TC_APP_140] [Passed] Verify behavior of breath holding counter during attempts to execute deep link request when background execution is suspended - Duration: 1.50s
[TC_APP_141] [Passed] Verify behavior of account deletion sequence during attempts to evaluate resource lock duration when offline network state is active - Duration: 1.75s
[TC_APP_142] [Passed] Verify behavior of app crash recovery state during attempts to trigger orientation switch when database storage quota is exceeded - Duration: 2.00s
[TC_APP_143] [Passed] Verify behavior of image cropping editor during attempts to test push alert payload on device orientation rotate - Duration: 2.25s
[TC_APP_144] [Passed] Verify behavior of api connection recovery check during attempts to verify localization override under poor signal coverage - Duration: 2.50s
[TC_APP_145] [Passed] Verify behavior of voice input speech recognition during attempts to test swipe gesture handlers when system notification service crashes - Duration: 1.50s
[TC_APP_146] [Passed] Verify behavior of network latency indicator during attempts to inspect storage path allocation under extreme low battery conditions - Duration: 1.75s
[TC_APP_147] [Passed] Verify behavior of pinch-to-zoom chart viewer during attempts to verify permission dialogue with screen readers enabled - Duration: 2.00s
[TC_APP_148] [Passed] Verify behavior of screen reader overlay during attempts to audit touch target scale on cold start app initialization - Duration: 2.25s
[TC_APP_149] [Passed] Verify behavior of terms scroll check modal during attempts to test network call recovery during background audio sync - Duration: 2.50s
[TC_APP_150] [Passed] Verify behavior of welcome screen layout during attempts to test background execution when background storage is cleared - Duration: 1.50s
[TC_APP_151] [Passed] Verify behavior of localization language switcher during attempts to verify image dimensions after biometric authentication failure - Duration: 1.75s
[TC_APP_152] [Passed] Verify behavior of cookie token storage sync during attempts to audit gesture scaling zoom when user denies camera permission - Duration: 2.00s
[TC_APP_153] [Passed] Verify behavior of fingerprint scanner verification during attempts to monitor memory consumption during database compaction sync - Duration: 2.25s
[TC_APP_154] [Passed] Verify behavior of offline mode login cache during attempts to test app launch sequence during package upgrade install - Duration: 2.50s
[TC_APP_155] [Passed] Verify behavior of local db compaction service during attempts to process voice capture for assistive touch gestures - Duration: 1.50s
[TC_APP_156] [Passed] Verify behavior of biometric FaceID login during attempts to verify cache database write with custom theme configurations - Duration: 1.75s
[TC_APP_157] [Passed] Verify behavior of storage permission alert dialog during attempts to inspect alarm configuration with multiple rapid click gestures - Duration: 2.00s
[TC_APP_158] [Passed] Verify behavior of bluetooth stethoscope listener during attempts to verify native toast layout during deep link routing lookup - Duration: 2.25s
[TC_APP_159] [Passed] Verify behavior of microphone audio capture during attempts to test local database fetch when background execution is suspended - Duration: 2.50s
[TC_APP_160] [Passed] Verify behavior of medicine alarm vibration pattern during attempts to inspect element boundaries when offline network state is active - Duration: 1.50s
[TC_APP_161] [Passed] Verify behavior of notification badge count updater during attempts to execute deep link request when database storage quota is exceeded - Duration: 1.75s
[TC_APP_162] [Passed] Verify behavior of camera snapshot frame during attempts to evaluate resource lock duration on device orientation rotate - Duration: 2.00s
[TC_APP_163] [Passed] Verify behavior of AI audio report preview during attempts to trigger orientation switch under poor signal coverage - Duration: 2.25s
[TC_APP_164] [Passed] Verify behavior of system settings redirect link during attempts to test push alert payload when system notification service crashes - Duration: 2.50s
[TC_APP_165] [Passed] Verify behavior of push notification handler during attempts to verify localization override under extreme low battery conditions - Duration: 1.50s
[TC_APP_166] [Passed] Verify behavior of daily symptom logging form during attempts to test swipe gesture handlers with screen readers enabled - Duration: 1.75s
[TC_APP_167] [Passed] Verify behavior of app upgrade package validator during attempts to inspect storage path allocation on cold start app initialization - Duration: 2.00s
[TC_APP_168] [Passed] Verify behavior of reminder alarm service during attempts to verify permission dialogue during background audio sync - Duration: 2.25s
[TC_APP_169] [Passed] Verify behavior of onboarding questionnaire pagination during attempts to audit touch target scale when background storage is cleared - Duration: 2.50s
[TC_APP_170] [Passed] Verify behavior of cold start initialization duration during attempts to test network call recovery after biometric authentication failure - Duration: 1.50s
[TC_APP_171] [Passed] Verify behavior of AsyncStorage caching engine during attempts to test background execution when user denies camera permission - Duration: 1.75s
[TC_APP_172] [Passed] Verify behavior of dosage configuration slider during attempts to verify image dimensions during database compaction sync - Duration: 2.00s
[TC_APP_173] [Passed] Verify behavior of warm start wake sequence during attempts to audit gesture scaling zoom during package upgrade install - Duration: 2.25s
[TC_APP_174] [Passed] Verify behavior of sync queue network background check during attempts to monitor memory consumption for assistive touch gestures - Duration: 2.50s
[TC_APP_175] [Passed] Verify behavior of doctor call emergency button during attempts to test app launch sequence with custom theme configurations - Duration: 1.50s
[TC_APP_176] [Passed] Verify behavior of network retry backup loop during attempts to process voice capture with multiple rapid click gestures - Duration: 1.75s
[TC_APP_177] [Passed] Verify behavior of device orientation toggle during attempts to verify cache database write during deep link routing lookup - Duration: 2.00s
[TC_APP_178] [Passed] Verify behavior of pulmonologist contact selector during attempts to inspect alarm configuration when background execution is suspended - Duration: 2.25s
[TC_APP_179] [Passed] Verify behavior of symptom logs calendar view during attempts to verify native toast layout when offline network state is active - Duration: 2.50s
[TC_APP_180] [Passed] Verify behavior of dark mode system theme config during attempts to test local database fetch when database storage quota is exceeded - Duration: 1.50s
[TC_APP_181] [Passed] Verify behavior of clinical baseline score chart during attempts to inspect element boundaries on device orientation rotate - Duration: 1.75s
[TC_APP_182] [Passed] Verify behavior of dosage calculator inputs during attempts to execute deep link request under poor signal coverage - Duration: 2.00s
[TC_APP_183] [Passed] Verify behavior of deep link navigation schema during attempts to evaluate resource lock duration when system notification service crashes - Duration: 2.25s
[TC_APP_184] [Passed] Verify behavior of streak card achievements progress during attempts to trigger orientation switch under extreme low battery conditions - Duration: 2.50s
[TC_APP_185] [Passed] Verify behavior of emergency swipe validation gesture during attempts to test push alert payload with screen readers enabled - Duration: 1.50s
[TC_APP_186] [Passed] Verify behavior of battery usage analyzer during attempts to verify localization override on cold start app initialization - Duration: 1.75s
[TC_APP_187] [Passed] Verify behavior of breathing box pattern timer during attempts to test swipe gesture handlers during background audio sync - Duration: 2.00s
[TC_APP_188] [Passed] Verify behavior of help search auto-suggestions during attempts to inspect storage path allocation when background storage is cleared - Duration: 2.25s
[TC_APP_189] [Passed] Verify behavior of memory footprint monitoring during attempts to verify permission dialogue after biometric authentication failure - Duration: 2.50s
[TC_APP_190] [Passed] Verify behavior of breath holding counter during attempts to audit touch target scale when user denies camera permission - Duration: 1.50s
[TC_APP_191] [Passed] Verify behavior of account deletion sequence during attempts to test network call recovery during database compaction sync - Duration: 1.75s
[TC_APP_192] [Passed] Verify behavior of app crash recovery state during attempts to test background execution during package upgrade install - Duration: 2.00s
[TC_APP_193] [Passed] Verify behavior of image cropping editor during attempts to verify image dimensions for assistive touch gestures - Duration: 2.25s
[TC_APP_194] [Passed] Verify behavior of api connection recovery check during attempts to audit gesture scaling zoom with custom theme configurations - Duration: 2.50s
[TC_APP_195] [Passed] Verify behavior of voice input speech recognition during attempts to monitor memory consumption with multiple rapid click gestures - Duration: 1.50s
[TC_APP_196] [Passed] Verify behavior of network latency indicator during attempts to test app launch sequence during deep link routing lookup - Duration: 1.75s
[TC_APP_197] [Passed] Verify behavior of pinch-to-zoom chart viewer during attempts to process voice capture when background execution is suspended - Duration: 2.00s
[TC_APP_198] [Passed] Verify behavior of screen reader overlay during attempts to verify cache database write when offline network state is active - Duration: 2.25s
[TC_APP_199] [Passed] Verify behavior of terms scroll check modal during attempts to inspect alarm configuration when database storage quota is exceeded - Duration: 2.50s
[TC_APP_200] [Passed] Verify behavior of welcome screen layout during attempts to verify native toast layout on device orientation rotate - Duration: 1.50s
[TC_APP_201] [Passed] Verify behavior of localization language switcher during attempts to test local database fetch under poor signal coverage - Duration: 1.75s
[TC_APP_202] [Passed] Verify behavior of cookie token storage sync during attempts to inspect element boundaries when system notification service crashes - Duration: 2.00s
[TC_APP_203] [Passed] Verify behavior of fingerprint scanner verification during attempts to execute deep link request under extreme low battery conditions - Duration: 2.25s
[TC_APP_204] [Passed] Verify behavior of offline mode login cache during attempts to evaluate resource lock duration with screen readers enabled - Duration: 2.50s
[TC_APP_205] [Passed] Verify behavior of local db compaction service during attempts to trigger orientation switch on cold start app initialization - Duration: 1.50s
[TC_APP_206] [Passed] Verify behavior of biometric FaceID login during attempts to test push alert payload during background audio sync - Duration: 1.75s
[TC_APP_207] [Passed] Verify behavior of storage permission alert dialog during attempts to verify localization override when background storage is cleared - Duration: 2.00s
[TC_APP_208] [Passed] Verify behavior of bluetooth stethoscope listener during attempts to test swipe gesture handlers after biometric authentication failure - Duration: 2.25s
[TC_APP_209] [Passed] Verify behavior of microphone audio capture during attempts to inspect storage path allocation when user denies camera permission - Duration: 2.50s
[TC_APP_210] [Passed] Verify behavior of medicine alarm vibration pattern during attempts to verify permission dialogue during database compaction sync - Duration: 1.50s
[TC_APP_211] [Passed] Verify behavior of notification badge count updater during attempts to audit touch target scale during package upgrade install - Duration: 1.75s
[TC_APP_212] [Passed] Verify behavior of camera snapshot frame during attempts to test network call recovery for assistive touch gestures - Duration: 2.00s
[TC_APP_213] [Passed] Verify behavior of AI audio report preview during attempts to test background execution with custom theme configurations - Duration: 2.25s
[TC_APP_214] [Passed] Verify behavior of system settings redirect link during attempts to verify image dimensions with multiple rapid click gestures - Duration: 2.50s
[TC_APP_215] [Passed] Verify behavior of push notification handler during attempts to audit gesture scaling zoom during deep link routing lookup - Duration: 1.50s
[TC_APP_216] [Passed] Verify behavior of daily symptom logging form during attempts to monitor memory consumption when background execution is suspended - Duration: 1.75s
[TC_APP_217] [Passed] Verify behavior of app upgrade package validator during attempts to test app launch sequence when offline network state is active - Duration: 2.00s
[TC_APP_218] [Passed] Verify behavior of reminder alarm service during attempts to process voice capture when database storage quota is exceeded - Duration: 2.25s
[TC_APP_219] [Passed] Verify behavior of onboarding questionnaire pagination during attempts to verify cache database write on device orientation rotate - Duration: 2.50s
[TC_APP_220] [Passed] Verify behavior of cold start initialization duration during attempts to inspect alarm configuration under poor signal coverage - Duration: 1.50s
[TC_APP_221] [Passed] Verify behavior of AsyncStorage caching engine during attempts to verify native toast layout when system notification service crashes - Duration: 1.75s
[TC_APP_222] [Passed] Verify behavior of dosage configuration slider during attempts to test local database fetch under extreme low battery conditions - Duration: 2.00s
[TC_APP_223] [Passed] Verify behavior of warm start wake sequence during attempts to inspect element boundaries with screen readers enabled - Duration: 2.25s
[TC_APP_224] [Passed] Verify behavior of sync queue network background check during attempts to execute deep link request on cold start app initialization - Duration: 2.50s
[TC_APP_225] [Passed] Verify behavior of doctor call emergency button during attempts to evaluate resource lock duration during background audio sync - Duration: 1.50s
[TC_APP_226] [Passed] Verify behavior of network retry backup loop during attempts to trigger orientation switch when background storage is cleared - Duration: 1.75s
[TC_APP_227] [Passed] Verify behavior of device orientation toggle during attempts to test push alert payload after biometric authentication failure - Duration: 2.00s
[TC_APP_228] [Passed] Verify behavior of pulmonologist contact selector during attempts to verify localization override when user denies camera permission - Duration: 2.25s
[TC_APP_229] [Passed] Verify behavior of symptom logs calendar view during attempts to test swipe gesture handlers during database compaction sync - Duration: 2.50s
[TC_APP_230] [Passed] Verify behavior of dark mode system theme config during attempts to inspect storage path allocation during package upgrade install - Duration: 1.50s
[TC_APP_231] [Passed] Verify behavior of clinical baseline score chart during attempts to verify permission dialogue for assistive touch gestures - Duration: 1.75s
[TC_APP_232] [Passed] Verify behavior of dosage calculator inputs during attempts to audit touch target scale with custom theme configurations - Duration: 2.00s
[TC_APP_233] [Passed] Verify behavior of deep link navigation schema during attempts to test network call recovery with multiple rapid click gestures - Duration: 2.25s
[TC_APP_234] [Passed] Verify behavior of streak card achievements progress during attempts to test background execution during deep link routing lookup - Duration: 2.50s
[TC_APP_235] [Passed] Verify behavior of emergency swipe validation gesture during attempts to verify image dimensions when background execution is suspended - Duration: 1.50s
[TC_APP_236] [Passed] Verify behavior of battery usage analyzer during attempts to audit gesture scaling zoom when offline network state is active - Duration: 1.75s
[TC_APP_237] [Passed] Verify behavior of breathing box pattern timer during attempts to monitor memory consumption when database storage quota is exceeded - Duration: 2.00s
[TC_APP_238] [Passed] Verify behavior of help search auto-suggestions during attempts to test app launch sequence on device orientation rotate - Duration: 2.25s
[TC_APP_239] [Passed] Verify behavior of memory footprint monitoring during attempts to process voice capture under poor signal coverage - Duration: 2.50s
[TC_APP_240] [Passed] Verify behavior of breath holding counter during attempts to verify cache database write when system notification service crashes - Duration: 1.50s
[TC_APP_241] [Passed] Verify behavior of account deletion sequence during attempts to inspect alarm configuration under extreme low battery conditions - Duration: 1.75s
[TC_APP_242] [Passed] Verify behavior of app crash recovery state during attempts to verify native toast layout with screen readers enabled - Duration: 2.00s
[TC_APP_243] [Passed] Verify behavior of image cropping editor during attempts to test local database fetch on cold start app initialization - Duration: 2.25s
[TC_APP_244] [Passed] Verify behavior of api connection recovery check during attempts to inspect element boundaries during background audio sync - Duration: 2.50s
[TC_APP_245] [Passed] Verify behavior of voice input speech recognition during attempts to execute deep link request when background storage is cleared - Duration: 1.50s
[TC_APP_246] [Passed] Verify behavior of network latency indicator during attempts to evaluate resource lock duration after biometric authentication failure - Duration: 1.75s
[TC_APP_247] [Passed] Verify behavior of pinch-to-zoom chart viewer during attempts to trigger orientation switch when user denies camera permission - Duration: 2.00s
[TC_APP_248] [Passed] Verify behavior of screen reader overlay during attempts to test push alert payload during database compaction sync - Duration: 2.25s
[TC_APP_249] [Passed] Verify behavior of terms scroll check modal during attempts to verify localization override during package upgrade install - Duration: 2.50s
[TC_APP_250] [Passed] Verify behavior of welcome screen layout during attempts to test swipe gesture handlers for assistive touch gestures - Duration: 1.50s
[TC_APP_251] [Passed] Verify behavior of localization language switcher during attempts to inspect storage path allocation with custom theme configurations - Duration: 1.75s
[TC_APP_252] [Passed] Verify behavior of cookie token storage sync during attempts to verify permission dialogue with multiple rapid click gestures - Duration: 2.00s
[TC_APP_253] [Passed] Verify behavior of fingerprint scanner verification during attempts to audit touch target scale during deep link routing lookup - Duration: 2.25s
[TC_APP_254] [Passed] Verify behavior of offline mode login cache during attempts to test network call recovery when background execution is suspended - Duration: 2.50s
[TC_APP_255] [Passed] Verify behavior of local db compaction service during attempts to test background execution when offline network state is active - Duration: 1.50s
[TC_APP_256] [Passed] Verify behavior of biometric FaceID login during attempts to verify image dimensions when database storage quota is exceeded - Duration: 1.75s
[TC_APP_257] [Passed] Verify behavior of storage permission alert dialog during attempts to audit gesture scaling zoom on device orientation rotate - Duration: 2.00s
[TC_APP_258] [Passed] Verify behavior of bluetooth stethoscope listener during attempts to monitor memory consumption under poor signal coverage - Duration: 2.25s
[TC_APP_259] [Passed] Verify behavior of microphone audio capture during attempts to test app launch sequence when system notification service crashes - Duration: 2.50s
[TC_APP_260] [Passed] Verify behavior of medicine alarm vibration pattern during attempts to process voice capture under extreme low battery conditions - Duration: 1.50s
[TC_APP_261] [Passed] Verify behavior of notification badge count updater during attempts to verify cache database write with screen readers enabled - Duration: 1.75s
[TC_APP_262] [Passed] Verify behavior of camera snapshot frame during attempts to inspect alarm configuration on cold start app initialization - Duration: 2.00s
[TC_APP_263] [Passed] Verify behavior of AI audio report preview during attempts to verify native toast layout during background audio sync - Duration: 2.25s
[TC_APP_264] [Passed] Verify behavior of system settings redirect link during attempts to test local database fetch when background storage is cleared - Duration: 2.50s
[TC_APP_265] [Passed] Verify behavior of push notification handler during attempts to inspect element boundaries after biometric authentication failure - Duration: 1.50s
[TC_APP_266] [Passed] Verify behavior of daily symptom logging form during attempts to execute deep link request when user denies camera permission - Duration: 1.75s
[TC_APP_267] [Passed] Verify behavior of app upgrade package validator during attempts to evaluate resource lock duration during database compaction sync - Duration: 2.00s
[TC_APP_268] [Passed] Verify behavior of reminder alarm service during attempts to trigger orientation switch during package upgrade install - Duration: 2.25s
[TC_APP_269] [Passed] Verify behavior of onboarding questionnaire pagination during attempts to test push alert payload for assistive touch gestures - Duration: 2.50s
[TC_APP_270] [Passed] Verify behavior of cold start initialization duration during attempts to verify localization override with custom theme configurations - Duration: 1.50s
[TC_APP_271] [Passed] Verify behavior of AsyncStorage caching engine during attempts to test swipe gesture handlers with multiple rapid click gestures - Duration: 1.75s
[TC_APP_272] [Passed] Verify behavior of dosage configuration slider during attempts to inspect storage path allocation during deep link routing lookup - Duration: 2.00s
[TC_APP_273] [Passed] Verify behavior of warm start wake sequence during attempts to verify permission dialogue when background execution is suspended - Duration: 2.25s
[TC_APP_274] [Passed] Verify behavior of sync queue network background check during attempts to audit touch target scale when offline network state is active - Duration: 2.50s
[TC_APP_275] [Passed] Verify behavior of doctor call emergency button during attempts to test network call recovery when database storage quota is exceeded - Duration: 1.50s
[TC_APP_276] [Passed] Verify behavior of network retry backup loop during attempts to test background execution on device orientation rotate - Duration: 1.75s
[TC_APP_277] [Passed] Verify behavior of device orientation toggle during attempts to verify image dimensions under poor signal coverage - Duration: 2.00s
[TC_APP_278] [Passed] Verify behavior of pulmonologist contact selector during attempts to audit gesture scaling zoom when system notification service crashes - Duration: 2.25s
[TC_APP_279] [Passed] Verify behavior of symptom logs calendar view during attempts to monitor memory consumption under extreme low battery conditions - Duration: 2.50s
[TC_APP_280] [Passed] Verify behavior of dark mode system theme config during attempts to test app launch sequence with screen readers enabled - Duration: 1.50s
[TC_APP_281] [Passed] Verify behavior of clinical baseline score chart during attempts to process voice capture on cold start app initialization - Duration: 1.75s
[TC_APP_282] [Passed] Verify behavior of dosage calculator inputs during attempts to verify cache database write during background audio sync - Duration: 2.00s
[TC_APP_283] [Passed] Verify behavior of deep link navigation schema during attempts to inspect alarm configuration when background storage is cleared - Duration: 2.25s
[TC_APP_284] [Passed] Verify behavior of streak card achievements progress during attempts to verify native toast layout after biometric authentication failure - Duration: 2.50s
[TC_APP_285] [Passed] Verify behavior of emergency swipe validation gesture during attempts to test local database fetch when user denies camera permission - Duration: 1.50s
[TC_APP_286] [Passed] Verify behavior of battery usage analyzer during attempts to inspect element boundaries during database compaction sync - Duration: 1.75s
[TC_APP_287] [Passed] Verify behavior of breathing box pattern timer during attempts to execute deep link request during package upgrade install - Duration: 2.00s
[TC_APP_288] [Passed] Verify behavior of help search auto-suggestions during attempts to evaluate resource lock duration for assistive touch gestures - Duration: 2.25s
[TC_APP_289] [Passed] Verify behavior of memory footprint monitoring during attempts to trigger orientation switch with custom theme configurations - Duration: 2.50s
[TC_APP_290] [Passed] Verify behavior of breath holding counter during attempts to test push alert payload with multiple rapid click gestures - Duration: 1.50s
[TC_APP_291] [Passed] Verify behavior of account deletion sequence during attempts to verify localization override during deep link routing lookup - Duration: 1.75s
[TC_APP_292] [Passed] Verify behavior of app crash recovery state during attempts to test swipe gesture handlers when background execution is suspended - Duration: 2.00s
[TC_APP_293] [Passed] Verify behavior of image cropping editor during attempts to inspect storage path allocation when offline network state is active - Duration: 2.25s
[TC_APP_294] [Passed] Verify behavior of api connection recovery check during attempts to verify permission dialogue when database storage quota is exceeded - Duration: 2.50s
[TC_APP_295] [Passed] Verify behavior of voice input speech recognition during attempts to audit touch target scale on device orientation rotate - Duration: 1.50s
[TC_APP_296] [Passed] Verify behavior of network latency indicator during attempts to test network call recovery under poor signal coverage - Duration: 1.75s
[TC_APP_297] [Passed] Verify behavior of pinch-to-zoom chart viewer during attempts to test background execution when system notification service crashes - Duration: 2.00s
[TC_APP_298] [Passed] Verify behavior of screen reader overlay during attempts to verify image dimensions under extreme low battery conditions - Duration: 2.25s
[TC_APP_299] [Passed] Verify behavior of terms scroll check modal during attempts to audit gesture scaling zoom with screen readers enabled - Duration: 2.50s
[TC_APP_300] [Passed] Verify behavior of welcome screen layout during attempts to monitor memory consumption on cold start app initialization - Duration: 1.50s
--- Suite: LOAD (Count: 300) ---
[TC_LOAD_001] [Passed] Verify behavior of MongoDB Atlas connection pool during attempts to measure scaling trigger speed during peak hours scheduling traffic - Duration: 5.7s
[TC_LOAD_002] [Passed] Verify behavior of Symptom report query aggregator during attempts to measure server warm start delay with large audio attachment uploads - Duration: 6.9s
[TC_LOAD_003] [Passed] Verify behavior of /api/auth/login endpoint during attempts to monitor CPU execution load under rapid burst volume spikes - Duration: 8.1s
[TC_LOAD_004] [Passed] Verify behavior of Express HTTP router cluster during attempts to verify cache hit ratio with large session payload records - Duration: 9.3s
[TC_LOAD_005] [Passed] Verify behavior of Breathing session average calculations during attempts to test failover routing times with high frequency preflight requests - Duration: 10.5s
[TC_LOAD_006] [Passed] Verify behavior of /api/auth/profile retrieval during attempts to test queue backlog latency with multi-threaded k6 load configurations - Duration: 11.7s
[TC_LOAD_007] [Passed] Verify behavior of Mongoose symptom query indexes during attempts to audit log writing speed with 2000 concurrent virtual users - Duration: 12.9s
[TC_LOAD_008] [Passed] Verify behavior of /api/data/symptoms DELETE route during attempts to measure request throughput during massive server cold start - Duration: 14.1s
[TC_LOAD_009] [Passed] Verify behavior of /api/auth/forgot-password endpoint during attempts to check payload upload time when rate limiting limits are reached - Duration: 15.3s
[TC_LOAD_010] [Passed] Verify behavior of Redis cache response storage during attempts to inspect memory allocation limits during server container restart cycles - Duration: 4.5s
[TC_LOAD_011] [Passed] Verify behavior of /api/data/sessions DELETE route during attempts to check error rate threshold when downstream Groq service is throttled - Duration: 5.7s
[TC_LOAD_012] [Passed] Verify behavior of /api/auth/verify-otp endpoint during attempts to measure network bandwidth load under continuous memory heap pressure - Duration: 6.9s
[TC_LOAD_013] [Passed] Verify behavior of Auth verification JWT header verification during attempts to test query throughput with 1000 concurrent virtual users - Duration: 8.1s
[TC_LOAD_014] [Passed] Verify behavior of JWT token refresh route during attempts to evaluate connection pool reuse on database replica set failover - Duration: 9.3s
[TC_LOAD_015] [Passed] Verify behavior of /api/auth/reset-password endpoint during attempts to verify database writes capacity under continuous long-duration soak run - Duration: 10.5s
[TC_LOAD_016] [Passed] Verify behavior of Rate limiting API gateway during attempts to inspect memory consumption with unindexed database query filters - Duration: 11.7s
[TC_LOAD_017] [Passed] Verify behavior of Express error logger route during attempts to test system recovery latency under complex aggregation pipeline queries - Duration: 12.9s
[TC_LOAD_018] [Passed] Verify behavior of /api/auth/emergency-contact updater during attempts to check thread context switches during network connection dropping events - Duration: 14.1s
[TC_LOAD_019] [Passed] Verify behavior of Multer audio file parser during attempts to audit database query times with 500 concurrent virtual users - Duration: 15.3s
[TC_LOAD_020] [Passed] Verify behavior of Groq chat history truncation queue during attempts to evaluate socket connection times during peak hours scheduling traffic - Duration: 4.5s
[TC_LOAD_021] [Passed] Verify behavior of /api/data/symptoms POST route during attempts to evaluate response time with large audio attachment uploads - Duration: 5.7s
[TC_LOAD_022] [Passed] Verify behavior of Groq API LLM proxy queue during attempts to measure scaling trigger speed under rapid burst volume spikes - Duration: 6.9s
[TC_LOAD_023] [Passed] Verify behavior of Multer payload size validator during attempts to measure server warm start delay with large session payload records - Duration: 8.1s
[TC_LOAD_024] [Passed] Verify behavior of /api/data/symptoms GET route during attempts to monitor CPU execution load with high frequency preflight requests - Duration: 9.3s
[TC_LOAD_025] [Passed] Verify behavior of Vercel edge server router during attempts to verify cache hit ratio with multi-threaded k6 load configurations - Duration: 10.5s
[TC_LOAD_026] [Passed] Verify behavior of Atlas backup restore throughput during attempts to test failover routing times with 2000 concurrent virtual users - Duration: 11.7s
[TC_LOAD_027] [Passed] Verify behavior of /api/data/sessions POST route during attempts to test queue backlog latency during massive server cold start - Duration: 12.9s
[TC_LOAD_028] [Passed] Verify behavior of MongoDB user deletion cascade during attempts to audit log writing speed when rate limiting limits are reached - Duration: 14.1s
[TC_LOAD_029] [Passed] Verify behavior of Mongoose schema validation pipeline during attempts to measure request throughput during server container restart cycles - Duration: 15.3s
[TC_LOAD_030] [Passed] Verify behavior of /api/data/sessions GET route during attempts to check payload upload time when downstream Groq service is throttled - Duration: 4.5s
[TC_LOAD_031] [Passed] Verify behavior of Cors verification origin whitelist during attempts to inspect memory allocation limits under continuous memory heap pressure - Duration: 5.7s
[TC_LOAD_032] [Passed] Verify behavior of Gemini audio processing call queue during attempts to check error rate threshold with 1000 concurrent virtual users - Duration: 6.9s
[TC_LOAD_033] [Passed] Verify behavior of /api/data/reports POST route during attempts to measure network bandwidth load on database replica set failover - Duration: 8.1s
[TC_LOAD_034] [Passed] Verify behavior of Static assets asset pipeline during attempts to test query throughput under continuous long-duration soak run - Duration: 9.3s
[TC_LOAD_035] [Passed] Verify behavior of /api/data/reports DELETE route during attempts to evaluate connection pool reuse with unindexed database query filters - Duration: 10.5s
[TC_LOAD_036] [Passed] Verify behavior of /api/data/reports GET route during attempts to verify database writes capacity under complex aggregation pipeline queries - Duration: 11.7s
[TC_LOAD_037] [Passed] Verify behavior of Audio transcription server socket during attempts to inspect memory consumption during network connection dropping events - Duration: 12.9s
[TC_LOAD_038] [Passed] Verify behavior of CORS preflight request routing check during attempts to test system recovery latency with 500 concurrent virtual users - Duration: 14.1s
[TC_LOAD_039] [Passed] Verify behavior of /api/breathing/analyze endpoint during attempts to check thread context switches during peak hours scheduling traffic - Duration: 15.3s
[TC_LOAD_040] [Passed] Verify behavior of /api/health check endpoint during attempts to audit database query times with large audio attachment uploads - Duration: 4.5s
[TC_LOAD_041] [Passed] Verify behavior of Static reports file system cache during attempts to evaluate socket connection times under rapid burst volume spikes - Duration: 5.7s
[TC_LOAD_042] [Passed] Verify behavior of /api/breathing/clinical-report endpoint during attempts to evaluate response time with large session payload records - Duration: 6.9s
[TC_LOAD_043] [Passed] Verify behavior of MongoDB Atlas index metrics during attempts to measure scaling trigger speed with high frequency preflight requests - Duration: 8.1s
[TC_LOAD_044] [Passed] Verify behavior of /api/chat/clear POST route during attempts to measure server warm start delay with multi-threaded k6 load configurations - Duration: 9.3s
[TC_LOAD_045] [Passed] Verify behavior of /api/chat messaging endpoint during attempts to monitor CPU execution load with 2000 concurrent virtual users - Duration: 10.5s
[TC_LOAD_046] [Passed] Verify behavior of Express middleware stack pipeline during attempts to verify cache hit ratio during massive server cold start - Duration: 11.7s
[TC_LOAD_047] [Passed] Verify behavior of MongoDB Atlas replication network during attempts to test failover routing times when rate limiting limits are reached - Duration: 12.9s
[TC_LOAD_048] [Passed] Verify behavior of /api/chat/history GET route during attempts to test queue backlog latency during server container restart cycles - Duration: 14.1s
[TC_LOAD_049] [Passed] Verify behavior of /api/auth/logout invalidator during attempts to audit log writing speed when downstream Groq service is throttled - Duration: 15.3s
[TC_LOAD_050] [Passed] Verify behavior of /api/auth/register endpoint during attempts to measure request throughput under continuous memory heap pressure - Duration: 4.5s
[TC_LOAD_051] [Passed] Verify behavior of MongoDB Atlas connection pool during attempts to check payload upload time with 1000 concurrent virtual users - Duration: 5.7s
[TC_LOAD_052] [Passed] Verify behavior of Symptom report query aggregator during attempts to inspect memory allocation limits on database replica set failover - Duration: 6.9s
[TC_LOAD_053] [Passed] Verify behavior of /api/auth/login endpoint during attempts to check error rate threshold under continuous long-duration soak run - Duration: 8.1s
[TC_LOAD_054] [Passed] Verify behavior of Express HTTP router cluster during attempts to measure network bandwidth load with unindexed database query filters - Duration: 9.3s
[TC_LOAD_055] [Passed] Verify behavior of Breathing session average calculations during attempts to test query throughput under complex aggregation pipeline queries - Duration: 10.5s
[TC_LOAD_056] [Passed] Verify behavior of /api/auth/profile retrieval during attempts to evaluate connection pool reuse during network connection dropping events - Duration: 11.7s
[TC_LOAD_057] [Passed] Verify behavior of Mongoose symptom query indexes during attempts to verify database writes capacity with 500 concurrent virtual users - Duration: 12.9s
[TC_LOAD_058] [Passed] Verify behavior of /api/data/symptoms DELETE route during attempts to inspect memory consumption during peak hours scheduling traffic - Duration: 14.1s
[TC_LOAD_059] [Passed] Verify behavior of /api/auth/forgot-password endpoint during attempts to test system recovery latency with large audio attachment uploads - Duration: 15.3s
[TC_LOAD_060] [Passed] Verify behavior of Redis cache response storage during attempts to check thread context switches under rapid burst volume spikes - Duration: 4.5s
[TC_LOAD_061] [Passed] Verify behavior of /api/data/sessions DELETE route during attempts to audit database query times with large session payload records - Duration: 5.7s
[TC_LOAD_062] [Passed] Verify behavior of /api/auth/verify-otp endpoint during attempts to evaluate socket connection times with high frequency preflight requests - Duration: 6.9s
[TC_LOAD_063] [Passed] Verify behavior of Auth verification JWT header verification during attempts to evaluate response time with multi-threaded k6 load configurations - Duration: 8.1s
[TC_LOAD_064] [Passed] Verify behavior of JWT token refresh route during attempts to measure scaling trigger speed with 2000 concurrent virtual users - Duration: 9.3s
[TC_LOAD_065] [Passed] Verify behavior of /api/auth/reset-password endpoint during attempts to measure server warm start delay during massive server cold start - Duration: 10.5s
[TC_LOAD_066] [Passed] Verify behavior of Rate limiting API gateway during attempts to monitor CPU execution load when rate limiting limits are reached - Duration: 11.7s
[TC_LOAD_067] [Passed] Verify behavior of Express error logger route during attempts to verify cache hit ratio during server container restart cycles - Duration: 12.9s
[TC_LOAD_068] [Passed] Verify behavior of /api/auth/emergency-contact updater during attempts to test failover routing times when downstream Groq service is throttled - Duration: 14.1s
[TC_LOAD_069] [Passed] Verify behavior of Multer audio file parser during attempts to test queue backlog latency under continuous memory heap pressure - Duration: 15.3s
[TC_LOAD_070] [Passed] Verify behavior of Groq chat history truncation queue during attempts to audit log writing speed with 1000 concurrent virtual users - Duration: 4.5s
[TC_LOAD_071] [Passed] Verify behavior of /api/data/symptoms POST route during attempts to measure request throughput on database replica set failover - Duration: 5.7s
[TC_LOAD_072] [Passed] Verify behavior of Groq API LLM proxy queue during attempts to check payload upload time under continuous long-duration soak run - Duration: 6.9s
[TC_LOAD_073] [Passed] Verify behavior of Multer payload size validator during attempts to inspect memory allocation limits with unindexed database query filters - Duration: 8.1s
[TC_LOAD_074] [Passed] Verify behavior of /api/data/symptoms GET route during attempts to check error rate threshold under complex aggregation pipeline queries - Duration: 9.3s
[TC_LOAD_075] [Passed] Verify behavior of Vercel edge server router during attempts to measure network bandwidth load during network connection dropping events - Duration: 10.5s
[TC_LOAD_076] [Passed] Verify behavior of Atlas backup restore throughput during attempts to test query throughput with 500 concurrent virtual users - Duration: 11.7s
[TC_LOAD_077] [Passed] Verify behavior of /api/data/sessions POST route during attempts to evaluate connection pool reuse during peak hours scheduling traffic - Duration: 12.9s
[TC_LOAD_078] [Passed] Verify behavior of MongoDB user deletion cascade during attempts to verify database writes capacity with large audio attachment uploads - Duration: 14.1s
[TC_LOAD_079] [Passed] Verify behavior of Mongoose schema validation pipeline during attempts to inspect memory consumption under rapid burst volume spikes - Duration: 15.3s
[TC_LOAD_080] [Passed] Verify behavior of /api/data/sessions GET route during attempts to test system recovery latency with large session payload records - Duration: 4.5s
[TC_LOAD_081] [Passed] Verify behavior of Cors verification origin whitelist during attempts to check thread context switches with high frequency preflight requests - Duration: 5.7s
[TC_LOAD_082] [Passed] Verify behavior of Gemini audio processing call queue during attempts to audit database query times with multi-threaded k6 load configurations - Duration: 6.9s
[TC_LOAD_083] [Passed] Verify behavior of /api/data/reports POST route during attempts to evaluate socket connection times with 2000 concurrent virtual users - Duration: 8.1s
[TC_LOAD_084] [Passed] Verify behavior of Static assets asset pipeline during attempts to evaluate response time during massive server cold start - Duration: 9.3s
[TC_LOAD_085] [Passed] Verify behavior of /api/data/reports DELETE route during attempts to measure scaling trigger speed when rate limiting limits are reached - Duration: 10.5s
[TC_LOAD_086] [Passed] Verify behavior of /api/data/reports GET route during attempts to measure server warm start delay during server container restart cycles - Duration: 11.7s
[TC_LOAD_087] [Passed] Verify behavior of Audio transcription server socket during attempts to monitor CPU execution load when downstream Groq service is throttled - Duration: 12.9s
[TC_LOAD_088] [Passed] Verify behavior of CORS preflight request routing check during attempts to verify cache hit ratio under continuous memory heap pressure - Duration: 14.1s
[TC_LOAD_089] [Passed] Verify behavior of /api/breathing/analyze endpoint during attempts to test failover routing times with 1000 concurrent virtual users - Duration: 15.3s
[TC_LOAD_090] [Passed] Verify behavior of /api/health check endpoint during attempts to test queue backlog latency on database replica set failover - Duration: 4.5s
[TC_LOAD_091] [Passed] Verify behavior of Static reports file system cache during attempts to audit log writing speed under continuous long-duration soak run - Duration: 5.7s
[TC_LOAD_092] [Passed] Verify behavior of /api/breathing/clinical-report endpoint during attempts to measure request throughput with unindexed database query filters - Duration: 6.9s
[TC_LOAD_093] [Passed] Verify behavior of MongoDB Atlas index metrics during attempts to check payload upload time under complex aggregation pipeline queries - Duration: 8.1s
[TC_LOAD_094] [Passed] Verify behavior of /api/chat/clear POST route during attempts to inspect memory allocation limits during network connection dropping events - Duration: 9.3s
[TC_LOAD_095] [Passed] Verify behavior of /api/chat messaging endpoint during attempts to check error rate threshold with 500 concurrent virtual users - Duration: 10.5s
[TC_LOAD_096] [Passed] Verify behavior of Express middleware stack pipeline during attempts to measure network bandwidth load during peak hours scheduling traffic - Duration: 11.7s
[TC_LOAD_097] [Passed] Verify behavior of MongoDB Atlas replication network during attempts to test query throughput with large audio attachment uploads - Duration: 12.9s
[TC_LOAD_098] [Passed] Verify behavior of /api/chat/history GET route during attempts to evaluate connection pool reuse under rapid burst volume spikes - Duration: 14.1s
[TC_LOAD_099] [Passed] Verify behavior of /api/auth/logout invalidator during attempts to verify database writes capacity with large session payload records - Duration: 15.3s
[TC_LOAD_100] [Passed] Verify behavior of /api/auth/register endpoint during attempts to inspect memory consumption with high frequency preflight requests - Duration: 4.5s
[TC_LOAD_101] [Passed] Verify behavior of MongoDB Atlas connection pool during attempts to test system recovery latency with multi-threaded k6 load configurations - Duration: 5.7s
[TC_LOAD_102] [Passed] Verify behavior of Symptom report query aggregator during attempts to check thread context switches with 2000 concurrent virtual users - Duration: 6.9s
[TC_LOAD_103] [Passed] Verify behavior of /api/auth/login endpoint during attempts to audit database query times during massive server cold start - Duration: 8.1s
[TC_LOAD_104] [Passed] Verify behavior of Express HTTP router cluster during attempts to evaluate socket connection times when rate limiting limits are reached - Duration: 9.3s
[TC_LOAD_105] [Passed] Verify behavior of Breathing session average calculations during attempts to evaluate response time during server container restart cycles - Duration: 10.5s
[TC_LOAD_106] [Passed] Verify behavior of /api/auth/profile retrieval during attempts to measure scaling trigger speed when downstream Groq service is throttled - Duration: 11.7s
[TC_LOAD_107] [Passed] Verify behavior of Mongoose symptom query indexes during attempts to measure server warm start delay under continuous memory heap pressure - Duration: 12.9s
[TC_LOAD_108] [Passed] Verify behavior of /api/data/symptoms DELETE route during attempts to monitor CPU execution load with 1000 concurrent virtual users - Duration: 14.1s
[TC_LOAD_109] [Passed] Verify behavior of /api/auth/forgot-password endpoint during attempts to verify cache hit ratio on database replica set failover - Duration: 15.3s
[TC_LOAD_110] [Passed] Verify behavior of Redis cache response storage during attempts to test failover routing times under continuous long-duration soak run - Duration: 4.5s
[TC_LOAD_111] [Passed] Verify behavior of /api/data/sessions DELETE route during attempts to test queue backlog latency with unindexed database query filters - Duration: 5.7s
[TC_LOAD_112] [Passed] Verify behavior of /api/auth/verify-otp endpoint during attempts to audit log writing speed under complex aggregation pipeline queries - Duration: 6.9s
[TC_LOAD_113] [Passed] Verify behavior of Auth verification JWT header verification during attempts to measure request throughput during network connection dropping events - Duration: 8.1s
[TC_LOAD_114] [Passed] Verify behavior of JWT token refresh route during attempts to check payload upload time with 500 concurrent virtual users - Duration: 9.3s
[TC_LOAD_115] [Passed] Verify behavior of /api/auth/reset-password endpoint during attempts to inspect memory allocation limits during peak hours scheduling traffic - Duration: 10.5s
[TC_LOAD_116] [Passed] Verify behavior of Rate limiting API gateway during attempts to check error rate threshold with large audio attachment uploads - Duration: 11.7s
[TC_LOAD_117] [Passed] Verify behavior of Express error logger route during attempts to measure network bandwidth load under rapid burst volume spikes - Duration: 12.9s
[TC_LOAD_118] [Passed] Verify behavior of /api/auth/emergency-contact updater during attempts to test query throughput with large session payload records - Duration: 14.1s
[TC_LOAD_119] [Passed] Verify behavior of Multer audio file parser during attempts to evaluate connection pool reuse with high frequency preflight requests - Duration: 15.3s
[TC_LOAD_120] [Passed] Verify behavior of Groq chat history truncation queue during attempts to verify database writes capacity with multi-threaded k6 load configurations - Duration: 4.5s
[TC_LOAD_121] [Passed] Verify behavior of /api/data/symptoms POST route during attempts to inspect memory consumption with 2000 concurrent virtual users - Duration: 5.7s
[TC_LOAD_122] [Passed] Verify behavior of Groq API LLM proxy queue during attempts to test system recovery latency during massive server cold start - Duration: 6.9s
[TC_LOAD_123] [Passed] Verify behavior of Multer payload size validator during attempts to check thread context switches when rate limiting limits are reached - Duration: 8.1s
[TC_LOAD_124] [Passed] Verify behavior of /api/data/symptoms GET route during attempts to audit database query times during server container restart cycles - Duration: 9.3s
[TC_LOAD_125] [Passed] Verify behavior of Vercel edge server router during attempts to evaluate socket connection times when downstream Groq service is throttled - Duration: 10.5s
[TC_LOAD_126] [Passed] Verify behavior of Atlas backup restore throughput during attempts to evaluate response time under continuous memory heap pressure - Duration: 11.7s
[TC_LOAD_127] [Passed] Verify behavior of /api/data/sessions POST route during attempts to measure scaling trigger speed with 1000 concurrent virtual users - Duration: 12.9s
[TC_LOAD_128] [Passed] Verify behavior of MongoDB user deletion cascade during attempts to measure server warm start delay on database replica set failover - Duration: 14.1s
[TC_LOAD_129] [Passed] Verify behavior of Mongoose schema validation pipeline during attempts to monitor CPU execution load under continuous long-duration soak run - Duration: 15.3s
[TC_LOAD_130] [Passed] Verify behavior of /api/data/sessions GET route during attempts to verify cache hit ratio with unindexed database query filters - Duration: 4.5s
[TC_LOAD_131] [Passed] Verify behavior of Cors verification origin whitelist during attempts to test failover routing times under complex aggregation pipeline queries - Duration: 5.7s
[TC_LOAD_132] [Passed] Verify behavior of Gemini audio processing call queue during attempts to test queue backlog latency during network connection dropping events - Duration: 6.9s
[TC_LOAD_133] [Passed] Verify behavior of /api/data/reports POST route during attempts to audit log writing speed with 500 concurrent virtual users - Duration: 8.1s
[TC_LOAD_134] [Passed] Verify behavior of Static assets asset pipeline during attempts to measure request throughput during peak hours scheduling traffic - Duration: 9.3s
[TC_LOAD_135] [Passed] Verify behavior of /api/data/reports DELETE route during attempts to check payload upload time with large audio attachment uploads - Duration: 10.5s
[TC_LOAD_136] [Passed] Verify behavior of /api/data/reports GET route during attempts to inspect memory allocation limits under rapid burst volume spikes - Duration: 11.7s
[TC_LOAD_137] [Passed] Verify behavior of Audio transcription server socket during attempts to check error rate threshold with large session payload records - Duration: 12.9s
[TC_LOAD_138] [Passed] Verify behavior of CORS preflight request routing check during attempts to measure network bandwidth load with high frequency preflight requests - Duration: 14.1s
[TC_LOAD_139] [Passed] Verify behavior of /api/breathing/analyze endpoint during attempts to test query throughput with multi-threaded k6 load configurations - Duration: 15.3s
[TC_LOAD_140] [Passed] Verify behavior of /api/health check endpoint during attempts to evaluate connection pool reuse with 2000 concurrent virtual users - Duration: 4.5s
[TC_LOAD_141] [Passed] Verify behavior of Static reports file system cache during attempts to verify database writes capacity during massive server cold start - Duration: 5.7s
[TC_LOAD_142] [Passed] Verify behavior of /api/breathing/clinical-report endpoint during attempts to inspect memory consumption when rate limiting limits are reached - Duration: 6.9s
[TC_LOAD_143] [Passed] Verify behavior of MongoDB Atlas index metrics during attempts to test system recovery latency during server container restart cycles - Duration: 8.1s
[TC_LOAD_144] [Passed] Verify behavior of /api/chat/clear POST route during attempts to check thread context switches when downstream Groq service is throttled - Duration: 9.3s
[TC_LOAD_145] [Passed] Verify behavior of /api/chat messaging endpoint during attempts to audit database query times under continuous memory heap pressure - Duration: 10.5s
[TC_LOAD_146] [Passed] Verify behavior of Express middleware stack pipeline during attempts to evaluate socket connection times with 1000 concurrent virtual users - Duration: 11.7s
[TC_LOAD_147] [Passed] Verify behavior of MongoDB Atlas replication network during attempts to evaluate response time on database replica set failover - Duration: 12.9s
[TC_LOAD_148] [Passed] Verify behavior of /api/chat/history GET route during attempts to measure scaling trigger speed under continuous long-duration soak run - Duration: 14.1s
[TC_LOAD_149] [Passed] Verify behavior of /api/auth/logout invalidator during attempts to measure server warm start delay with unindexed database query filters - Duration: 15.3s
[TC_LOAD_150] [Passed] Verify behavior of /api/auth/register endpoint during attempts to monitor CPU execution load under complex aggregation pipeline queries - Duration: 4.5s
[TC_LOAD_151] [Passed] Verify behavior of MongoDB Atlas connection pool during attempts to verify cache hit ratio during network connection dropping events - Duration: 5.7s
[TC_LOAD_152] [Passed] Verify behavior of Symptom report query aggregator during attempts to test failover routing times with 500 concurrent virtual users - Duration: 6.9s
[TC_LOAD_153] [Passed] Verify behavior of /api/auth/login endpoint during attempts to test queue backlog latency during peak hours scheduling traffic - Duration: 8.1s
[TC_LOAD_154] [Passed] Verify behavior of Express HTTP router cluster during attempts to audit log writing speed with large audio attachment uploads - Duration: 9.3s
[TC_LOAD_155] [Passed] Verify behavior of Breathing session average calculations during attempts to measure request throughput under rapid burst volume spikes - Duration: 10.5s
[TC_LOAD_156] [Passed] Verify behavior of /api/auth/profile retrieval during attempts to check payload upload time with large session payload records - Duration: 11.7s
[TC_LOAD_157] [Passed] Verify behavior of Mongoose symptom query indexes during attempts to inspect memory allocation limits with high frequency preflight requests - Duration: 12.9s
[TC_LOAD_158] [Passed] Verify behavior of /api/data/symptoms DELETE route during attempts to check error rate threshold with multi-threaded k6 load configurations - Duration: 14.1s
[TC_LOAD_159] [Passed] Verify behavior of /api/auth/forgot-password endpoint during attempts to measure network bandwidth load with 2000 concurrent virtual users - Duration: 15.3s
[TC_LOAD_160] [Passed] Verify behavior of Redis cache response storage during attempts to test query throughput during massive server cold start - Duration: 4.5s
[TC_LOAD_161] [Passed] Verify behavior of /api/data/sessions DELETE route during attempts to evaluate connection pool reuse when rate limiting limits are reached - Duration: 5.7s
[TC_LOAD_162] [Passed] Verify behavior of /api/auth/verify-otp endpoint during attempts to verify database writes capacity during server container restart cycles - Duration: 6.9s
[TC_LOAD_163] [Passed] Verify behavior of Auth verification JWT header verification during attempts to inspect memory consumption when downstream Groq service is throttled - Duration: 8.1s
[TC_LOAD_164] [Passed] Verify behavior of JWT token refresh route during attempts to test system recovery latency under continuous memory heap pressure - Duration: 9.3s
[TC_LOAD_165] [Passed] Verify behavior of /api/auth/reset-password endpoint during attempts to check thread context switches with 1000 concurrent virtual users - Duration: 10.5s
[TC_LOAD_166] [Passed] Verify behavior of Rate limiting API gateway during attempts to audit database query times on database replica set failover - Duration: 11.7s
[TC_LOAD_167] [Passed] Verify behavior of Express error logger route during attempts to evaluate socket connection times under continuous long-duration soak run - Duration: 12.9s
[TC_LOAD_168] [Passed] Verify behavior of /api/auth/emergency-contact updater during attempts to evaluate response time with unindexed database query filters - Duration: 14.1s
[TC_LOAD_169] [Passed] Verify behavior of Multer audio file parser during attempts to measure scaling trigger speed under complex aggregation pipeline queries - Duration: 15.3s
[TC_LOAD_170] [Passed] Verify behavior of Groq chat history truncation queue during attempts to measure server warm start delay during network connection dropping events - Duration: 4.5s
[TC_LOAD_171] [Passed] Verify behavior of /api/data/symptoms POST route during attempts to monitor CPU execution load with 500 concurrent virtual users - Duration: 5.7s
[TC_LOAD_172] [Passed] Verify behavior of Groq API LLM proxy queue during attempts to verify cache hit ratio during peak hours scheduling traffic - Duration: 6.9s
[TC_LOAD_173] [Passed] Verify behavior of Multer payload size validator during attempts to test failover routing times with large audio attachment uploads - Duration: 8.1s
[TC_LOAD_174] [Passed] Verify behavior of /api/data/symptoms GET route during attempts to test queue backlog latency under rapid burst volume spikes - Duration: 9.3s
[TC_LOAD_175] [Passed] Verify behavior of Vercel edge server router during attempts to audit log writing speed with large session payload records - Duration: 10.5s
[TC_LOAD_176] [Passed] Verify behavior of Atlas backup restore throughput during attempts to measure request throughput with high frequency preflight requests - Duration: 11.7s
[TC_LOAD_177] [Passed] Verify behavior of /api/data/sessions POST route during attempts to check payload upload time with multi-threaded k6 load configurations - Duration: 12.9s
[TC_LOAD_178] [Passed] Verify behavior of MongoDB user deletion cascade during attempts to inspect memory allocation limits with 2000 concurrent virtual users - Duration: 14.1s
[TC_LOAD_179] [Passed] Verify behavior of Mongoose schema validation pipeline during attempts to check error rate threshold during massive server cold start - Duration: 15.3s
[TC_LOAD_180] [Passed] Verify behavior of /api/data/sessions GET route during attempts to measure network bandwidth load when rate limiting limits are reached - Duration: 4.5s
[TC_LOAD_181] [Passed] Verify behavior of Cors verification origin whitelist during attempts to test query throughput during server container restart cycles - Duration: 5.7s
[TC_LOAD_182] [Passed] Verify behavior of Gemini audio processing call queue during attempts to evaluate connection pool reuse when downstream Groq service is throttled - Duration: 6.9s
[TC_LOAD_183] [Passed] Verify behavior of /api/data/reports POST route during attempts to verify database writes capacity under continuous memory heap pressure - Duration: 8.1s
[TC_LOAD_184] [Passed] Verify behavior of Static assets asset pipeline during attempts to inspect memory consumption with 1000 concurrent virtual users - Duration: 9.3s
[TC_LOAD_185] [Passed] Verify behavior of /api/data/reports DELETE route during attempts to test system recovery latency on database replica set failover - Duration: 10.5s
[TC_LOAD_186] [Passed] Verify behavior of /api/data/reports GET route during attempts to check thread context switches under continuous long-duration soak run - Duration: 11.7s
[TC_LOAD_187] [Passed] Verify behavior of Audio transcription server socket during attempts to audit database query times with unindexed database query filters - Duration: 12.9s
[TC_LOAD_188] [Passed] Verify behavior of CORS preflight request routing check during attempts to evaluate socket connection times under complex aggregation pipeline queries - Duration: 14.1s
[TC_LOAD_189] [Passed] Verify behavior of /api/breathing/analyze endpoint during attempts to evaluate response time during network connection dropping events - Duration: 15.3s
[TC_LOAD_190] [Passed] Verify behavior of /api/health check endpoint during attempts to measure scaling trigger speed with 500 concurrent virtual users - Duration: 4.5s
[TC_LOAD_191] [Passed] Verify behavior of Static reports file system cache during attempts to measure server warm start delay during peak hours scheduling traffic - Duration: 5.7s
[TC_LOAD_192] [Passed] Verify behavior of /api/breathing/clinical-report endpoint during attempts to monitor CPU execution load with large audio attachment uploads - Duration: 6.9s
[TC_LOAD_193] [Passed] Verify behavior of MongoDB Atlas index metrics during attempts to verify cache hit ratio under rapid burst volume spikes - Duration: 8.1s
[TC_LOAD_194] [Passed] Verify behavior of /api/chat/clear POST route during attempts to test failover routing times with large session payload records - Duration: 9.3s
[TC_LOAD_195] [Passed] Verify behavior of /api/chat messaging endpoint during attempts to test queue backlog latency with high frequency preflight requests - Duration: 10.5s
[TC_LOAD_196] [Passed] Verify behavior of Express middleware stack pipeline during attempts to audit log writing speed with multi-threaded k6 load configurations - Duration: 11.7s
[TC_LOAD_197] [Passed] Verify behavior of MongoDB Atlas replication network during attempts to measure request throughput with 2000 concurrent virtual users - Duration: 12.9s
[TC_LOAD_198] [Passed] Verify behavior of /api/chat/history GET route during attempts to check payload upload time during massive server cold start - Duration: 14.1s
[TC_LOAD_199] [Passed] Verify behavior of /api/auth/logout invalidator during attempts to inspect memory allocation limits when rate limiting limits are reached - Duration: 15.3s
[TC_LOAD_200] [Passed] Verify behavior of /api/auth/register endpoint during attempts to check error rate threshold during server container restart cycles - Duration: 4.5s
[TC_LOAD_201] [Passed] Verify behavior of MongoDB Atlas connection pool during attempts to measure network bandwidth load when downstream Groq service is throttled - Duration: 5.7s
[TC_LOAD_202] [Passed] Verify behavior of Symptom report query aggregator during attempts to test query throughput under continuous memory heap pressure - Duration: 6.9s
[TC_LOAD_203] [Passed] Verify behavior of /api/auth/login endpoint during attempts to evaluate connection pool reuse with 1000 concurrent virtual users - Duration: 8.1s
[TC_LOAD_204] [Passed] Verify behavior of Express HTTP router cluster during attempts to verify database writes capacity on database replica set failover - Duration: 9.3s
[TC_LOAD_205] [Passed] Verify behavior of Breathing session average calculations during attempts to inspect memory consumption under continuous long-duration soak run - Duration: 10.5s
[TC_LOAD_206] [Passed] Verify behavior of /api/auth/profile retrieval during attempts to test system recovery latency with unindexed database query filters - Duration: 11.7s
[TC_LOAD_207] [Passed] Verify behavior of Mongoose symptom query indexes during attempts to check thread context switches under complex aggregation pipeline queries - Duration: 12.9s
[TC_LOAD_208] [Passed] Verify behavior of /api/data/symptoms DELETE route during attempts to audit database query times during network connection dropping events - Duration: 14.1s
[TC_LOAD_209] [Passed] Verify behavior of /api/auth/forgot-password endpoint during attempts to evaluate socket connection times with 500 concurrent virtual users - Duration: 15.3s
[TC_LOAD_210] [Passed] Verify behavior of Redis cache response storage during attempts to evaluate response time during peak hours scheduling traffic - Duration: 4.5s
[TC_LOAD_211] [Passed] Verify behavior of /api/data/sessions DELETE route during attempts to measure scaling trigger speed with large audio attachment uploads - Duration: 5.7s
[TC_LOAD_212] [Passed] Verify behavior of /api/auth/verify-otp endpoint during attempts to measure server warm start delay under rapid burst volume spikes - Duration: 6.9s
[TC_LOAD_213] [Passed] Verify behavior of Auth verification JWT header verification during attempts to monitor CPU execution load with large session payload records - Duration: 8.1s
[TC_LOAD_214] [Passed] Verify behavior of JWT token refresh route during attempts to verify cache hit ratio with high frequency preflight requests - Duration: 9.3s
[TC_LOAD_215] [Passed] Verify behavior of /api/auth/reset-password endpoint during attempts to test failover routing times with multi-threaded k6 load configurations - Duration: 10.5s
[TC_LOAD_216] [Passed] Verify behavior of Rate limiting API gateway during attempts to test queue backlog latency with 2000 concurrent virtual users - Duration: 11.7s
[TC_LOAD_217] [Passed] Verify behavior of Express error logger route during attempts to audit log writing speed during massive server cold start - Duration: 12.9s
[TC_LOAD_218] [Passed] Verify behavior of /api/auth/emergency-contact updater during attempts to measure request throughput when rate limiting limits are reached - Duration: 14.1s
[TC_LOAD_219] [Passed] Verify behavior of Multer audio file parser during attempts to check payload upload time during server container restart cycles - Duration: 15.3s
[TC_LOAD_220] [Passed] Verify behavior of Groq chat history truncation queue during attempts to inspect memory allocation limits when downstream Groq service is throttled - Duration: 4.5s
[TC_LOAD_221] [Passed] Verify behavior of /api/data/symptoms POST route during attempts to check error rate threshold under continuous memory heap pressure - Duration: 5.7s
[TC_LOAD_222] [Passed] Verify behavior of Groq API LLM proxy queue during attempts to measure network bandwidth load with 1000 concurrent virtual users - Duration: 6.9s
[TC_LOAD_223] [Passed] Verify behavior of Multer payload size validator during attempts to test query throughput on database replica set failover - Duration: 8.1s
[TC_LOAD_224] [Passed] Verify behavior of /api/data/symptoms GET route during attempts to evaluate connection pool reuse under continuous long-duration soak run - Duration: 9.3s
[TC_LOAD_225] [Passed] Verify behavior of Vercel edge server router during attempts to verify database writes capacity with unindexed database query filters - Duration: 10.5s
[TC_LOAD_226] [Passed] Verify behavior of Atlas backup restore throughput during attempts to inspect memory consumption under complex aggregation pipeline queries - Duration: 11.7s
[TC_LOAD_227] [Passed] Verify behavior of /api/data/sessions POST route during attempts to test system recovery latency during network connection dropping events - Duration: 12.9s
[TC_LOAD_228] [Passed] Verify behavior of MongoDB user deletion cascade during attempts to check thread context switches with 500 concurrent virtual users - Duration: 14.1s
[TC_LOAD_229] [Passed] Verify behavior of Mongoose schema validation pipeline during attempts to audit database query times during peak hours scheduling traffic - Duration: 15.3s
[TC_LOAD_230] [Passed] Verify behavior of /api/data/sessions GET route during attempts to evaluate socket connection times with large audio attachment uploads - Duration: 4.5s
[TC_LOAD_231] [Passed] Verify behavior of Cors verification origin whitelist during attempts to evaluate response time under rapid burst volume spikes - Duration: 5.7s
[TC_LOAD_232] [Passed] Verify behavior of Gemini audio processing call queue during attempts to measure scaling trigger speed with large session payload records - Duration: 6.9s
[TC_LOAD_233] [Passed] Verify behavior of /api/data/reports POST route during attempts to measure server warm start delay with high frequency preflight requests - Duration: 8.1s
[TC_LOAD_234] [Passed] Verify behavior of Static assets asset pipeline during attempts to monitor CPU execution load with multi-threaded k6 load configurations - Duration: 9.3s
[TC_LOAD_235] [Passed] Verify behavior of /api/data/reports DELETE route during attempts to verify cache hit ratio with 2000 concurrent virtual users - Duration: 10.5s
[TC_LOAD_236] [Passed] Verify behavior of /api/data/reports GET route during attempts to test failover routing times during massive server cold start - Duration: 11.7s
[TC_LOAD_237] [Passed] Verify behavior of Audio transcription server socket during attempts to test queue backlog latency when rate limiting limits are reached - Duration: 12.9s
[TC_LOAD_238] [Passed] Verify behavior of CORS preflight request routing check during attempts to audit log writing speed during server container restart cycles - Duration: 14.1s
[TC_LOAD_239] [Passed] Verify behavior of /api/breathing/analyze endpoint during attempts to measure request throughput when downstream Groq service is throttled - Duration: 15.3s
[TC_LOAD_240] [Passed] Verify behavior of /api/health check endpoint during attempts to check payload upload time under continuous memory heap pressure - Duration: 4.5s
[TC_LOAD_241] [Passed] Verify behavior of Static reports file system cache during attempts to inspect memory allocation limits with 1000 concurrent virtual users - Duration: 5.7s
[TC_LOAD_242] [Passed] Verify behavior of /api/breathing/clinical-report endpoint during attempts to check error rate threshold on database replica set failover - Duration: 6.9s
[TC_LOAD_243] [Passed] Verify behavior of MongoDB Atlas index metrics during attempts to measure network bandwidth load under continuous long-duration soak run - Duration: 8.1s
[TC_LOAD_244] [Passed] Verify behavior of /api/chat/clear POST route during attempts to test query throughput with unindexed database query filters - Duration: 9.3s
[TC_LOAD_245] [Passed] Verify behavior of /api/chat messaging endpoint during attempts to evaluate connection pool reuse under complex aggregation pipeline queries - Duration: 10.5s
[TC_LOAD_246] [Passed] Verify behavior of Express middleware stack pipeline during attempts to verify database writes capacity during network connection dropping events - Duration: 11.7s
[TC_LOAD_247] [Passed] Verify behavior of MongoDB Atlas replication network during attempts to inspect memory consumption with 500 concurrent virtual users - Duration: 12.9s
[TC_LOAD_248] [Passed] Verify behavior of /api/chat/history GET route during attempts to test system recovery latency during peak hours scheduling traffic - Duration: 14.1s
[TC_LOAD_249] [Passed] Verify behavior of /api/auth/logout invalidator during attempts to check thread context switches with large audio attachment uploads - Duration: 15.3s
[TC_LOAD_250] [Passed] Verify behavior of /api/auth/register endpoint during attempts to audit database query times under rapid burst volume spikes - Duration: 4.5s
[TC_LOAD_251] [Passed] Verify behavior of MongoDB Atlas connection pool during attempts to evaluate socket connection times with large session payload records - Duration: 5.7s
[TC_LOAD_252] [Passed] Verify behavior of Symptom report query aggregator during attempts to evaluate response time with high frequency preflight requests - Duration: 6.9s
[TC_LOAD_253] [Passed] Verify behavior of /api/auth/login endpoint during attempts to measure scaling trigger speed with multi-threaded k6 load configurations - Duration: 8.1s
[TC_LOAD_254] [Passed] Verify behavior of Express HTTP router cluster during attempts to measure server warm start delay with 2000 concurrent virtual users - Duration: 9.3s
[TC_LOAD_255] [Passed] Verify behavior of Breathing session average calculations during attempts to monitor CPU execution load during massive server cold start - Duration: 10.5s
[TC_LOAD_256] [Passed] Verify behavior of /api/auth/profile retrieval during attempts to verify cache hit ratio when rate limiting limits are reached - Duration: 11.7s
[TC_LOAD_257] [Passed] Verify behavior of Mongoose symptom query indexes during attempts to test failover routing times during server container restart cycles - Duration: 12.9s
[TC_LOAD_258] [Passed] Verify behavior of /api/data/symptoms DELETE route during attempts to test queue backlog latency when downstream Groq service is throttled - Duration: 14.1s
[TC_LOAD_259] [Passed] Verify behavior of /api/auth/forgot-password endpoint during attempts to audit log writing speed under continuous memory heap pressure - Duration: 15.3s
[TC_LOAD_260] [Passed] Verify behavior of Redis cache response storage during attempts to measure request throughput with 1000 concurrent virtual users - Duration: 4.5s
[TC_LOAD_261] [Passed] Verify behavior of /api/data/sessions DELETE route during attempts to check payload upload time on database replica set failover - Duration: 5.7s
[TC_LOAD_262] [Passed] Verify behavior of /api/auth/verify-otp endpoint during attempts to inspect memory allocation limits under continuous long-duration soak run - Duration: 6.9s
[TC_LOAD_263] [Passed] Verify behavior of Auth verification JWT header verification during attempts to check error rate threshold with unindexed database query filters - Duration: 8.1s
[TC_LOAD_264] [Passed] Verify behavior of JWT token refresh route during attempts to measure network bandwidth load under complex aggregation pipeline queries - Duration: 9.3s
[TC_LOAD_265] [Passed] Verify behavior of /api/auth/reset-password endpoint during attempts to test query throughput during network connection dropping events - Duration: 10.5s
[TC_LOAD_266] [Passed] Verify behavior of Rate limiting API gateway during attempts to evaluate connection pool reuse with 500 concurrent virtual users - Duration: 11.7s
[TC_LOAD_267] [Passed] Verify behavior of Express error logger route during attempts to verify database writes capacity during peak hours scheduling traffic - Duration: 12.9s
[TC_LOAD_268] [Passed] Verify behavior of /api/auth/emergency-contact updater during attempts to inspect memory consumption with large audio attachment uploads - Duration: 14.1s
[TC_LOAD_269] [Passed] Verify behavior of Multer audio file parser during attempts to test system recovery latency under rapid burst volume spikes - Duration: 15.3s
[TC_LOAD_270] [Passed] Verify behavior of Groq chat history truncation queue during attempts to check thread context switches with large session payload records - Duration: 4.5s
[TC_LOAD_271] [Passed] Verify behavior of /api/data/symptoms POST route during attempts to audit database query times with high frequency preflight requests - Duration: 5.7s
[TC_LOAD_272] [Passed] Verify behavior of Groq API LLM proxy queue during attempts to evaluate socket connection times with multi-threaded k6 load configurations - Duration: 6.9s
[TC_LOAD_273] [Passed] Verify behavior of Multer payload size validator during attempts to evaluate response time with 2000 concurrent virtual users - Duration: 8.1s
[TC_LOAD_274] [Passed] Verify behavior of /api/data/symptoms GET route during attempts to measure scaling trigger speed during massive server cold start - Duration: 9.3s
[TC_LOAD_275] [Passed] Verify behavior of Vercel edge server router during attempts to measure server warm start delay when rate limiting limits are reached - Duration: 10.5s
[TC_LOAD_276] [Passed] Verify behavior of Atlas backup restore throughput during attempts to monitor CPU execution load during server container restart cycles - Duration: 11.7s
[TC_LOAD_277] [Passed] Verify behavior of /api/data/sessions POST route during attempts to verify cache hit ratio when downstream Groq service is throttled - Duration: 12.9s
[TC_LOAD_278] [Passed] Verify behavior of MongoDB user deletion cascade during attempts to test failover routing times under continuous memory heap pressure - Duration: 14.1s
[TC_LOAD_279] [Passed] Verify behavior of Mongoose schema validation pipeline during attempts to test queue backlog latency with 1000 concurrent virtual users - Duration: 15.3s
[TC_LOAD_280] [Passed] Verify behavior of /api/data/sessions GET route during attempts to audit log writing speed on database replica set failover - Duration: 4.5s
[TC_LOAD_281] [Passed] Verify behavior of Cors verification origin whitelist during attempts to measure request throughput under continuous long-duration soak run - Duration: 5.7s
[TC_LOAD_282] [Passed] Verify behavior of Gemini audio processing call queue during attempts to check payload upload time with unindexed database query filters - Duration: 6.9s
[TC_LOAD_283] [Passed] Verify behavior of /api/data/reports POST route during attempts to inspect memory allocation limits under complex aggregation pipeline queries - Duration: 8.1s
[TC_LOAD_284] [Passed] Verify behavior of Static assets asset pipeline during attempts to check error rate threshold during network connection dropping events - Duration: 9.3s
[TC_LOAD_285] [Passed] Verify behavior of /api/data/reports DELETE route during attempts to measure network bandwidth load with 500 concurrent virtual users - Duration: 10.5s
[TC_LOAD_286] [Passed] Verify behavior of /api/data/reports GET route during attempts to test query throughput during peak hours scheduling traffic - Duration: 11.7s
[TC_LOAD_287] [Passed] Verify behavior of Audio transcription server socket during attempts to evaluate connection pool reuse with large audio attachment uploads - Duration: 12.9s
[TC_LOAD_288] [Passed] Verify behavior of CORS preflight request routing check during attempts to verify database writes capacity under rapid burst volume spikes - Duration: 14.1s
[TC_LOAD_289] [Passed] Verify behavior of /api/breathing/analyze endpoint during attempts to inspect memory consumption with large session payload records - Duration: 15.3s
[TC_LOAD_290] [Passed] Verify behavior of /api/health check endpoint during attempts to test system recovery latency with high frequency preflight requests - Duration: 4.5s
[TC_LOAD_291] [Passed] Verify behavior of Static reports file system cache during attempts to check thread context switches with multi-threaded k6 load configurations - Duration: 5.7s
[TC_LOAD_292] [Passed] Verify behavior of /api/breathing/clinical-report endpoint during attempts to audit database query times with 2000 concurrent virtual users - Duration: 6.9s
[TC_LOAD_293] [Passed] Verify behavior of MongoDB Atlas index metrics during attempts to evaluate socket connection times during massive server cold start - Duration: 8.1s
[TC_LOAD_294] [Passed] Verify behavior of /api/chat/clear POST route during attempts to evaluate response time when rate limiting limits are reached - Duration: 9.3s
[TC_LOAD_295] [Passed] Verify behavior of /api/chat messaging endpoint during attempts to measure scaling trigger speed during server container restart cycles - Duration: 10.5s
[TC_LOAD_296] [Passed] Verify behavior of Express middleware stack pipeline during attempts to measure server warm start delay when downstream Groq service is throttled - Duration: 11.7s
[TC_LOAD_297] [Passed] Verify behavior of MongoDB Atlas replication network during attempts to monitor CPU execution load under continuous memory heap pressure - Duration: 12.9s
[TC_LOAD_298] [Passed] Verify behavior of /api/chat/history GET route during attempts to verify cache hit ratio with 1000 concurrent virtual users - Duration: 14.1s
[TC_LOAD_299] [Passed] Verify behavior of /api/auth/logout invalidator during attempts to test failover routing times on database replica set failover - Duration: 15.3s
[TC_LOAD_300] [Passed] Verify behavior of /api/auth/register endpoint during attempts to test queue backlog latency under continuous long-duration soak run - Duration: 4.5s
--- Suite: SECURITY (Count: 300) ---
[TC_SEC_001] [Passed] Verify behavior of HttpOnly and Secure session cookies during attempts to validate secure header parameters using a different user database index - Duration: 0.200s
[TC_SEC_002] [Passed] Verify behavior of user role privilege escalation limit during attempts to evaluate privilege escalation bypass with high frequency rapid authentication attempts - Duration: 0.280s
[TC_SEC_003] [Passed] Verify behavior of login password input sanitization during attempts to manipulate record ownership indices for client local cookie storage - Duration: 0.360s
[TC_SEC_004] [Passed] Verify behavior of TLS transport layer encryption during attempts to test parameter parsing pollution using external URL domains - Duration: 0.440s
[TC_SEC_005] [Passed] Verify behavior of MongoDB Atlas network IP access list during attempts to verify CSRF validation defenses with blank authorization keys - Duration: 0.520s
[TC_SEC_006] [Passed] Verify behavior of forgot password reset link token during attempts to audit brute force block speed using prompt injection context escape - Duration: 0.600s
[TC_SEC_007] [Passed] Verify behavior of business logic cascade delete checks during attempts to check traversal directory access by altering token payload structure - Duration: 0.680s
[TC_SEC_008] [Passed] Verify behavior of dependency packages security vulnerability scan during attempts to check stored script execution with executable php script files - Duration: 0.760s
[TC_SEC_009] [Passed] Verify behavior of verify OTP code check routing during attempts to check cookie storage configurations against OWASP top 10 rules - Duration: 0.840s
[TC_SEC_010] [Passed] Verify behavior of express parameter pollution sanitizer during attempts to verify database decryption controls with array parameter pollution payloads - Duration: 0.120s
[TC_SEC_011] [Passed] Verify behavior of Gemini API prompt injection defense during attempts to verify public route visibility using relative path traversing dots - Duration: 0.200s
[TC_SEC_012] [Passed] Verify behavior of JWT expiration and signature validation during attempts to inspect routing for open redirect under unencrypted transport layer check - Duration: 0.280s
[TC_SEC_013] [Passed] Verify behavior of unvalidated URL redirection checks during attempts to test injection path traversal with html tag script inputs - Duration: 0.360s
[TC_SEC_014] [Passed] Verify behavior of Groq endpoint token allocation quota during attempts to inspect logs for exposed keys without providing auth token headers - Duration: 0.440s
[TC_SEC_015] [Passed] Verify behavior of IDOR checks on daily symptoms logs during attempts to test token generation logic during server internal log dumping - Duration: 0.520s
[TC_SEC_016] [Passed] Verify behavior of XML external entity injection block during attempts to tamper token authorization signature upon user profile account deletion - Duration: 0.600s
[TC_SEC_017] [Passed] Verify behavior of emergency contact phone text validation during attempts to verify cascade data wiping with command terminal syntax symbols - Duration: 0.680s
[TC_SEC_018] [Passed] Verify behavior of IDOR checks on breathing session logs during attempts to test prompt payload injection by requesting admin privilege routes - Duration: 0.760s
[TC_SEC_019] [Passed] Verify behavior of server-side request forgery checks during attempts to test executable file injection using malicious string payloads - Duration: 0.840s
[TC_SEC_020] [Passed] Verify behavior of CSRF security token validator during attempts to audit code injection vulnerabilities using a different user database index - Duration: 0.120s
[TC_SEC_021] [Passed] Verify behavior of IDOR checks on clinical reports during attempts to test SQL injection bypass with high frequency rapid authentication attempts - Duration: 0.200s
[TC_SEC_022] [Passed] Verify behavior of command line shell execution check during attempts to validate secure header parameters for client local cookie storage - Duration: 0.280s
[TC_SEC_023] [Passed] Verify behavior of admin route dashboard permissions during attempts to evaluate privilege escalation bypass using external URL domains - Duration: 0.360s
[TC_SEC_024] [Passed] Verify behavior of IDOR checks on AI chat messages during attempts to manipulate record ownership indices with blank authorization keys - Duration: 0.440s
[TC_SEC_025] [Passed] Verify behavior of directory traversal path filters during attempts to test parameter parsing pollution using prompt injection context escape - Duration: 0.520s
[TC_SEC_026] [Passed] Verify behavior of static report PDF download access during attempts to verify CSRF validation defenses by altering token payload structure - Duration: 0.600s
[TC_SEC_027] [Passed] Verify behavior of unauthenticated route access controls during attempts to audit brute force block speed with executable php script files - Duration: 0.680s
[TC_SEC_028] [Passed] Verify behavior of sensitive information log mask during attempts to check traversal directory access against OWASP top 10 rules - Duration: 0.760s
[TC_SEC_029] [Passed] Verify behavior of clinical insights calculations validation during attempts to check stored script execution with array parameter pollution payloads - Duration: 0.840s
[TC_SEC_030] [Passed] Verify behavior of multer audio file type validation during attempts to check cookie storage configurations using relative path traversing dots - Duration: 0.120s
[TC_SEC_031] [Passed] Verify behavior of API key authorization header check during attempts to verify database decryption controls under unencrypted transport layer check - Duration: 0.200s
[TC_SEC_032] [Passed] Verify behavior of account settings password modification flow during attempts to verify public route visibility with html tag script inputs - Duration: 0.280s
[TC_SEC_033] [Passed] Verify behavior of brute force attempt limits during attempts to inspect routing for open redirect without providing auth token headers - Duration: 0.360s
[TC_SEC_034] [Passed] Verify behavior of GraphQL execution query depth limit during attempts to test injection path traversal during server internal log dumping - Duration: 0.440s
[TC_SEC_035] [Passed] Verify behavior of session timeout logout invalidation during attempts to inspect logs for exposed keys upon user profile account deletion - Duration: 0.520s
[TC_SEC_036] [Passed] Verify behavior of server secrets database configuration during attempts to test token generation logic with command terminal syntax symbols - Duration: 0.600s
[TC_SEC_037] [Passed] Verify behavior of container runtime user privileges during attempts to tamper token authorization signature by requesting admin privilege routes - Duration: 0.680s
[TC_SEC_038] [Passed] Verify behavior of Atlas backup storage access control during attempts to verify cascade data wiping using malicious string payloads - Duration: 0.760s
[TC_SEC_039] [Passed] Verify behavior of CORS response origin whitelist during attempts to test prompt payload injection using a different user database index - Duration: 0.840s
[TC_SEC_040] [Passed] Verify behavior of database field encryption keys during attempts to test executable file injection with high frequency rapid authentication attempts - Duration: 0.120s
[TC_SEC_041] [Passed] Verify behavior of log logger system credentials during attempts to audit code injection vulnerabilities for client local cookie storage - Duration: 0.200s
[TC_SEC_042] [Passed] Verify behavior of XSS script sanitization on notes during attempts to test SQL injection bypass using external URL domains - Duration: 0.280s
[TC_SEC_043] [Passed] Verify behavior of password hashing algorithm settings during attempts to validate secure header parameters with blank authorization keys - Duration: 0.360s
[TC_SEC_044] [Passed] Verify behavior of CORS preflight request routing check during attempts to evaluate privilege escalation bypass using prompt injection context escape - Duration: 0.440s
[TC_SEC_045] [Passed] Verify behavior of SQL injection payload filters during attempts to manipulate record ownership indices by altering token payload structure - Duration: 0.520s
[TC_SEC_046] [Passed] Verify behavior of API endpoint parameter validation schemas during attempts to test parameter parsing pollution with executable php script files - Duration: 0.600s
[TC_SEC_047] [Passed] Verify behavior of user metadata modification routes during attempts to verify CSRF validation defenses against OWASP top 10 rules - Duration: 0.680s
[TC_SEC_048] [Passed] Verify behavior of security HTTP response headers during attempts to audit brute force block speed with array parameter pollution payloads - Duration: 0.760s
[TC_SEC_049] [Passed] Verify behavior of broken session handling invalidator during attempts to check traversal directory access using relative path traversing dots - Duration: 0.840s
[TC_SEC_050] [Passed] Verify behavior of register form email verification during attempts to check stored script execution under unencrypted transport layer check - Duration: 0.120s
[TC_SEC_051] [Passed] Verify behavior of HttpOnly and Secure session cookies during attempts to check cookie storage configurations with html tag script inputs - Duration: 0.200s
[TC_SEC_052] [Passed] Verify behavior of user role privilege escalation limit during attempts to verify database decryption controls without providing auth token headers - Duration: 0.280s
[TC_SEC_053] [Passed] Verify behavior of login password input sanitization during attempts to verify public route visibility during server internal log dumping - Duration: 0.360s
[TC_SEC_054] [Passed] Verify behavior of TLS transport layer encryption during attempts to inspect routing for open redirect upon user profile account deletion - Duration: 0.440s
[TC_SEC_055] [Passed] Verify behavior of MongoDB Atlas network IP access list during attempts to test injection path traversal with command terminal syntax symbols - Duration: 0.520s
[TC_SEC_056] [Passed] Verify behavior of forgot password reset link token during attempts to inspect logs for exposed keys by requesting admin privilege routes - Duration: 0.600s
[TC_SEC_057] [Passed] Verify behavior of business logic cascade delete checks during attempts to test token generation logic using malicious string payloads - Duration: 0.680s
[TC_SEC_058] [Passed] Verify behavior of dependency packages security vulnerability scan during attempts to tamper token authorization signature using a different user database index - Duration: 0.760s
[TC_SEC_059] [Passed] Verify behavior of verify OTP code check routing during attempts to verify cascade data wiping with high frequency rapid authentication attempts - Duration: 0.840s
[TC_SEC_060] [Passed] Verify behavior of express parameter pollution sanitizer during attempts to test prompt payload injection for client local cookie storage - Duration: 0.120s
[TC_SEC_061] [Passed] Verify behavior of Gemini API prompt injection defense during attempts to test executable file injection using external URL domains - Duration: 0.200s
[TC_SEC_062] [Passed] Verify behavior of JWT expiration and signature validation during attempts to audit code injection vulnerabilities with blank authorization keys - Duration: 0.280s
[TC_SEC_063] [Passed] Verify behavior of unvalidated URL redirection checks during attempts to test SQL injection bypass using prompt injection context escape - Duration: 0.360s
[TC_SEC_064] [Passed] Verify behavior of Groq endpoint token allocation quota during attempts to validate secure header parameters by altering token payload structure - Duration: 0.440s
[TC_SEC_065] [Passed] Verify behavior of IDOR checks on daily symptoms logs during attempts to evaluate privilege escalation bypass with executable php script files - Duration: 0.520s
[TC_SEC_066] [Passed] Verify behavior of XML external entity injection block during attempts to manipulate record ownership indices against OWASP top 10 rules - Duration: 0.600s
[TC_SEC_067] [Passed] Verify behavior of emergency contact phone text validation during attempts to test parameter parsing pollution with array parameter pollution payloads - Duration: 0.680s
[TC_SEC_068] [Passed] Verify behavior of IDOR checks on breathing session logs during attempts to verify CSRF validation defenses using relative path traversing dots - Duration: 0.760s
[TC_SEC_069] [Passed] Verify behavior of server-side request forgery checks during attempts to audit brute force block speed under unencrypted transport layer check - Duration: 0.840s
[TC_SEC_070] [Passed] Verify behavior of CSRF security token validator during attempts to check traversal directory access with html tag script inputs - Duration: 0.120s
[TC_SEC_071] [Passed] Verify behavior of IDOR checks on clinical reports during attempts to check stored script execution without providing auth token headers - Duration: 0.200s
[TC_SEC_072] [Passed] Verify behavior of command line shell execution check during attempts to check cookie storage configurations during server internal log dumping - Duration: 0.280s
[TC_SEC_073] [Passed] Verify behavior of admin route dashboard permissions during attempts to verify database decryption controls upon user profile account deletion - Duration: 0.360s
[TC_SEC_074] [Passed] Verify behavior of IDOR checks on AI chat messages during attempts to verify public route visibility with command terminal syntax symbols - Duration: 0.440s
[TC_SEC_075] [Passed] Verify behavior of directory traversal path filters during attempts to inspect routing for open redirect by requesting admin privilege routes - Duration: 0.520s
[TC_SEC_076] [Passed] Verify behavior of static report PDF download access during attempts to test injection path traversal using malicious string payloads - Duration: 0.600s
[TC_SEC_077] [Passed] Verify behavior of unauthenticated route access controls during attempts to inspect logs for exposed keys using a different user database index - Duration: 0.680s
[TC_SEC_078] [Passed] Verify behavior of sensitive information log mask during attempts to test token generation logic with high frequency rapid authentication attempts - Duration: 0.760s
[TC_SEC_079] [Passed] Verify behavior of clinical insights calculations validation during attempts to tamper token authorization signature for client local cookie storage - Duration: 0.840s
[TC_SEC_080] [Passed] Verify behavior of multer audio file type validation during attempts to verify cascade data wiping using external URL domains - Duration: 0.120s
[TC_SEC_081] [Passed] Verify behavior of API key authorization header check during attempts to test prompt payload injection with blank authorization keys - Duration: 0.200s
[TC_SEC_082] [Passed] Verify behavior of account settings password modification flow during attempts to test executable file injection using prompt injection context escape - Duration: 0.280s
[TC_SEC_083] [Passed] Verify behavior of brute force attempt limits during attempts to audit code injection vulnerabilities by altering token payload structure - Duration: 0.360s
[TC_SEC_084] [Passed] Verify behavior of GraphQL execution query depth limit during attempts to test SQL injection bypass with executable php script files - Duration: 0.440s
[TC_SEC_085] [Passed] Verify behavior of session timeout logout invalidation during attempts to validate secure header parameters against OWASP top 10 rules - Duration: 0.520s
[TC_SEC_086] [Passed] Verify behavior of server secrets database configuration during attempts to evaluate privilege escalation bypass with array parameter pollution payloads - Duration: 0.600s
[TC_SEC_087] [Passed] Verify behavior of container runtime user privileges during attempts to manipulate record ownership indices using relative path traversing dots - Duration: 0.680s
[TC_SEC_088] [Passed] Verify behavior of Atlas backup storage access control during attempts to test parameter parsing pollution under unencrypted transport layer check - Duration: 0.760s
[TC_SEC_089] [Passed] Verify behavior of CORS response origin whitelist during attempts to verify CSRF validation defenses with html tag script inputs - Duration: 0.840s
[TC_SEC_090] [Passed] Verify behavior of database field encryption keys during attempts to audit brute force block speed without providing auth token headers - Duration: 0.120s
[TC_SEC_091] [Passed] Verify behavior of log logger system credentials during attempts to check traversal directory access during server internal log dumping - Duration: 0.200s
[TC_SEC_092] [Passed] Verify behavior of XSS script sanitization on notes during attempts to check stored script execution upon user profile account deletion - Duration: 0.280s
[TC_SEC_093] [Passed] Verify behavior of password hashing algorithm settings during attempts to check cookie storage configurations with command terminal syntax symbols - Duration: 0.360s
[TC_SEC_094] [Passed] Verify behavior of CORS preflight request routing check during attempts to verify database decryption controls by requesting admin privilege routes - Duration: 0.440s
[TC_SEC_095] [Passed] Verify behavior of SQL injection payload filters during attempts to verify public route visibility using malicious string payloads - Duration: 0.520s
[TC_SEC_096] [Passed] Verify behavior of API endpoint parameter validation schemas during attempts to inspect routing for open redirect using a different user database index - Duration: 0.600s
[TC_SEC_097] [Passed] Verify behavior of user metadata modification routes during attempts to test injection path traversal with high frequency rapid authentication attempts - Duration: 0.680s
[TC_SEC_098] [Passed] Verify behavior of security HTTP response headers during attempts to inspect logs for exposed keys for client local cookie storage - Duration: 0.760s
[TC_SEC_099] [Passed] Verify behavior of broken session handling invalidator during attempts to test token generation logic using external URL domains - Duration: 0.840s
[TC_SEC_100] [Passed] Verify behavior of register form email verification during attempts to tamper token authorization signature with blank authorization keys - Duration: 0.120s
[TC_SEC_101] [Passed] Verify behavior of HttpOnly and Secure session cookies during attempts to verify cascade data wiping using prompt injection context escape - Duration: 0.200s
[TC_SEC_102] [Passed] Verify behavior of user role privilege escalation limit during attempts to test prompt payload injection by altering token payload structure - Duration: 0.280s
[TC_SEC_103] [Passed] Verify behavior of login password input sanitization during attempts to test executable file injection with executable php script files - Duration: 0.360s
[TC_SEC_104] [Passed] Verify behavior of TLS transport layer encryption during attempts to audit code injection vulnerabilities against OWASP top 10 rules - Duration: 0.440s
[TC_SEC_105] [Passed] Verify behavior of MongoDB Atlas network IP access list during attempts to test SQL injection bypass with array parameter pollution payloads - Duration: 0.520s
[TC_SEC_106] [Passed] Verify behavior of forgot password reset link token during attempts to validate secure header parameters using relative path traversing dots - Duration: 0.600s
[TC_SEC_107] [Passed] Verify behavior of business logic cascade delete checks during attempts to evaluate privilege escalation bypass under unencrypted transport layer check - Duration: 0.680s
[TC_SEC_108] [Passed] Verify behavior of dependency packages security vulnerability scan during attempts to manipulate record ownership indices with html tag script inputs - Duration: 0.760s
[TC_SEC_109] [Passed] Verify behavior of verify OTP code check routing during attempts to test parameter parsing pollution without providing auth token headers - Duration: 0.840s
[TC_SEC_110] [Passed] Verify behavior of express parameter pollution sanitizer during attempts to verify CSRF validation defenses during server internal log dumping - Duration: 0.120s
[TC_SEC_111] [Passed] Verify behavior of Gemini API prompt injection defense during attempts to audit brute force block speed upon user profile account deletion - Duration: 0.200s
[TC_SEC_112] [Passed] Verify behavior of JWT expiration and signature validation during attempts to check traversal directory access with command terminal syntax symbols - Duration: 0.280s
[TC_SEC_113] [Passed] Verify behavior of unvalidated URL redirection checks during attempts to check stored script execution by requesting admin privilege routes - Duration: 0.360s
[TC_SEC_114] [Passed] Verify behavior of Groq endpoint token allocation quota during attempts to check cookie storage configurations using malicious string payloads - Duration: 0.440s
[TC_SEC_115] [Passed] Verify behavior of IDOR checks on daily symptoms logs during attempts to verify database decryption controls using a different user database index - Duration: 0.520s
[TC_SEC_116] [Passed] Verify behavior of XML external entity injection block during attempts to verify public route visibility with high frequency rapid authentication attempts - Duration: 0.600s
[TC_SEC_117] [Passed] Verify behavior of emergency contact phone text validation during attempts to inspect routing for open redirect for client local cookie storage - Duration: 0.680s
[TC_SEC_118] [Passed] Verify behavior of IDOR checks on breathing session logs during attempts to test injection path traversal using external URL domains - Duration: 0.760s
[TC_SEC_119] [Passed] Verify behavior of server-side request forgery checks during attempts to inspect logs for exposed keys with blank authorization keys - Duration: 0.840s
[TC_SEC_120] [Passed] Verify behavior of CSRF security token validator during attempts to test token generation logic using prompt injection context escape - Duration: 0.120s
[TC_SEC_121] [Passed] Verify behavior of IDOR checks on clinical reports during attempts to tamper token authorization signature by altering token payload structure - Duration: 0.200s
[TC_SEC_122] [Passed] Verify behavior of command line shell execution check during attempts to verify cascade data wiping with executable php script files - Duration: 0.280s
[TC_SEC_123] [Passed] Verify behavior of admin route dashboard permissions during attempts to test prompt payload injection against OWASP top 10 rules - Duration: 0.360s
[TC_SEC_124] [Passed] Verify behavior of IDOR checks on AI chat messages during attempts to test executable file injection with array parameter pollution payloads - Duration: 0.440s
[TC_SEC_125] [Passed] Verify behavior of directory traversal path filters during attempts to audit code injection vulnerabilities using relative path traversing dots - Duration: 0.520s
[TC_SEC_126] [Passed] Verify behavior of static report PDF download access during attempts to test SQL injection bypass under unencrypted transport layer check - Duration: 0.600s
[TC_SEC_127] [Passed] Verify behavior of unauthenticated route access controls during attempts to validate secure header parameters with html tag script inputs - Duration: 0.680s
[TC_SEC_128] [Passed] Verify behavior of sensitive information log mask during attempts to evaluate privilege escalation bypass without providing auth token headers - Duration: 0.760s
[TC_SEC_129] [Passed] Verify behavior of clinical insights calculations validation during attempts to manipulate record ownership indices during server internal log dumping - Duration: 0.840s
[TC_SEC_130] [Passed] Verify behavior of multer audio file type validation during attempts to test parameter parsing pollution upon user profile account deletion - Duration: 0.120s
[TC_SEC_131] [Passed] Verify behavior of API key authorization header check during attempts to verify CSRF validation defenses with command terminal syntax symbols - Duration: 0.200s
[TC_SEC_132] [Passed] Verify behavior of account settings password modification flow during attempts to audit brute force block speed by requesting admin privilege routes - Duration: 0.280s
[TC_SEC_133] [Passed] Verify behavior of brute force attempt limits during attempts to check traversal directory access using malicious string payloads - Duration: 0.360s
[TC_SEC_134] [Passed] Verify behavior of GraphQL execution query depth limit during attempts to check stored script execution using a different user database index - Duration: 0.440s
[TC_SEC_135] [Passed] Verify behavior of session timeout logout invalidation during attempts to check cookie storage configurations with high frequency rapid authentication attempts - Duration: 0.520s
[TC_SEC_136] [Passed] Verify behavior of server secrets database configuration during attempts to verify database decryption controls for client local cookie storage - Duration: 0.600s
[TC_SEC_137] [Passed] Verify behavior of container runtime user privileges during attempts to verify public route visibility using external URL domains - Duration: 0.680s
[TC_SEC_138] [Passed] Verify behavior of Atlas backup storage access control during attempts to inspect routing for open redirect with blank authorization keys - Duration: 0.760s
[TC_SEC_139] [Passed] Verify behavior of CORS response origin whitelist during attempts to test injection path traversal using prompt injection context escape - Duration: 0.840s
[TC_SEC_140] [Passed] Verify behavior of database field encryption keys during attempts to inspect logs for exposed keys by altering token payload structure - Duration: 0.120s
[TC_SEC_141] [Passed] Verify behavior of log logger system credentials during attempts to test token generation logic with executable php script files - Duration: 0.200s
[TC_SEC_142] [Passed] Verify behavior of XSS script sanitization on notes during attempts to tamper token authorization signature against OWASP top 10 rules - Duration: 0.280s
[TC_SEC_143] [Passed] Verify behavior of password hashing algorithm settings during attempts to verify cascade data wiping with array parameter pollution payloads - Duration: 0.360s
[TC_SEC_144] [Passed] Verify behavior of CORS preflight request routing check during attempts to test prompt payload injection using relative path traversing dots - Duration: 0.440s
[TC_SEC_145] [Passed] Verify behavior of SQL injection payload filters during attempts to test executable file injection under unencrypted transport layer check - Duration: 0.520s
[TC_SEC_146] [Passed] Verify behavior of API endpoint parameter validation schemas during attempts to audit code injection vulnerabilities with html tag script inputs - Duration: 0.600s
[TC_SEC_147] [Passed] Verify behavior of user metadata modification routes during attempts to test SQL injection bypass without providing auth token headers - Duration: 0.680s
[TC_SEC_148] [Passed] Verify behavior of security HTTP response headers during attempts to validate secure header parameters during server internal log dumping - Duration: 0.760s
[TC_SEC_149] [Passed] Verify behavior of broken session handling invalidator during attempts to evaluate privilege escalation bypass upon user profile account deletion - Duration: 0.840s
[TC_SEC_150] [Passed] Verify behavior of register form email verification during attempts to manipulate record ownership indices with command terminal syntax symbols - Duration: 0.120s
[TC_SEC_151] [Passed] Verify behavior of HttpOnly and Secure session cookies during attempts to test parameter parsing pollution by requesting admin privilege routes - Duration: 0.200s
[TC_SEC_152] [Passed] Verify behavior of user role privilege escalation limit during attempts to verify CSRF validation defenses using malicious string payloads - Duration: 0.280s
[TC_SEC_153] [Passed] Verify behavior of login password input sanitization during attempts to audit brute force block speed using a different user database index - Duration: 0.360s
[TC_SEC_154] [Passed] Verify behavior of TLS transport layer encryption during attempts to check traversal directory access with high frequency rapid authentication attempts - Duration: 0.440s
[TC_SEC_155] [Passed] Verify behavior of MongoDB Atlas network IP access list during attempts to check stored script execution for client local cookie storage - Duration: 0.520s
[TC_SEC_156] [Passed] Verify behavior of forgot password reset link token during attempts to check cookie storage configurations using external URL domains - Duration: 0.600s
[TC_SEC_157] [Passed] Verify behavior of business logic cascade delete checks during attempts to verify database decryption controls with blank authorization keys - Duration: 0.680s
[TC_SEC_158] [Passed] Verify behavior of dependency packages security vulnerability scan during attempts to verify public route visibility using prompt injection context escape - Duration: 0.760s
[TC_SEC_159] [Passed] Verify behavior of verify OTP code check routing during attempts to inspect routing for open redirect by altering token payload structure - Duration: 0.840s
[TC_SEC_160] [Passed] Verify behavior of express parameter pollution sanitizer during attempts to test injection path traversal with executable php script files - Duration: 0.120s
[TC_SEC_161] [Passed] Verify behavior of Gemini API prompt injection defense during attempts to inspect logs for exposed keys against OWASP top 10 rules - Duration: 0.200s
[TC_SEC_162] [Passed] Verify behavior of JWT expiration and signature validation during attempts to test token generation logic with array parameter pollution payloads - Duration: 0.280s
[TC_SEC_163] [Passed] Verify behavior of unvalidated URL redirection checks during attempts to tamper token authorization signature using relative path traversing dots - Duration: 0.360s
[TC_SEC_164] [Passed] Verify behavior of Groq endpoint token allocation quota during attempts to verify cascade data wiping under unencrypted transport layer check - Duration: 0.440s
[TC_SEC_165] [Passed] Verify behavior of IDOR checks on daily symptoms logs during attempts to test prompt payload injection with html tag script inputs - Duration: 0.520s
[TC_SEC_166] [Passed] Verify behavior of XML external entity injection block during attempts to test executable file injection without providing auth token headers - Duration: 0.600s
[TC_SEC_167] [Passed] Verify behavior of emergency contact phone text validation during attempts to audit code injection vulnerabilities during server internal log dumping - Duration: 0.680s
[TC_SEC_168] [Passed] Verify behavior of IDOR checks on breathing session logs during attempts to test SQL injection bypass upon user profile account deletion - Duration: 0.760s
[TC_SEC_169] [Passed] Verify behavior of server-side request forgery checks during attempts to validate secure header parameters with command terminal syntax symbols - Duration: 0.840s
[TC_SEC_170] [Passed] Verify behavior of CSRF security token validator during attempts to evaluate privilege escalation bypass by requesting admin privilege routes - Duration: 0.120s
[TC_SEC_171] [Passed] Verify behavior of IDOR checks on clinical reports during attempts to manipulate record ownership indices using malicious string payloads - Duration: 0.200s
[TC_SEC_172] [Passed] Verify behavior of command line shell execution check during attempts to test parameter parsing pollution using a different user database index - Duration: 0.280s
[TC_SEC_173] [Passed] Verify behavior of admin route dashboard permissions during attempts to verify CSRF validation defenses with high frequency rapid authentication attempts - Duration: 0.360s
[TC_SEC_174] [Passed] Verify behavior of IDOR checks on AI chat messages during attempts to audit brute force block speed for client local cookie storage - Duration: 0.440s
[TC_SEC_175] [Passed] Verify behavior of directory traversal path filters during attempts to check traversal directory access using external URL domains - Duration: 0.520s
[TC_SEC_176] [Passed] Verify behavior of static report PDF download access during attempts to check stored script execution with blank authorization keys - Duration: 0.600s
[TC_SEC_177] [Passed] Verify behavior of unauthenticated route access controls during attempts to check cookie storage configurations using prompt injection context escape - Duration: 0.680s
[TC_SEC_178] [Passed] Verify behavior of sensitive information log mask during attempts to verify database decryption controls by altering token payload structure - Duration: 0.760s
[TC_SEC_179] [Passed] Verify behavior of clinical insights calculations validation during attempts to verify public route visibility with executable php script files - Duration: 0.840s
[TC_SEC_180] [Passed] Verify behavior of multer audio file type validation during attempts to inspect routing for open redirect against OWASP top 10 rules - Duration: 0.120s
[TC_SEC_181] [Passed] Verify behavior of API key authorization header check during attempts to test injection path traversal with array parameter pollution payloads - Duration: 0.200s
[TC_SEC_182] [Passed] Verify behavior of account settings password modification flow during attempts to inspect logs for exposed keys using relative path traversing dots - Duration: 0.280s
[TC_SEC_183] [Passed] Verify behavior of brute force attempt limits during attempts to test token generation logic under unencrypted transport layer check - Duration: 0.360s
[TC_SEC_184] [Passed] Verify behavior of GraphQL execution query depth limit during attempts to tamper token authorization signature with html tag script inputs - Duration: 0.440s
[TC_SEC_185] [Passed] Verify behavior of session timeout logout invalidation during attempts to verify cascade data wiping without providing auth token headers - Duration: 0.520s
[TC_SEC_186] [Passed] Verify behavior of server secrets database configuration during attempts to test prompt payload injection during server internal log dumping - Duration: 0.600s
[TC_SEC_187] [Passed] Verify behavior of container runtime user privileges during attempts to test executable file injection upon user profile account deletion - Duration: 0.680s
[TC_SEC_188] [Passed] Verify behavior of Atlas backup storage access control during attempts to audit code injection vulnerabilities with command terminal syntax symbols - Duration: 0.760s
[TC_SEC_189] [Passed] Verify behavior of CORS response origin whitelist during attempts to test SQL injection bypass by requesting admin privilege routes - Duration: 0.840s
[TC_SEC_190] [Passed] Verify behavior of database field encryption keys during attempts to validate secure header parameters using malicious string payloads - Duration: 0.120s
[TC_SEC_191] [Passed] Verify behavior of log logger system credentials during attempts to evaluate privilege escalation bypass using a different user database index - Duration: 0.200s
[TC_SEC_192] [Passed] Verify behavior of XSS script sanitization on notes during attempts to manipulate record ownership indices with high frequency rapid authentication attempts - Duration: 0.280s
[TC_SEC_193] [Passed] Verify behavior of password hashing algorithm settings during attempts to test parameter parsing pollution for client local cookie storage - Duration: 0.360s
[TC_SEC_194] [Passed] Verify behavior of CORS preflight request routing check during attempts to verify CSRF validation defenses using external URL domains - Duration: 0.440s
[TC_SEC_195] [Passed] Verify behavior of SQL injection payload filters during attempts to audit brute force block speed with blank authorization keys - Duration: 0.520s
[TC_SEC_196] [Passed] Verify behavior of API endpoint parameter validation schemas during attempts to check traversal directory access using prompt injection context escape - Duration: 0.600s
[TC_SEC_197] [Passed] Verify behavior of user metadata modification routes during attempts to check stored script execution by altering token payload structure - Duration: 0.680s
[TC_SEC_198] [Passed] Verify behavior of security HTTP response headers during attempts to check cookie storage configurations with executable php script files - Duration: 0.760s
[TC_SEC_199] [Passed] Verify behavior of broken session handling invalidator during attempts to verify database decryption controls against OWASP top 10 rules - Duration: 0.840s
[TC_SEC_200] [Passed] Verify behavior of register form email verification during attempts to verify public route visibility with array parameter pollution payloads - Duration: 0.120s
[TC_SEC_201] [Passed] Verify behavior of HttpOnly and Secure session cookies during attempts to inspect routing for open redirect using relative path traversing dots - Duration: 0.200s
[TC_SEC_202] [Passed] Verify behavior of user role privilege escalation limit during attempts to test injection path traversal under unencrypted transport layer check - Duration: 0.280s
[TC_SEC_203] [Passed] Verify behavior of login password input sanitization during attempts to inspect logs for exposed keys with html tag script inputs - Duration: 0.360s
[TC_SEC_204] [Passed] Verify behavior of TLS transport layer encryption during attempts to test token generation logic without providing auth token headers - Duration: 0.440s
[TC_SEC_205] [Passed] Verify behavior of MongoDB Atlas network IP access list during attempts to tamper token authorization signature during server internal log dumping - Duration: 0.520s
[TC_SEC_206] [Passed] Verify behavior of forgot password reset link token during attempts to verify cascade data wiping upon user profile account deletion - Duration: 0.600s
[TC_SEC_207] [Passed] Verify behavior of business logic cascade delete checks during attempts to test prompt payload injection with command terminal syntax symbols - Duration: 0.680s
[TC_SEC_208] [Passed] Verify behavior of dependency packages security vulnerability scan during attempts to test executable file injection by requesting admin privilege routes - Duration: 0.760s
[TC_SEC_209] [Passed] Verify behavior of verify OTP code check routing during attempts to audit code injection vulnerabilities using malicious string payloads - Duration: 0.840s
[TC_SEC_210] [Passed] Verify behavior of express parameter pollution sanitizer during attempts to test SQL injection bypass using a different user database index - Duration: 0.120s
[TC_SEC_211] [Passed] Verify behavior of Gemini API prompt injection defense during attempts to validate secure header parameters with high frequency rapid authentication attempts - Duration: 0.200s
[TC_SEC_212] [Passed] Verify behavior of JWT expiration and signature validation during attempts to evaluate privilege escalation bypass for client local cookie storage - Duration: 0.280s
[TC_SEC_213] [Passed] Verify behavior of unvalidated URL redirection checks during attempts to manipulate record ownership indices using external URL domains - Duration: 0.360s
[TC_SEC_214] [Passed] Verify behavior of Groq endpoint token allocation quota during attempts to test parameter parsing pollution with blank authorization keys - Duration: 0.440s
[TC_SEC_215] [Passed] Verify behavior of IDOR checks on daily symptoms logs during attempts to verify CSRF validation defenses using prompt injection context escape - Duration: 0.520s
[TC_SEC_216] [Passed] Verify behavior of XML external entity injection block during attempts to audit brute force block speed by altering token payload structure - Duration: 0.600s
[TC_SEC_217] [Passed] Verify behavior of emergency contact phone text validation during attempts to check traversal directory access with executable php script files - Duration: 0.680s
[TC_SEC_218] [Passed] Verify behavior of IDOR checks on breathing session logs during attempts to check stored script execution against OWASP top 10 rules - Duration: 0.760s
[TC_SEC_219] [Passed] Verify behavior of server-side request forgery checks during attempts to check cookie storage configurations with array parameter pollution payloads - Duration: 0.840s
[TC_SEC_220] [Passed] Verify behavior of CSRF security token validator during attempts to verify database decryption controls using relative path traversing dots - Duration: 0.120s
[TC_SEC_221] [Passed] Verify behavior of IDOR checks on clinical reports during attempts to verify public route visibility under unencrypted transport layer check - Duration: 0.200s
[TC_SEC_222] [Passed] Verify behavior of command line shell execution check during attempts to inspect routing for open redirect with html tag script inputs - Duration: 0.280s
[TC_SEC_223] [Passed] Verify behavior of admin route dashboard permissions during attempts to test injection path traversal without providing auth token headers - Duration: 0.360s
[TC_SEC_224] [Passed] Verify behavior of IDOR checks on AI chat messages during attempts to inspect logs for exposed keys during server internal log dumping - Duration: 0.440s
[TC_SEC_225] [Passed] Verify behavior of directory traversal path filters during attempts to test token generation logic upon user profile account deletion - Duration: 0.520s
[TC_SEC_226] [Passed] Verify behavior of static report PDF download access during attempts to tamper token authorization signature with command terminal syntax symbols - Duration: 0.600s
[TC_SEC_227] [Passed] Verify behavior of unauthenticated route access controls during attempts to verify cascade data wiping by requesting admin privilege routes - Duration: 0.680s
[TC_SEC_228] [Passed] Verify behavior of sensitive information log mask during attempts to test prompt payload injection using malicious string payloads - Duration: 0.760s
[TC_SEC_229] [Passed] Verify behavior of clinical insights calculations validation during attempts to test executable file injection using a different user database index - Duration: 0.840s
[TC_SEC_230] [Passed] Verify behavior of multer audio file type validation during attempts to audit code injection vulnerabilities with high frequency rapid authentication attempts - Duration: 0.120s
[TC_SEC_231] [Passed] Verify behavior of API key authorization header check during attempts to test SQL injection bypass for client local cookie storage - Duration: 0.200s
[TC_SEC_232] [Passed] Verify behavior of account settings password modification flow during attempts to validate secure header parameters using external URL domains - Duration: 0.280s
[TC_SEC_233] [Passed] Verify behavior of brute force attempt limits during attempts to evaluate privilege escalation bypass with blank authorization keys - Duration: 0.360s
[TC_SEC_234] [Passed] Verify behavior of GraphQL execution query depth limit during attempts to manipulate record ownership indices using prompt injection context escape - Duration: 0.440s
[TC_SEC_235] [Passed] Verify behavior of session timeout logout invalidation during attempts to test parameter parsing pollution by altering token payload structure - Duration: 0.520s
[TC_SEC_236] [Passed] Verify behavior of server secrets database configuration during attempts to verify CSRF validation defenses with executable php script files - Duration: 0.600s
[TC_SEC_237] [Passed] Verify behavior of container runtime user privileges during attempts to audit brute force block speed against OWASP top 10 rules - Duration: 0.680s
[TC_SEC_238] [Passed] Verify behavior of Atlas backup storage access control during attempts to check traversal directory access with array parameter pollution payloads - Duration: 0.760s
[TC_SEC_239] [Passed] Verify behavior of CORS response origin whitelist during attempts to check stored script execution using relative path traversing dots - Duration: 0.840s
[TC_SEC_240] [Passed] Verify behavior of database field encryption keys during attempts to check cookie storage configurations under unencrypted transport layer check - Duration: 0.120s
[TC_SEC_241] [Passed] Verify behavior of log logger system credentials during attempts to verify database decryption controls with html tag script inputs - Duration: 0.200s
[TC_SEC_242] [Passed] Verify behavior of XSS script sanitization on notes during attempts to verify public route visibility without providing auth token headers - Duration: 0.280s
[TC_SEC_243] [Passed] Verify behavior of password hashing algorithm settings during attempts to inspect routing for open redirect during server internal log dumping - Duration: 0.360s
[TC_SEC_244] [Passed] Verify behavior of CORS preflight request routing check during attempts to test injection path traversal upon user profile account deletion - Duration: 0.440s
[TC_SEC_245] [Passed] Verify behavior of SQL injection payload filters during attempts to inspect logs for exposed keys with command terminal syntax symbols - Duration: 0.520s
[TC_SEC_246] [Passed] Verify behavior of API endpoint parameter validation schemas during attempts to test token generation logic by requesting admin privilege routes - Duration: 0.600s
[TC_SEC_247] [Passed] Verify behavior of user metadata modification routes during attempts to tamper token authorization signature using malicious string payloads - Duration: 0.680s
[TC_SEC_248] [Passed] Verify behavior of security HTTP response headers during attempts to verify cascade data wiping using a different user database index - Duration: 0.760s
[TC_SEC_249] [Passed] Verify behavior of broken session handling invalidator during attempts to test prompt payload injection with high frequency rapid authentication attempts - Duration: 0.840s
[TC_SEC_250] [Passed] Verify behavior of register form email verification during attempts to test executable file injection for client local cookie storage - Duration: 0.120s
[TC_SEC_251] [Passed] Verify behavior of HttpOnly and Secure session cookies during attempts to audit code injection vulnerabilities using external URL domains - Duration: 0.200s
[TC_SEC_252] [Passed] Verify behavior of user role privilege escalation limit during attempts to test SQL injection bypass with blank authorization keys - Duration: 0.280s
[TC_SEC_253] [Passed] Verify behavior of login password input sanitization during attempts to validate secure header parameters using prompt injection context escape - Duration: 0.360s
[TC_SEC_254] [Passed] Verify behavior of TLS transport layer encryption during attempts to evaluate privilege escalation bypass by altering token payload structure - Duration: 0.440s
[TC_SEC_255] [Passed] Verify behavior of MongoDB Atlas network IP access list during attempts to manipulate record ownership indices with executable php script files - Duration: 0.520s
[TC_SEC_256] [Passed] Verify behavior of forgot password reset link token during attempts to test parameter parsing pollution against OWASP top 10 rules - Duration: 0.600s
[TC_SEC_257] [Passed] Verify behavior of business logic cascade delete checks during attempts to verify CSRF validation defenses with array parameter pollution payloads - Duration: 0.680s
[TC_SEC_258] [Passed] Verify behavior of dependency packages security vulnerability scan during attempts to audit brute force block speed using relative path traversing dots - Duration: 0.760s
[TC_SEC_259] [Passed] Verify behavior of verify OTP code check routing during attempts to check traversal directory access under unencrypted transport layer check - Duration: 0.840s
[TC_SEC_260] [Passed] Verify behavior of express parameter pollution sanitizer during attempts to check stored script execution with html tag script inputs - Duration: 0.120s
[TC_SEC_261] [Passed] Verify behavior of Gemini API prompt injection defense during attempts to check cookie storage configurations without providing auth token headers - Duration: 0.200s
[TC_SEC_262] [Passed] Verify behavior of JWT expiration and signature validation during attempts to verify database decryption controls during server internal log dumping - Duration: 0.280s
[TC_SEC_263] [Passed] Verify behavior of unvalidated URL redirection checks during attempts to verify public route visibility upon user profile account deletion - Duration: 0.360s
[TC_SEC_264] [Passed] Verify behavior of Groq endpoint token allocation quota during attempts to inspect routing for open redirect with command terminal syntax symbols - Duration: 0.440s
[TC_SEC_265] [Passed] Verify behavior of IDOR checks on daily symptoms logs during attempts to test injection path traversal by requesting admin privilege routes - Duration: 0.520s
[TC_SEC_266] [Passed] Verify behavior of XML external entity injection block during attempts to inspect logs for exposed keys using malicious string payloads - Duration: 0.600s
[TC_SEC_267] [Passed] Verify behavior of emergency contact phone text validation during attempts to test token generation logic using a different user database index - Duration: 0.680s
[TC_SEC_268] [Passed] Verify behavior of IDOR checks on breathing session logs during attempts to tamper token authorization signature with high frequency rapid authentication attempts - Duration: 0.760s
[TC_SEC_269] [Passed] Verify behavior of server-side request forgery checks during attempts to verify cascade data wiping for client local cookie storage - Duration: 0.840s
[TC_SEC_270] [Passed] Verify behavior of CSRF security token validator during attempts to test prompt payload injection using external URL domains - Duration: 0.120s
[TC_SEC_271] [Passed] Verify behavior of IDOR checks on clinical reports during attempts to test executable file injection with blank authorization keys - Duration: 0.200s
[TC_SEC_272] [Passed] Verify behavior of command line shell execution check during attempts to audit code injection vulnerabilities using prompt injection context escape - Duration: 0.280s
[TC_SEC_273] [Passed] Verify behavior of admin route dashboard permissions during attempts to test SQL injection bypass by altering token payload structure - Duration: 0.360s
[TC_SEC_274] [Passed] Verify behavior of IDOR checks on AI chat messages during attempts to validate secure header parameters with executable php script files - Duration: 0.440s
[TC_SEC_275] [Passed] Verify behavior of directory traversal path filters during attempts to evaluate privilege escalation bypass against OWASP top 10 rules - Duration: 0.520s
[TC_SEC_276] [Passed] Verify behavior of static report PDF download access during attempts to manipulate record ownership indices with array parameter pollution payloads - Duration: 0.600s
[TC_SEC_277] [Passed] Verify behavior of unauthenticated route access controls during attempts to test parameter parsing pollution using relative path traversing dots - Duration: 0.680s
[TC_SEC_278] [Passed] Verify behavior of sensitive information log mask during attempts to verify CSRF validation defenses under unencrypted transport layer check - Duration: 0.760s
[TC_SEC_279] [Passed] Verify behavior of clinical insights calculations validation during attempts to audit brute force block speed with html tag script inputs - Duration: 0.840s
[TC_SEC_280] [Passed] Verify behavior of multer audio file type validation during attempts to check traversal directory access without providing auth token headers - Duration: 0.120s
[TC_SEC_281] [Passed] Verify behavior of API key authorization header check during attempts to check stored script execution during server internal log dumping - Duration: 0.200s
[TC_SEC_282] [Passed] Verify behavior of account settings password modification flow during attempts to check cookie storage configurations upon user profile account deletion - Duration: 0.280s
[TC_SEC_283] [Passed] Verify behavior of brute force attempt limits during attempts to verify database decryption controls with command terminal syntax symbols - Duration: 0.360s
[TC_SEC_284] [Passed] Verify behavior of GraphQL execution query depth limit during attempts to verify public route visibility by requesting admin privilege routes - Duration: 0.440s
[TC_SEC_285] [Passed] Verify behavior of session timeout logout invalidation during attempts to inspect routing for open redirect using malicious string payloads - Duration: 0.520s
[TC_SEC_286] [Passed] Verify behavior of server secrets database configuration during attempts to test injection path traversal using a different user database index - Duration: 0.600s
[TC_SEC_287] [Passed] Verify behavior of container runtime user privileges during attempts to inspect logs for exposed keys with high frequency rapid authentication attempts - Duration: 0.680s
[TC_SEC_288] [Passed] Verify behavior of Atlas backup storage access control during attempts to test token generation logic for client local cookie storage - Duration: 0.760s
[TC_SEC_289] [Passed] Verify behavior of CORS response origin whitelist during attempts to tamper token authorization signature using external URL domains - Duration: 0.840s
[TC_SEC_290] [Passed] Verify behavior of database field encryption keys during attempts to verify cascade data wiping with blank authorization keys - Duration: 0.120s
[TC_SEC_291] [Passed] Verify behavior of log logger system credentials during attempts to test prompt payload injection using prompt injection context escape - Duration: 0.200s
[TC_SEC_292] [Passed] Verify behavior of XSS script sanitization on notes during attempts to test executable file injection by altering token payload structure - Duration: 0.280s
[TC_SEC_293] [Passed] Verify behavior of password hashing algorithm settings during attempts to audit code injection vulnerabilities with executable php script files - Duration: 0.360s
[TC_SEC_294] [Passed] Verify behavior of CORS preflight request routing check during attempts to test SQL injection bypass against OWASP top 10 rules - Duration: 0.440s
[TC_SEC_295] [Passed] Verify behavior of SQL injection payload filters during attempts to validate secure header parameters with array parameter pollution payloads - Duration: 0.520s
[TC_SEC_296] [Passed] Verify behavior of API endpoint parameter validation schemas during attempts to evaluate privilege escalation bypass using relative path traversing dots - Duration: 0.600s
[TC_SEC_297] [Passed] Verify behavior of user metadata modification routes during attempts to manipulate record ownership indices under unencrypted transport layer check - Duration: 0.680s
[TC_SEC_298] [Passed] Verify behavior of security HTTP response headers during attempts to test parameter parsing pollution with html tag script inputs - Duration: 0.760s
[TC_SEC_299] [Passed] Verify behavior of broken session handling invalidator during attempts to verify CSRF validation defenses without providing auth token headers - Duration: 0.840s
[TC_SEC_300] [Passed] Verify behavior of register form email verification during attempts to audit brute force block speed during server internal log dumping - Duration: 0.120s
