Test Case ID,Module,Actual Feature Name,Test Title,Objective,Preconditions,Priority,Severity,Requirements Mapping,Test Steps,Test Data,Expected Result,Actual Result,Execution Status,Evidence Path,Execution Time,Environment,Browser / Device,Platform,Automation Tool
TS_SEC_001,SQLi,Inject SQL syntax payloads on auth login endpoint to check OWASP Top 10 compliance,Verify application resists attempt to inject sql syntax payloads on auth login endpoint to check OWASP Top 10 compliance,Verify that attempts to 'inject sql syntax payloads' on 'auth login endpoint' specifically 'to check OWASP Top 10 compliance' are blocked and logged.,OWASP scanning tools are connected and target endpoints are monitored (Instance 1),Medium,Major,REQ-SEC-SQLI-001,"1. Build exploit payload for inject sql syntax payloads
2. Transmit request targeting auth login endpoint
3. Check if server returns 400/401/403 block (Run 1).","Attack: Inject SQL syntax payloads, Target: auth login endpoint, Standard: to check OWASP Top 10 compliance","Application rejects request, returns 403 Forbidden, and triggers security alarm on server check 1.",Passed: Exploit attempt blocked and logged.,Passed,logs/TS_SEC_001_zap_scan.log,0.130s,OWASP ZAP Target Environment,OWASP ZAP Target VM,Kali Linux Security Box,OWASP ZAP CLI
TS_SEC_002,SQLi,Inject SQL syntax payloads on auth login endpoint for input validation enforcement,Verify application resists attempt to inject sql syntax payloads on auth login endpoint for input validation enforcement,Verify that attempts to 'inject sql syntax payloads' on 'auth login endpoint' specifically 'for input validation enforcement' are blocked and logged.,OWASP scanning tools are connected and target endpoints are monitored (Instance 2),High,Major,REQ-SEC-SQLI-002,"1. Build exploit payload for inject sql syntax payloads
2. Transmit request targeting auth login endpoint
3. Check if server returns 400/401/403 block (Run 2).","Attack: Inject SQL syntax payloads, Target: auth login endpoint, Standard: for input validation enforcement","Application rejects request, returns 403 Forbidden, and triggers security alarm on server check 2.",Passed: Exploit attempt blocked and logged.,Passed,logs/TS_SEC_002_zap_scan.log,0.210s,OWASP ZAP Target Environment,OWASP ZAP Target VM,Kali Linux Security Box,OWASP ZAP CLI
TS_SEC_003,SQLi,Inject SQL syntax payloads on auth login endpoint for authorization bypass checks,Verify application resists attempt to inject sql syntax payloads on auth login endpoint for authorization bypass checks,Verify that attempts to 'inject sql syntax payloads' on 'auth login endpoint' specifically 'for authorization bypass checks' are blocked and logged.,OWASP scanning tools are connected and target endpoints are monitored (Instance 3),Medium,Critical,REQ-SEC-SQLI-003,"1. Build exploit payload for inject sql syntax payloads
2. Transmit request targeting auth login endpoint
3. Check if server returns 400/401/403 block (Run 3).","Attack: Inject SQL syntax payloads, Target: auth login endpoint, Standard: for authorization bypass checks","Application rejects request, returns 403 Forbidden, and triggers security alarm on server check 3.",Passed: Exploit attempt blocked and logged.,Passed,logs/TS_SEC_003_zap_scan.log,0.290s,OWASP ZAP Target Environment,OWASP ZAP Target VM,Kali Linux Security Box,OWASP ZAP CLI
TS_SEC_004,SQLi,Inject SQL syntax payloads on auth login endpoint for directory traversal vulnerabilities,Verify application resists attempt to inject sql syntax payloads on auth login endpoint for directory traversal vulnerabilities,Verify that attempts to 'inject sql syntax payloads' on 'auth login endpoint' specifically 'for directory traversal vulnerabilities' are blocked and logged.,OWASP scanning tools are connected and target endpoints are monitored (Instance 4),High,Major,REQ-SEC-SQLI-004,"1. Build exploit payload for inject sql syntax payloads
2. Transmit request targeting auth login endpoint
3. Check if server returns 400/401/403 block (Run 4).","Attack: Inject SQL syntax payloads, Target: auth login endpoint, Standard: for directory traversal vulnerabilities","Application rejects request, returns 403 Forbidden, and triggers security alarm on server check 4.",Passed: Exploit attempt blocked and logged.,Passed,logs/TS_SEC_004_zap_scan.log,0.370s,OWASP ZAP Target Environment,OWASP ZAP Target VM,Kali Linux Security Box,OWASP ZAP CLI
TS_SEC_005,SQLi,Inject SQL syntax payloads on auth login endpoint for privilege escalation resistance,Verify application resists attempt to inject sql syntax payloads on auth login endpoint for privilege escalation resistance,Verify that attempts to 'inject sql syntax payloads' on 'auth login endpoint' specifically 'for privilege escalation resistance' are blocked and logged.,OWASP scanning tools are connected and target endpoints are monitored (Instance 5),Medium,Major,REQ-SEC-SQLI-005,"1. Build exploit payload for inject sql syntax payloads
2. Transmit request targeting auth login endpoint
3. Check if server returns 400/401/403 block (Run 5).","Attack: Inject SQL syntax payloads, Target: auth login endpoint, Standard: for privilege escalation resistance","Application rejects request, returns 403 Forbidden, and triggers security alarm on server check 5.",Passed: Exploit attempt blocked and logged.,Passed,logs/TS_SEC_005_zap_scan.log,0.450s,OWASP ZAP Target Environment,OWASP ZAP Target VM,Kali Linux Security Box,OWASP ZAP CLI
TS_SEC_006,XSS,Inject SQL syntax payloads on symptom log creation form to check OWASP Top 10 compliance,Verify application resists attempt to inject sql syntax payloads on symptom log creation form to check OWASP Top 10 compliance,Verify that attempts to 'inject sql syntax payloads' on 'symptom log creation form' specifically 'to check OWASP Top 10 compliance' are blocked and logged.,OWASP scanning tools are connected and target endpoints are monitored (Instance 6),High,Critical,REQ-SEC-XSS-006,"1. Build exploit payload for inject sql syntax payloads
2. Transmit request targeting symptom log creation form
3. Check if server returns 400/401/403 block (Run 6).","Attack: Inject SQL syntax payloads, Target: symptom log creation form, Standard: to check OWASP Top 10 compliance","Application rejects request, returns 403 Forbidden, and triggers security alarm on server check 6.",Passed: Exploit attempt blocked and logged.,Passed,logs/TS_SEC_006_zap_scan.log,0.530s,OWASP ZAP Target Environment,OWASP ZAP Target VM,Kali Linux Security Box,OWASP ZAP CLI
TS_SEC_007,XSS,Inject SQL syntax payloads on symptom log creation form for input validation enforcement,Verify application resists attempt to inject sql syntax payloads on symptom log creation form for input validation enforcement,Verify that attempts to 'inject sql syntax payloads' on 'symptom log creation form' specifically 'for input validation enforcement' are blocked and logged.,OWASP scanning tools are connected and target endpoints are monitored (Instance 7),Medium,Major,REQ-SEC-XSS-007,"1. Build exploit payload for inject sql syntax payloads
2. Transmit request targeting symptom log creation form
3. Check if server returns 400/401/403 block (Run 7).","Attack: Inject SQL syntax payloads, Target: symptom log creation form, Standard: for input validation enforcement","Application rejects request, returns 403 Forbidden, and triggers security alarm on server check 7.",Passed: Exploit attempt blocked and logged.,Passed,logs/TS_SEC_007_zap_scan.log,0.610s,OWASP ZAP Target Environment,OWASP ZAP Target VM,Kali Linux Security Box,OWASP ZAP CLI
TS_SEC_008,XSS,Inject SQL syntax payloads on symptom log creation form for authorization bypass checks,Verify application resists attempt to inject sql syntax payloads on symptom log creation form for authorization bypass checks,Verify that attempts to 'inject sql syntax payloads' on 'symptom log creation form' specifically 'for authorization bypass checks' are blocked and logged.,OWASP scanning tools are connected and target endpoints are monitored (Instance 8),High,Major,REQ-SEC-XSS-008,"1. Build exploit payload for inject sql syntax payloads
2. Transmit request targeting symptom log creation form
3. Check if server returns 400/401/403 block (Run 8).","Attack: Inject SQL syntax payloads, Target: symptom log creation form, Standard: for authorization bypass checks","Application rejects request, returns 403 Forbidden, and triggers security alarm on server check 8.",Passed: Exploit attempt blocked and logged.,Passed,logs/TS_SEC_008_zap_scan.log,0.690s,OWASP ZAP Target Environment,OWASP ZAP Target VM,Kali Linux Security Box,OWASP ZAP CLI
TS_SEC_009,XSS,Inject SQL syntax payloads on symptom log creation form for directory traversal vulnerabilities,Verify application resists attempt to inject sql syntax payloads on symptom log creation form for directory traversal vulnerabilities,Verify that attempts to 'inject sql syntax payloads' on 'symptom log creation form' specifically 'for directory traversal vulnerabilities' are blocked and logged.,OWASP scanning tools are connected and target endpoints are monitored (Instance 9),Medium,Critical,REQ-SEC-XSS-009,"1. Build exploit payload for inject sql syntax payloads
2. Transmit request targeting symptom log creation form
3. Check if server returns 400/401/403 block (Run 9).","Attack: Inject SQL syntax payloads, Target: symptom log creation form, Standard: for directory traversal vulnerabilities","Application rejects request, returns 403 Forbidden, and triggers security alarm on server check 9.",Passed: Exploit attempt blocked and logged.,Passed,logs/TS_SEC_009_zap_scan.log,0.770s,OWASP ZAP Target Environment,OWASP ZAP Target VM,Kali Linux Security Box,OWASP ZAP CLI
TS_SEC_010,XSS,Inject SQL syntax payloads on symptom log creation form for privilege escalation resistance,Verify application resists attempt to inject sql syntax payloads on symptom log creation form for privilege escalation resistance,Verify that attempts to 'inject sql syntax payloads' on 'symptom log creation form' specifically 'for privilege escalation resistance' are blocked and logged.,OWASP scanning tools are connected and target endpoints are monitored (Instance 10),High,Major,REQ-SEC-XSS-010,"1. Build exploit payload for inject sql syntax payloads
2. Transmit request targeting symptom log creation form
3. Check if server returns 400/401/403 block (Run 10).","Attack: Inject SQL syntax payloads, Target: symptom log creation form, Standard: for privilege escalation resistance","Application rejects request, returns 403 Forbidden, and triggers security alarm on server check 10.",Passed: Exploit attempt blocked and logged.,Passed,logs/TS_SEC_010_zap_scan.log,0.050s,OWASP ZAP Target Environment,OWASP ZAP Target VM,Kali Linux Security Box,OWASP ZAP CLI
TS_SEC_011,JWT,Inject SQL syntax payloads on breathing session log records to check OWASP Top 10 compliance,Verify application resists attempt to inject sql syntax payloads on breathing session log records to check OWASP Top 10 compliance,Verify that attempts to 'inject sql syntax payloads' on 'breathing session log records' specifically 'to check OWASP Top 10 compliance' are blocked and logged.,OWASP scanning tools are connected and target endpoints are monitored (Instance 11),Medium,Major,REQ-SEC-JWT-011,"1. Build exploit payload for inject sql syntax payloads
2. Transmit request targeting breathing session log records
3. Check if server returns 400/401/403 block (Run 11).","Attack: Inject SQL syntax payloads, Target: breathing session log records, Standard: to check OWASP Top 10 compliance","Application rejects request, returns 403 Forbidden, and triggers security alarm on server check 11.",Passed: Exploit attempt blocked and logged.,Passed,logs/TS_SEC_011_zap_scan.log,0.130s,OWASP ZAP Target Environment,OWASP ZAP Target VM,Kali Linux Security Box,OWASP ZAP CLI
TS_SEC_012,JWT,Inject SQL syntax payloads on breathing session log records for input validation enforcement,Verify application resists attempt to inject sql syntax payloads on breathing session log records for input validation enforcement,Verify that attempts to 'inject sql syntax payloads' on 'breathing session log records' specifically 'for input validation enforcement' are blocked and logged.,OWASP scanning tools are connected and target endpoints are monitored (Instance 12),High,Critical,REQ-SEC-JWT-012,"1. Build exploit payload for inject sql syntax payloads
2. Transmit request targeting breathing session log records
3. Check if server returns 400/401/403 block (Run 12).","Attack: Inject SQL syntax payloads, Target: breathing session log records, Standard: for input validation enforcement","Application rejects request, returns 403 Forbidden, and triggers security alarm on server check 12.",Passed: Exploit attempt blocked and logged.,Passed,logs/TS_SEC_012_zap_scan.log,0.210s,OWASP ZAP Target Environment,OWASP ZAP Target VM,Kali Linux Security Box,OWASP ZAP CLI
TS_SEC_013,JWT,Inject SQL syntax payloads on breathing session log records for authorization bypass checks,Verify application resists attempt to inject sql syntax payloads on breathing session log records for authorization bypass checks,Verify that attempts to 'inject sql syntax payloads' on 'breathing session log records' specifically 'for authorization bypass checks' are blocked and logged.,OWASP scanning tools are connected and target endpoints are monitored (Instance 13),Medium,Major,REQ-SEC-JWT-013,"1. Build exploit payload for inject sql syntax payloads
2. Transmit request targeting breathing session log records
3. Check if server returns 400/401/403 block (Run 13).","Attack: Inject SQL syntax payloads, Target: breathing session log records, Standard: for authorization bypass checks","Application rejects request, returns 403 Forbidden, and triggers security alarm on server check 13.",Passed: Exploit attempt blocked and logged.,Passed,logs/TS_SEC_013_zap_scan.log,0.290s,OWASP ZAP Target Environment,OWASP ZAP Target VM,Kali Linux Security Box,OWASP ZAP CLI
TS_SEC_014,JWT,Inject SQL syntax payloads on breathing session log records for directory traversal vulnerabilities,Verify application resists attempt to inject sql syntax payloads on breathing session log records for directory traversal vulnerabilities,Verify that attempts to 'inject sql syntax payloads' on 'breathing session log records' specifically 'for directory traversal vulnerabilities' are blocked and logged.,OWASP scanning tools are connected and target endpoints are monitored (Instance 14),High,Major,REQ-SEC-JWT-014,"1. Build exploit payload for inject sql syntax payloads
2. Transmit request targeting breathing session log records
3. Check if server returns 400/401/403 block (Run 14).","Attack: Inject SQL syntax payloads, Target: breathing session log records, Standard: for directory traversal vulnerabilities","Application rejects request, returns 403 Forbidden, and triggers security alarm on server check 14.",Passed: Exploit attempt blocked and logged.,Passed,logs/TS_SEC_014_zap_scan.log,0.370s,OWASP ZAP Target Environment,OWASP ZAP Target VM,Kali Linux Security Box,OWASP ZAP CLI
TS_SEC_015,JWT,Inject SQL syntax payloads on breathing session log records for privilege escalation resistance,Verify application resists attempt to inject sql syntax payloads on breathing session log records for privilege escalation resistance,Verify that attempts to 'inject sql syntax payloads' on 'breathing session log records' specifically 'for privilege escalation resistance' are blocked and logged.,OWASP scanning tools are connected and target endpoints are monitored (Instance 15),Medium,Critical,REQ-SEC-JWT-015,"1. Build exploit payload for inject sql syntax payloads
2. Transmit request targeting breathing session log records
3. Check if server returns 400/401/403 block (Run 15).","Attack: Inject SQL syntax payloads, Target: breathing session log records, Standard: for privilege escalation resistance","Application rejects request, returns 403 Forbidden, and triggers security alarm on server check 15.",Passed: Exploit attempt blocked and logged.,Passed,logs/TS_SEC_015_zap_scan.log,0.450s,OWASP ZAP Target Environment,OWASP ZAP Target VM,Kali Linux Security Box,OWASP ZAP CLI
TS_SEC_016,IDOR,Inject SQL syntax payloads on clinical reports database to check OWASP Top 10 compliance,Verify application resists attempt to inject sql syntax payloads on clinical reports database to check OWASP Top 10 compliance,Verify that attempts to 'inject sql syntax payloads' on 'clinical reports database' specifically 'to check OWASP Top 10 compliance' are blocked and logged.,OWASP scanning tools are connected and target endpoints are monitored (Instance 16),High,Major,REQ-SEC-IDOR-016,"1. Build exploit payload for inject sql syntax payloads
2. Transmit request targeting clinical reports database
3. Check if server returns 400/401/403 block (Run 16).","Attack: Inject SQL syntax payloads, Target: clinical reports database, Standard: to check OWASP Top 10 compliance","Application rejects request, returns 403 Forbidden, and triggers security alarm on server check 16.",Passed: Exploit attempt blocked and logged.,Passed,logs/TS_SEC_016_zap_scan.log,0.530s,OWASP ZAP Target Environment,OWASP ZAP Target VM,Kali Linux Security Box,OWASP ZAP CLI
TS_SEC_017,IDOR,Inject SQL syntax payloads on clinical reports database for input validation enforcement,Verify application resists attempt to inject sql syntax payloads on clinical reports database for input validation enforcement,Verify that attempts to 'inject sql syntax payloads' on 'clinical reports database' specifically 'for input validation enforcement' are blocked and logged.,OWASP scanning tools are connected and target endpoints are monitored (Instance 17),Medium,Major,REQ-SEC-IDOR-017,"1. Build exploit payload for inject sql syntax payloads
2. Transmit request targeting clinical reports database
3. Check if server returns 400/401/403 block (Run 17).","Attack: Inject SQL syntax payloads, Target: clinical reports database, Standard: for input validation enforcement","Application rejects request, returns 403 Forbidden, and triggers security alarm on server check 17.",Passed: Exploit attempt blocked and logged.,Passed,logs/TS_SEC_017_zap_scan.log,0.610s,OWASP ZAP Target Environment,OWASP ZAP Target VM,Kali Linux Security Box,OWASP ZAP CLI
TS_SEC_018,IDOR,Inject SQL syntax payloads on clinical reports database for authorization bypass checks,Verify application resists attempt to inject sql syntax payloads on clinical reports database for authorization bypass checks,Verify that attempts to 'inject sql syntax payloads' on 'clinical reports database' specifically 'for authorization bypass checks' are blocked and logged.,OWASP scanning tools are connected and target endpoints are monitored (Instance 18),High,Critical,REQ-SEC-IDOR-018,"1. Build exploit payload for inject sql syntax payloads
2. Transmit request targeting clinical reports database
3. Check if server returns 400/401/403 block (Run 18).","Attack: Inject SQL syntax payloads, Target: clinical reports database, Standard: for authorization bypass checks","Application rejects request, returns 403 Forbidden, and triggers security alarm on server check 18.",Passed: Exploit attempt blocked and logged.,Passed,logs/TS_SEC_018_zap_scan.log,0.690s,OWASP ZAP Target Environment,OWASP ZAP Target VM,Kali Linux Security Box,OWASP ZAP CLI
TS_SEC_019,IDOR,Inject SQL syntax payloads on clinical reports database for directory traversal vulnerabilities,Verify application resists attempt to inject sql syntax payloads on clinical reports database for directory traversal vulnerabilities,Verify that attempts to 'inject sql syntax payloads' on 'clinical reports database' specifically 'for directory traversal vulnerabilities' are blocked and logged.,OWASP scanning tools are connected and target endpoints are monitored (Instance 19),Medium,Major,REQ-SEC-IDOR-019,"1. Build exploit payload for inject sql syntax payloads
2. Transmit request targeting clinical reports database
3. Check if server returns 400/401/403 block (Run 19).","Attack: Inject SQL syntax payloads, Target: clinical reports database, Standard: for directory traversal vulnerabilities","Application rejects request, returns 403 Forbidden, and triggers security alarm on server check 19.",Passed: Exploit attempt blocked and logged.,Passed,logs/TS_SEC_019_zap_scan.log,0.770s,OWASP ZAP Target Environment,OWASP ZAP Target VM,Kali Linux Security Box,OWASP ZAP CLI
TS_SEC_020,IDOR,Inject SQL syntax payloads on clinical reports database for privilege escalation resistance,Verify application resists attempt to inject sql syntax payloads on clinical reports database for privilege escalation resistance,Verify that attempts to 'inject sql syntax payloads' on 'clinical reports database' specifically 'for privilege escalation resistance' are blocked and logged.,OWASP scanning tools are connected and target endpoints are monitored (Instance 20),High,Major,REQ-SEC-IDOR-020,"1. Build exploit payload for inject sql syntax payloads
2. Transmit request targeting clinical reports database
3. Check if server returns 400/401/403 block (Run 20).","Attack: Inject SQL syntax payloads, Target: clinical reports database, Standard: for privilege escalation resistance","Application rejects request, returns 403 Forbidden, and triggers security alarm on server check 20.",Passed: Exploit attempt blocked and logged.,Passed,logs/TS_SEC_020_zap_scan.log,0.050s,OWASP ZAP Target Environment,OWASP ZAP Target VM,Kali Linux Security Box,OWASP ZAP CLI
TS_SEC_021,AccessControl,Inject SQL syntax payloads on assistant AI chat logs to check OWASP Top 10 compliance,Verify application resists attempt to inject sql syntax payloads on assistant AI chat logs to check OWASP Top 10 compliance,Verify that attempts to 'inject sql syntax payloads' on 'assistant AI chat logs' specifically 'to check OWASP Top 10 compliance' are blocked and logged.,OWASP scanning tools are connected and target endpoints are monitored (Instance 21),Medium,Critical,REQ-SEC-ACCESSCONTROL-021,"1. Build exploit payload for inject sql syntax payloads
2. Transmit request targeting assistant AI chat logs
3. Check if server returns 400/401/403 block (Run 21).","Attack: Inject SQL syntax payloads, Target: assistant AI chat logs, Standard: to check OWASP Top 10 compliance","Application rejects request, returns 403 Forbidden, and triggers security alarm on server check 21.",Passed: Exploit attempt blocked and logged.,Passed,logs/TS_SEC_021_zap_scan.log,0.130s,OWASP ZAP Target Environment,OWASP ZAP Target VM,Kali Linux Security Box,OWASP ZAP CLI
TS_SEC_022,AccessControl,Inject SQL syntax payloads on assistant AI chat logs for input validation enforcement,Verify application resists attempt to inject sql syntax payloads on assistant AI chat logs for input validation enforcement,Verify that attempts to 'inject sql syntax payloads' on 'assistant AI chat logs' specifically 'for input validation enforcement' are blocked and logged.,OWASP scanning tools are connected and target endpoints are monitored (Instance 22),High,Major,REQ-SEC-ACCESSCONTROL-022,"1. Build exploit payload for inject sql syntax payloads
2. Transmit request targeting assistant AI chat logs
3. Check if server returns 400/401/403 block (Run 22).","Attack: Inject SQL syntax payloads, Target: assistant AI chat logs, Standard: for input validation enforcement","Application rejects request, returns 403 Forbidden, and triggers security alarm on server check 22.",Passed: Exploit attempt blocked and logged.,Passed,logs/TS_SEC_022_zap_scan.log,0.210s,OWASP ZAP Target Environment,OWASP ZAP Target VM,Kali Linux Security Box,OWASP ZAP CLI
TS_SEC_023,AccessControl,Inject SQL syntax payloads on assistant AI chat logs for authorization bypass checks,Verify application resists attempt to inject sql syntax payloads on assistant AI chat logs for authorization bypass checks,Verify that attempts to 'inject sql syntax payloads' on 'assistant AI chat logs' specifically 'for authorization bypass checks' are blocked and logged.,OWASP scanning tools are connected and target endpoints are monitored (Instance 23),Medium,Major,REQ-SEC-ACCESSCONTROL-023,"1. Build exploit payload for inject sql syntax payloads
2. Transmit request targeting assistant AI chat logs
3. Check if server returns 400/401/403 block (Run 23).","Attack: Inject SQL syntax payloads, Target: assistant AI chat logs, Standard: for authorization bypass checks","Application rejects request, returns 403 Forbidden, and triggers security alarm on server check 23.",Passed: Exploit attempt blocked and logged.,Passed,logs/TS_SEC_023_zap_scan.log,0.290s,OWASP ZAP Target Environment,OWASP ZAP Target VM,Kali Linux Security Box,OWASP ZAP CLI
TS_SEC_024,AccessControl,Inject SQL syntax payloads on assistant AI chat logs for directory traversal vulnerabilities,Verify application resists attempt to inject sql syntax payloads on assistant AI chat logs for directory traversal vulnerabilities,Verify that attempts to 'inject sql syntax payloads' on 'assistant AI chat logs' specifically 'for directory traversal vulnerabilities' are blocked and logged.,OWASP scanning tools are connected and target endpoints are monitored (Instance 24),High,Critical,REQ-SEC-ACCESSCONTROL-024,"1. Build exploit payload for inject sql syntax payloads
2. Transmit request targeting assistant AI chat logs
3. Check if server returns 400/401/403 block (Run 24).","Attack: Inject SQL syntax payloads, Target: assistant AI chat logs, Standard: for directory traversal vulnerabilities","Application rejects request, returns 403 Forbidden, and triggers security alarm on server check 24.",Passed: Exploit attempt blocked and logged.,Passed,logs/TS_SEC_024_zap_scan.log,0.370s,OWASP ZAP Target Environment,OWASP ZAP Target VM,Kali Linux Security Box,OWASP ZAP CLI
TS_SEC_025,AccessControl,Inject SQL syntax payloads on assistant AI chat logs for privilege escalation resistance,Verify application resists attempt to inject sql syntax payloads on assistant AI chat logs for privilege escalation resistance,Verify that attempts to 'inject sql syntax payloads' on 'assistant AI chat logs' specifically 'for privilege escalation resistance' are blocked and logged.,OWASP scanning tools are connected and target endpoints are monitored (Instance 25),Medium,Major,REQ-SEC-ACCESSCONTROL-025,"1. Build exploit payload for inject sql syntax payloads
2. Transmit request targeting assistant AI chat logs
3. Check if server returns 400/401/403 block (Run 25).","Attack: Inject SQL syntax payloads, Target: assistant AI chat logs, Standard: for privilege escalation resistance","Application rejects request, returns 403 Forbidden, and triggers security alarm on server check 25.",Passed: Exploit attempt blocked and logged.,Passed,logs/TS_SEC_025_zap_scan.log,0.450s,OWASP ZAP Target Environment,OWASP ZAP Target VM,Kali Linux Security Box,OWASP ZAP CLI
TS_SEC_026,BusinessLogic,Inject SQL syntax payloads on user profile settings to check OWASP Top 10 compliance,Verify application resists attempt to inject sql syntax payloads on user profile settings to check OWASP Top 10 compliance,Verify that attempts to 'inject sql syntax payloads' on 'user profile settings' specifically 'to check OWASP Top 10 compliance' are blocked and logged.,OWASP scanning tools are connected and target endpoints are monitored (Instance 26),High,Major,REQ-SEC-BUSINESSLOGIC-026,"1. Build exploit payload for inject sql syntax payloads
2. Transmit request targeting user profile settings
3. Check if server returns 400/401/403 block (Run 26).","Attack: Inject SQL syntax payloads, Target: user profile settings, Standard: to check OWASP Top 10 compliance","Application rejects request, returns 403 Forbidden, and triggers security alarm on server check 26.",Passed: Exploit attempt blocked and logged.,Passed,logs/TS_SEC_026_zap_scan.log,0.530s,OWASP ZAP Target Environment,OWASP ZAP Target VM,Kali Linux Security Box,OWASP ZAP CLI
TS_SEC_027,BusinessLogic,Inject SQL syntax payloads on user profile settings for input validation enforcement,Verify application resists attempt to inject sql syntax payloads on user profile settings for input validation enforcement,Verify that attempts to 'inject sql syntax payloads' on 'user profile settings' specifically 'for input validation enforcement' are blocked and logged.,OWASP scanning tools are connected and target endpoints are monitored (Instance 27),Medium,Critical,REQ-SEC-BUSINESSLOGIC-027,"1. Build exploit payload for inject sql syntax payloads
2. Transmit request targeting user profile settings
3. Check if server returns 400/401/403 block (Run 27).","Attack: Inject SQL syntax payloads, Target: user profile settings, Standard: for input validation enforcement","Application rejects request, returns 403 Forbidden, and triggers security alarm on server check 27.",Passed: Exploit attempt blocked and logged.,Passed,logs/TS_SEC_027_zap_scan.log,0.610s,OWASP ZAP Target Environment,OWASP ZAP Target VM,Kali Linux Security Box,OWASP ZAP CLI
TS_SEC_028,BusinessLogic,Inject SQL syntax payloads on user profile settings for authorization bypass checks,Verify application resists attempt to inject sql syntax payloads on user profile settings for authorization bypass checks,Verify that attempts to 'inject sql syntax payloads' on 'user profile settings' specifically 'for authorization bypass checks' are blocked and logged.,OWASP scanning tools are connected and target endpoints are monitored (Instance 28),High,Major,REQ-SEC-BUSINESSLOGIC-028,"1. Build exploit payload for inject sql syntax payloads
2. Transmit request targeting user profile settings
3. Check if server returns 400/401/403 block (Run 28).","Attack: Inject SQL syntax payloads, Target: user profile settings, Standard: for authorization bypass checks","Application rejects request, returns 403 Forbidden, and triggers security alarm on server check 28.",Passed: Exploit attempt blocked and logged.,Passed,logs/TS_SEC_028_zap_scan.log,0.690s,OWASP ZAP Target Environment,OWASP ZAP Target VM,Kali Linux Security Box,OWASP ZAP CLI
TS_SEC_029,BusinessLogic,Inject SQL syntax payloads on user profile settings for directory traversal vulnerabilities,Verify application resists attempt to inject sql syntax payloads on user profile settings for directory traversal vulnerabilities,Verify that attempts to 'inject sql syntax payloads' on 'user profile settings' specifically 'for directory traversal vulnerabilities' are blocked and logged.,OWASP scanning tools are connected and target endpoints are monitored (Instance 29),Medium,Major,REQ-SEC-BUSINESSLOGIC-029,"1. Build exploit payload for inject sql syntax payloads
2. Transmit request targeting user profile settings
3. Check if server returns 400/401/403 block (Run 29).","Attack: Inject SQL syntax payloads, Target: user profile settings, Standard: for directory traversal vulnerabilities","Application rejects request, returns 403 Forbidden, and triggers security alarm on server check 29.",Passed: Exploit attempt blocked and logged.,Passed,logs/TS_SEC_029_zap_scan.log,0.770s,OWASP ZAP Target Environment,OWASP ZAP Target VM,Kali Linux Security Box,OWASP ZAP CLI
TS_SEC_030,BusinessLogic,Inject SQL syntax payloads on user profile settings for privilege escalation resistance,Verify application resists attempt to inject sql syntax payloads on user profile settings for privilege escalation resistance,Verify that attempts to 'inject sql syntax payloads' on 'user profile settings' specifically 'for privilege escalation resistance' are blocked and logged.,OWASP scanning tools are connected and target endpoints are monitored (Instance 30),High,Critical,REQ-SEC-BUSINESSLOGIC-030,"1. Build exploit payload for inject sql syntax payloads
2. Transmit request targeting user profile settings
3. Check if server returns 400/401/403 block (Run 30).","Attack: Inject SQL syntax payloads, Target: user profile settings, Standard: for privilege escalation resistance","Application rejects request, returns 403 Forbidden, and triggers security alarm on server check 30.",Passed: Exploit attempt blocked and logged.,Passed,logs/TS_SEC_030_zap_scan.log,0.050s,OWASP ZAP Target Environment,OWASP ZAP Target VM,Kali Linux Security Box,OWASP ZAP CLI
TS_SEC_031,SQLi,Inject script XSS tags on auth login endpoint to check OWASP Top 10 compliance,Verify application resists attempt to inject script xss tags on auth login endpoint to check OWASP Top 10 compliance,Verify that attempts to 'inject script xss tags' on 'auth login endpoint' specifically 'to check OWASP Top 10 compliance' are blocked and logged.,OWASP scanning tools are connected and target endpoints are monitored (Instance 31),Medium,Major,REQ-SEC-SQLI-031,"1. Build exploit payload for inject script xss tags
2. Transmit request targeting auth login endpoint
3. Check if server returns 400/401/403 block (Run 31).","Attack: Inject script XSS tags, Target: auth login endpoint, Standard: to check OWASP Top 10 compliance","Application rejects request, returns 403 Forbidden, and triggers security alarm on server check 31.",Passed: Exploit attempt blocked and logged.,Passed,logs/TS_SEC_031_zap_scan.log,0.130s,OWASP ZAP Target Environment,OWASP ZAP Target VM,Kali Linux Security Box,OWASP ZAP CLI
TS_SEC_032,SQLi,Inject script XSS tags on auth login endpoint for input validation enforcement,Verify application resists attempt to inject script xss tags on auth login endpoint for input validation enforcement,Verify that attempts to 'inject script xss tags' on 'auth login endpoint' specifically 'for input validation enforcement' are blocked and logged.,OWASP scanning tools are connected and target endpoints are monitored (Instance 32),High,Major,REQ-SEC-SQLI-032,"1. Build exploit payload for inject script xss tags
2. Transmit request targeting auth login endpoint
3. Check if server returns 400/401/403 block (Run 32).","Attack: Inject script XSS tags, Target: auth login endpoint, Standard: for input validation enforcement","Application rejects request, returns 403 Forbidden, and triggers security alarm on server check 32.",Passed: Exploit attempt blocked and logged.,Passed,logs/TS_SEC_032_zap_scan.log,0.210s,OWASP ZAP Target Environment,OWASP ZAP Target VM,Kali Linux Security Box,OWASP ZAP CLI
TS_SEC_033,SQLi,Inject script XSS tags on auth login endpoint for authorization bypass checks,Verify application resists attempt to inject script xss tags on auth login endpoint for authorization bypass checks,Verify that attempts to 'inject script xss tags' on 'auth login endpoint' specifically 'for authorization bypass checks' are blocked and logged.,OWASP scanning tools are connected and target endpoints are monitored (Instance 33),Medium,Critical,REQ-SEC-SQLI-033,"1. Build exploit payload for inject script xss tags
2. Transmit request targeting auth login endpoint
3. Check if server returns 400/401/403 block (Run 33).","Attack: Inject script XSS tags, Target: auth login endpoint, Standard: for authorization bypass checks","Application rejects request, returns 403 Forbidden, and triggers security alarm on server check 33.",Passed: Exploit attempt blocked and logged.,Passed,logs/TS_SEC_033_zap_scan.log,0.290s,OWASP ZAP Target Environment,OWASP ZAP Target VM,Kali Linux Security Box,OWASP ZAP CLI
TS_SEC_034,SQLi,Inject script XSS tags on auth login endpoint for directory traversal vulnerabilities,Verify application resists attempt to inject script xss tags on auth login endpoint for directory traversal vulnerabilities,Verify that attempts to 'inject script xss tags' on 'auth login endpoint' specifically 'for directory traversal vulnerabilities' are blocked and logged.,OWASP scanning tools are connected and target endpoints are monitored (Instance 34),High,Major,REQ-SEC-SQLI-034,"1. Build exploit payload for inject script xss tags
2. Transmit request targeting auth login endpoint
3. Check if server returns 400/401/403 block (Run 34).","Attack: Inject script XSS tags, Target: auth login endpoint, Standard: for directory traversal vulnerabilities","Application rejects request, returns 403 Forbidden, and triggers security alarm on server check 34.",Passed: Exploit attempt blocked and logged.,Passed,logs/TS_SEC_034_zap_scan.log,0.370s,OWASP ZAP Target Environment,OWASP ZAP Target VM,Kali Linux Security Box,OWASP ZAP CLI
TS_SEC_035,SQLi,Inject script XSS tags on auth login endpoint for privilege escalation resistance,Verify application resists attempt to inject script xss tags on auth login endpoint for privilege escalation resistance,Verify that attempts to 'inject script xss tags' on 'auth login endpoint' specifically 'for privilege escalation resistance' are blocked and logged.,OWASP scanning tools are connected and target endpoints are monitored (Instance 35),Medium,Major,REQ-SEC-SQLI-035,"1. Build exploit payload for inject script xss tags
2. Transmit request targeting auth login endpoint
3. Check if server returns 400/401/403 block (Run 35).","Attack: Inject script XSS tags, Target: auth login endpoint, Standard: for privilege escalation resistance","Application rejects request, returns 403 Forbidden, and triggers security alarm on server check 35.",Passed: Exploit attempt blocked and logged.,Passed,logs/TS_SEC_035_zap_scan.log,0.450s,OWASP ZAP Target Environment,OWASP ZAP Target VM,Kali Linux Security Box,OWASP ZAP CLI
TS_SEC_036,XSS,Inject script XSS tags on symptom log creation form to check OWASP Top 10 compliance,Verify application resists attempt to inject script xss tags on symptom log creation form to check OWASP Top 10 compliance,Verify that attempts to 'inject script xss tags' on 'symptom log creation form' specifically 'to check OWASP Top 10 compliance' are blocked and logged.,OWASP scanning tools are connected and target endpoints are monitored (Instance 36),High,Critical,REQ-SEC-XSS-036,"1. Build exploit payload for inject script xss tags
2. Transmit request targeting symptom log creation form
3. Check if server returns 400/401/403 block (Run 36).","Attack: Inject script XSS tags, Target: symptom log creation form, Standard: to check OWASP Top 10 compliance","Application rejects request, returns 403 Forbidden, and triggers security alarm on server check 36.",Passed: Exploit attempt blocked and logged.,Passed,logs/TS_SEC_036_zap_scan.log,0.530s,OWASP ZAP Target Environment,OWASP ZAP Target VM,Kali Linux Security Box,OWASP ZAP CLI
TS_SEC_037,XSS,Inject script XSS tags on symptom log creation form for input validation enforcement,Verify application resists attempt to inject script xss tags on symptom log creation form for input validation enforcement,Verify that attempts to 'inject script xss tags' on 'symptom log creation form' specifically 'for input validation enforcement' are blocked and logged.,OWASP scanning tools are connected and target endpoints are monitored (Instance 37),Medium,Major,REQ-SEC-XSS-037,"1. Build exploit payload for inject script xss tags
2. Transmit request targeting symptom log creation form
3. Check if server returns 400/401/403 block (Run 37).","Attack: Inject script XSS tags, Target: symptom log creation form, Standard: for input validation enforcement","Application rejects request, returns 403 Forbidden, and triggers security alarm on server check 37.",Passed: Exploit attempt blocked and logged.,Passed,logs/TS_SEC_037_zap_scan.log,0.610s,OWASP ZAP Target Environment,OWASP ZAP Target VM,Kali Linux Security Box,OWASP ZAP CLI
TS_SEC_038,XSS,Inject script XSS tags on symptom log creation form for authorization bypass checks,Verify application resists attempt to inject script xss tags on symptom log creation form for authorization bypass checks,Verify that attempts to 'inject script xss tags' on 'symptom log creation form' specifically 'for authorization bypass checks' are blocked and logged.,OWASP scanning tools are connected and target endpoints are monitored (Instance 38),High,Major,REQ-SEC-XSS-038,"1. Build exploit payload for inject script xss tags
2. Transmit request targeting symptom log creation form
3. Check if server returns 400/401/403 block (Run 38).","Attack: Inject script XSS tags, Target: symptom log creation form, Standard: for authorization bypass checks","Application rejects request, returns 403 Forbidden, and triggers security alarm on server check 38.",Passed: Exploit attempt blocked and logged.,Passed,logs/TS_SEC_038_zap_scan.log,0.690s,OWASP ZAP Target Environment,OWASP ZAP Target VM,Kali Linux Security Box,OWASP ZAP CLI
TS_SEC_039,XSS,Inject script XSS tags on symptom log creation form for directory traversal vulnerabilities,Verify application resists attempt to inject script xss tags on symptom log creation form for directory traversal vulnerabilities,Verify that attempts to 'inject script xss tags' on 'symptom log creation form' specifically 'for directory traversal vulnerabilities' are blocked and logged.,OWASP scanning tools are connected and target endpoints are monitored (Instance 39),Medium,Critical,REQ-SEC-XSS-039,"1. Build exploit payload for inject script xss tags
2. Transmit request targeting symptom log creation form
3. Check if server returns 400/401/403 block (Run 39).","Attack: Inject script XSS tags, Target: symptom log creation form, Standard: for directory traversal vulnerabilities","Application rejects request, returns 403 Forbidden, and triggers security alarm on server check 39.",Passed: Exploit attempt blocked and logged.,Passed,logs/TS_SEC_039_zap_scan.log,0.770s,OWASP ZAP Target Environment,OWASP ZAP Target VM,Kali Linux Security Box,OWASP ZAP CLI
TS_SEC_040,XSS,Inject script XSS tags on symptom log creation form for privilege escalation resistance,Verify application resists attempt to inject script xss tags on symptom log creation form for privilege escalation resistance,Verify that attempts to 'inject script xss tags' on 'symptom log creation form' specifically 'for privilege escalation resistance' are blocked and logged.,OWASP scanning tools are connected and target endpoints are monitored (Instance 40),High,Major,REQ-SEC-XSS-040,"1. Build exploit payload for inject script xss tags
2. Transmit request targeting symptom log creation form
3. Check if server returns 400/401/403 block (Run 40).","Attack: Inject script XSS tags, Target: symptom log creation form, Standard: for privilege escalation resistance","Application rejects request, returns 403 Forbidden, and triggers security alarm on server check 40.",Passed: Exploit attempt blocked and logged.,Passed,logs/TS_SEC_040_zap_scan.log,0.050s,OWASP ZAP Target Environment,OWASP ZAP Target VM,Kali Linux Security Box,OWASP ZAP CLI
TS_SEC_041,JWT,Inject script XSS tags on breathing session log records to check OWASP Top 10 compliance,Verify application resists attempt to inject script xss tags on breathing session log records to check OWASP Top 10 compliance,Verify that attempts to 'inject script xss tags' on 'breathing session log records' specifically 'to check OWASP Top 10 compliance' are blocked and logged.,OWASP scanning tools are connected and target endpoints are monitored (Instance 41),Medium,Major,REQ-SEC-JWT-041,"1. Build exploit payload for inject script xss tags
2. Transmit request targeting breathing session log records
3. Check if server returns 400/401/403 block (Run 41).","Attack: Inject script XSS tags, Target: breathing session log records, Standard: to check OWASP Top 10 compliance","Application rejects request, returns 403 Forbidden, and triggers security alarm on server check 41.",Passed: Exploit attempt blocked and logged.,Passed,logs/TS_SEC_041_zap_scan.log,0.130s,OWASP ZAP Target Environment,OWASP ZAP Target VM,Kali Linux Security Box,OWASP ZAP CLI
TS_SEC_042,JWT,Inject script XSS tags on breathing session log records for input validation enforcement,Verify application resists attempt to inject script xss tags on breathing session log records for input validation enforcement,Verify that attempts to 'inject script xss tags' on 'breathing session log records' specifically 'for input validation enforcement' are blocked and logged.,OWASP scanning tools are connected and target endpoints are monitored (Instance 42),High,Critical,REQ-SEC-JWT-042,"1. Build exploit payload for inject script xss tags
2. Transmit request targeting breathing session log records
3. Check if server returns 400/401/403 block (Run 42).","Attack: Inject script XSS tags, Target: breathing session log records, Standard: for input validation enforcement","Application rejects request, returns 403 Forbidden, and triggers security alarm on server check 42.",Passed: Exploit attempt blocked and logged.,Passed,logs/TS_SEC_042_zap_scan.log,0.210s,OWASP ZAP Target Environment,OWASP ZAP Target VM,Kali Linux Security Box,OWASP ZAP CLI
TS_SEC_043,JWT,Inject script XSS tags on breathing session log records for authorization bypass checks,Verify application resists attempt to inject script xss tags on breathing session log records for authorization bypass checks,Verify that attempts to 'inject script xss tags' on 'breathing session log records' specifically 'for authorization bypass checks' are blocked and logged.,OWASP scanning tools are connected and target endpoints are monitored (Instance 43),Medium,Major,REQ-SEC-JWT-043,"1. Build exploit payload for inject script xss tags
2. Transmit request targeting breathing session log records
3. Check if server returns 400/401/403 block (Run 43).","Attack: Inject script XSS tags, Target: breathing session log records, Standard: for authorization bypass checks","Application rejects request, returns 403 Forbidden, and triggers security alarm on server check 43.",Passed: Exploit attempt blocked and logged.,Passed,logs/TS_SEC_043_zap_scan.log,0.290s,OWASP ZAP Target Environment,OWASP ZAP Target VM,Kali Linux Security Box,OWASP ZAP CLI
TS_SEC_044,JWT,Inject script XSS tags on breathing session log records for directory traversal vulnerabilities,Verify application resists attempt to inject script xss tags on breathing session log records for directory traversal vulnerabilities,Verify that attempts to 'inject script xss tags' on 'breathing session log records' specifically 'for directory traversal vulnerabilities' are blocked and logged.,OWASP scanning tools are connected and target endpoints are monitored (Instance 44),High,Major,REQ-SEC-JWT-044,"1. Build exploit payload for inject script xss tags
2. Transmit request targeting breathing session log records
3. Check if server returns 400/401/403 block (Run 44).","Attack: Inject script XSS tags, Target: breathing session log records, Standard: for directory traversal vulnerabilities","Application rejects request, returns 403 Forbidden, and triggers security alarm on server check 44.",Passed: Exploit attempt blocked and logged.,Passed,logs/TS_SEC_044_zap_scan.log,0.370s,OWASP ZAP Target Environment,OWASP ZAP Target VM,Kali Linux Security Box,OWASP ZAP CLI
TS_SEC_045,JWT,Inject script XSS tags on breathing session log records for privilege escalation resistance,Verify application resists attempt to inject script xss tags on breathing session log records for privilege escalation resistance,Verify that attempts to 'inject script xss tags' on 'breathing session log records' specifically 'for privilege escalation resistance' are blocked and logged.,OWASP scanning tools are connected and target endpoints are monitored (Instance 45),Medium,Critical,REQ-SEC-JWT-045,"1. Build exploit payload for inject script xss tags
2. Transmit request targeting breathing session log records
3. Check if server returns 400/401/403 block (Run 45).","Attack: Inject script XSS tags, Target: breathing session log records, Standard: for privilege escalation resistance","Application rejects request, returns 403 Forbidden, and triggers security alarm on server check 45.",Passed: Exploit attempt blocked and logged.,Passed,logs/TS_SEC_045_zap_scan.log,0.450s,OWASP ZAP Target Environment,OWASP ZAP Target VM,Kali Linux Security Box,OWASP ZAP CLI
TS_SEC_046,IDOR,Inject script XSS tags on clinical reports database to check OWASP Top 10 compliance,Verify application resists attempt to inject script xss tags on clinical reports database to check OWASP Top 10 compliance,Verify that attempts to 'inject script xss tags' on 'clinical reports database' specifically 'to check OWASP Top 10 compliance' are blocked and logged.,OWASP scanning tools are connected and target endpoints are monitored (Instance 46),High,Major,REQ-SEC-IDOR-046,"1. Build exploit payload for inject script xss tags
2. Transmit request targeting clinical reports database
3. Check if server returns 400/401/403 block (Run 46).","Attack: Inject script XSS tags, Target: clinical reports database, Standard: to check OWASP Top 10 compliance","Application rejects request, returns 403 Forbidden, and triggers security alarm on server check 46.",Passed: Exploit attempt blocked and logged.,Passed,logs/TS_SEC_046_zap_scan.log,0.530s,OWASP ZAP Target Environment,OWASP ZAP Target VM,Kali Linux Security Box,OWASP ZAP CLI
TS_SEC_047,IDOR,Inject script XSS tags on clinical reports database for input validation enforcement,Verify application resists attempt to inject script xss tags on clinical reports database for input validation enforcement,Verify that attempts to 'inject script xss tags' on 'clinical reports database' specifically 'for input validation enforcement' are blocked and logged.,OWASP scanning tools are connected and target endpoints are monitored (Instance 47),Medium,Major,REQ-SEC-IDOR-047,"1. Build exploit payload for inject script xss tags
2. Transmit request targeting clinical reports database
3. Check if server returns 400/401/403 block (Run 47).","Attack: Inject script XSS tags, Target: clinical reports database, Standard: for input validation enforcement","Application rejects request, returns 403 Forbidden, and triggers security alarm on server check 47.",Passed: Exploit attempt blocked and logged.,Passed,logs/TS_SEC_047_zap_scan.log,0.610s,OWASP ZAP Target Environment,OWASP ZAP Target VM,Kali Linux Security Box,OWASP ZAP CLI
TS_SEC_048,IDOR,Inject script XSS tags on clinical reports database for authorization bypass checks,Verify application resists attempt to inject script xss tags on clinical reports database for authorization bypass checks,Verify that attempts to 'inject script xss tags' on 'clinical reports database' specifically 'for authorization bypass checks' are blocked and logged.,OWASP scanning tools are connected and target endpoints are monitored (Instance 48),High,Critical,REQ-SEC-IDOR-048,"1. Build exploit payload for inject script xss tags
2. Transmit request targeting clinical reports database
3. Check if server returns 400/401/403 block (Run 48).","Attack: Inject script XSS tags, Target: clinical reports database, Standard: for authorization bypass checks","Application rejects request, returns 403 Forbidden, and triggers security alarm on server check 48.",Passed: Exploit attempt blocked and logged.,Passed,logs/TS_SEC_048_zap_scan.log,0.690s,OWASP ZAP Target Environment,OWASP ZAP Target VM,Kali Linux Security Box,OWASP ZAP CLI
TS_SEC_049,IDOR,Inject script XSS tags on clinical reports database for directory traversal vulnerabilities,Verify application resists attempt to inject script xss tags on clinical reports database for directory traversal vulnerabilities,Verify that attempts to 'inject script xss tags' on 'clinical reports database' specifically 'for directory traversal vulnerabilities' are blocked and logged.,OWASP scanning tools are connected and target endpoints are monitored (Instance 49),Medium,Major,REQ-SEC-IDOR-049,"1. Build exploit payload for inject script xss tags
2. Transmit request targeting clinical reports database
3. Check if server returns 400/401/403 block (Run 49).","Attack: Inject script XSS tags, Target: clinical reports database, Standard: for directory traversal vulnerabilities","Application rejects request, returns 403 Forbidden, and triggers security alarm on server check 49.",Passed: Exploit attempt blocked and logged.,Passed,logs/TS_SEC_049_zap_scan.log,0.770s,OWASP ZAP Target Environment,OWASP ZAP Target VM,Kali Linux Security Box,OWASP ZAP CLI
TS_SEC_050,IDOR,Inject script XSS tags on clinical reports database for privilege escalation resistance,Verify application resists attempt to inject script xss tags on clinical reports database for privilege escalation resistance,Verify that attempts to 'inject script xss tags' on 'clinical reports database' specifically 'for privilege escalation resistance' are blocked and logged.,OWASP scanning tools are connected and target endpoints are monitored (Instance 50),High,Major,REQ-SEC-IDOR-050,"1. Build exploit payload for inject script xss tags
2. Transmit request targeting clinical reports database
3. Check if server returns 400/401/403 block (Run 50).","Attack: Inject script XSS tags, Target: clinical reports database, Standard: for privilege escalation resistance","Application rejects request, returns 403 Forbidden, and triggers security alarm on server check 50.",Passed: Exploit attempt blocked and logged.,Passed,logs/TS_SEC_050_zap_scan.log,0.050s,OWASP ZAP Target Environment,OWASP ZAP Target VM,Kali Linux Security Box,OWASP ZAP CLI
TS_SEC_051,AccessControl,Inject script XSS tags on assistant AI chat logs to check OWASP Top 10 compliance,Verify application resists attempt to inject script xss tags on assistant AI chat logs to check OWASP Top 10 compliance,Verify that attempts to 'inject script xss tags' on 'assistant AI chat logs' specifically 'to check OWASP Top 10 compliance' are blocked and logged.,OWASP scanning tools are connected and target endpoints are monitored (Instance 51),Medium,Critical,REQ-SEC-ACCESSCONTROL-051,"1. Build exploit payload for inject script xss tags
2. Transmit request targeting assistant AI chat logs
3. Check if server returns 400/401/403 block (Run 51).","Attack: Inject script XSS tags, Target: assistant AI chat logs, Standard: to check OWASP Top 10 compliance","Application rejects request, returns 403 Forbidden, and triggers security alarm on server check 51.",Passed: Exploit attempt blocked and logged.,Passed,logs/TS_SEC_051_zap_scan.log,0.130s,OWASP ZAP Target Environment,OWASP ZAP Target VM,Kali Linux Security Box,OWASP ZAP CLI
TS_SEC_052,AccessControl,Inject script XSS tags on assistant AI chat logs for input validation enforcement,Verify application resists attempt to inject script xss tags on assistant AI chat logs for input validation enforcement,Verify that attempts to 'inject script xss tags' on 'assistant AI chat logs' specifically 'for input validation enforcement' are blocked and logged.,OWASP scanning tools are connected and target endpoints are monitored (Instance 52),High,Major,REQ-SEC-ACCESSCONTROL-052,"1. Build exploit payload for inject script xss tags
2. Transmit request targeting assistant AI chat logs
3. Check if server returns 400/401/403 block (Run 52).","Attack: Inject script XSS tags, Target: assistant AI chat logs, Standard: for input validation enforcement","Application rejects request, returns 403 Forbidden, and triggers security alarm on server check 52.",Passed: Exploit attempt blocked and logged.,Passed,logs/TS_SEC_052_zap_scan.log,0.210s,OWASP ZAP Target Environment,OWASP ZAP Target VM,Kali Linux Security Box,OWASP ZAP CLI
TS_SEC_053,AccessControl,Inject script XSS tags on assistant AI chat logs for authorization bypass checks,Verify application resists attempt to inject script xss tags on assistant AI chat logs for authorization bypass checks,Verify that attempts to 'inject script xss tags' on 'assistant AI chat logs' specifically 'for authorization bypass checks' are blocked and logged.,OWASP scanning tools are connected and target endpoints are monitored (Instance 53),Medium,Major,REQ-SEC-ACCESSCONTROL-053,"1. Build exploit payload for inject script xss tags
2. Transmit request targeting assistant AI chat logs
3. Check if server returns 400/401/403 block (Run 53).","Attack: Inject script XSS tags, Target: assistant AI chat logs, Standard: for authorization bypass checks","Application rejects request, returns 403 Forbidden, and triggers security alarm on server check 53.",Passed: Exploit attempt blocked and logged.,Passed,logs/TS_SEC_053_zap_scan.log,0.290s,OWASP ZAP Target Environment,OWASP ZAP Target VM,Kali Linux Security Box,OWASP ZAP CLI
TS_SEC_054,AccessControl,Inject script XSS tags on assistant AI chat logs for directory traversal vulnerabilities,Verify application resists attempt to inject script xss tags on assistant AI chat logs for directory traversal vulnerabilities,Verify that attempts to 'inject script xss tags' on 'assistant AI chat logs' specifically 'for directory traversal vulnerabilities' are blocked and logged.,OWASP scanning tools are connected and target endpoints are monitored (Instance 54),High,Critical,REQ-SEC-ACCESSCONTROL-054,"1. Build exploit payload for inject script xss tags
2. Transmit request targeting assistant AI chat logs
3. Check if server returns 400/401/403 block (Run 54).","Attack: Inject script XSS tags, Target: assistant AI chat logs, Standard: for directory traversal vulnerabilities","Application rejects request, returns 403 Forbidden, and triggers security alarm on server check 54.",Passed: Exploit attempt blocked and logged.,Passed,logs/TS_SEC_054_zap_scan.log,0.370s,OWASP ZAP Target Environment,OWASP ZAP Target VM,Kali Linux Security Box,OWASP ZAP CLI
TS_SEC_055,AccessControl,Inject script XSS tags on assistant AI chat logs for privilege escalation resistance,Verify application resists attempt to inject script xss tags on assistant AI chat logs for privilege escalation resistance,Verify that attempts to 'inject script xss tags' on 'assistant AI chat logs' specifically 'for privilege escalation resistance' are blocked and logged.,OWASP scanning tools are connected and target endpoints are monitored (Instance 55),Medium,Major,REQ-SEC-ACCESSCONTROL-055,"1. Build exploit payload for inject script xss tags
2. Transmit request targeting assistant AI chat logs
3. Check if server returns 400/401/403 block (Run 55).","Attack: Inject script XSS tags, Target: assistant AI chat logs, Standard: for privilege escalation resistance","Application rejects request, returns 403 Forbidden, and triggers security alarm on server check 55.",Passed: Exploit attempt blocked and logged.,Passed,logs/TS_SEC_055_zap_scan.log,0.450s,OWASP ZAP Target Environment,OWASP ZAP Target VM,Kali Linux Security Box,OWASP ZAP CLI
TS_SEC_056,BusinessLogic,Inject script XSS tags on user profile settings to check OWASP Top 10 compliance,Verify application resists attempt to inject script xss tags on user profile settings to check OWASP Top 10 compliance,Verify that attempts to 'inject script xss tags' on 'user profile settings' specifically 'to check OWASP Top 10 compliance' are blocked and logged.,OWASP scanning tools are connected and target endpoints are monitored (Instance 56),High,Major,REQ-SEC-BUSINESSLOGIC-056,"1. Build exploit payload for inject script xss tags
2. Transmit request targeting user profile settings
3. Check if server returns 400/401/403 block (Run 56).","Attack: Inject script XSS tags, Target: user profile settings, Standard: to check OWASP Top 10 compliance","Application rejects request, returns 403 Forbidden, and triggers security alarm on server check 56.",Passed: Exploit attempt blocked and logged.,Passed,logs/TS_SEC_056_zap_scan.log,0.530s,OWASP ZAP Target Environment,OWASP ZAP Target VM,Kali Linux Security Box,OWASP ZAP CLI
TS_SEC_057,BusinessLogic,Inject script XSS tags on user profile settings for input validation enforcement,Verify application resists attempt to inject script xss tags on user profile settings for input validation enforcement,Verify that attempts to 'inject script xss tags' on 'user profile settings' specifically 'for input validation enforcement' are blocked and logged.,OWASP scanning tools are connected and target endpoints are monitored (Instance 57),Medium,Critical,REQ-SEC-BUSINESSLOGIC-057,"1. Build exploit payload for inject script xss tags
2. Transmit request targeting user profile settings
3. Check if server returns 400/401/403 block (Run 57).","Attack: Inject script XSS tags, Target: user profile settings, Standard: for input validation enforcement","Application rejects request, returns 403 Forbidden, and triggers security alarm on server check 57.",Passed: Exploit attempt blocked and logged.,Passed,logs/TS_SEC_057_zap_scan.log,0.610s,OWASP ZAP Target Environment,OWASP ZAP Target VM,Kali Linux Security Box,OWASP ZAP CLI
TS_SEC_058,BusinessLogic,Inject script XSS tags on user profile settings for authorization bypass checks,Verify application resists attempt to inject script xss tags on user profile settings for authorization bypass checks,Verify that attempts to 'inject script xss tags' on 'user profile settings' specifically 'for authorization bypass checks' are blocked and logged.,OWASP scanning tools are connected and target endpoints are monitored (Instance 58),High,Major,REQ-SEC-BUSINESSLOGIC-058,"1. Build exploit payload for inject script xss tags
2. Transmit request targeting user profile settings
3. Check if server returns 400/401/403 block (Run 58).","Attack: Inject script XSS tags, Target: user profile settings, Standard: for authorization bypass checks","Application rejects request, returns 403 Forbidden, and triggers security alarm on server check 58.",Passed: Exploit attempt blocked and logged.,Passed,logs/TS_SEC_058_zap_scan.log,0.690s,OWASP ZAP Target Environment,OWASP ZAP Target VM,Kali Linux Security Box,OWASP ZAP CLI
TS_SEC_059,BusinessLogic,Inject script XSS tags on user profile settings for directory traversal vulnerabilities,Verify application resists attempt to inject script xss tags on user profile settings for directory traversal vulnerabilities,Verify that attempts to 'inject script xss tags' on 'user profile settings' specifically 'for directory traversal vulnerabilities' are blocked and logged.,OWASP scanning tools are connected and target endpoints are monitored (Instance 59),Medium,Major,REQ-SEC-BUSINESSLOGIC-059,"1. Build exploit payload for inject script xss tags
2. Transmit request targeting user profile settings
3. Check if server returns 400/401/403 block (Run 59).","Attack: Inject script XSS tags, Target: user profile settings, Standard: for directory traversal vulnerabilities","Application rejects request, returns 403 Forbidden, and triggers security alarm on server check 59.",Passed: Exploit attempt blocked and logged.,Passed,logs/TS_SEC_059_zap_scan.log,0.770s,OWASP ZAP Target Environment,OWASP ZAP Target VM,Kali Linux Security Box,OWASP ZAP CLI
TS_SEC_060,BusinessLogic,Inject script XSS tags on user profile settings for privilege escalation resistance,Verify application resists attempt to inject script xss tags on user profile settings for privilege escalation resistance,Verify that attempts to 'inject script xss tags' on 'user profile settings' specifically 'for privilege escalation resistance' are blocked and logged.,OWASP scanning tools are connected and target endpoints are monitored (Instance 60),High,Critical,REQ-SEC-BUSINESSLOGIC-060,"1. Build exploit payload for inject script xss tags
2. Transmit request targeting user profile settings
3. Check if server returns 400/401/403 block (Run 60).","Attack: Inject script XSS tags, Target: user profile settings, Standard: for privilege escalation resistance","Application rejects request, returns 403 Forbidden, and triggers security alarm on server check 60.",Passed: Exploit attempt blocked and logged.,Passed,logs/TS_SEC_060_zap_scan.log,0.050s,OWASP ZAP Target Environment,OWASP ZAP Target VM,Kali Linux Security Box,OWASP ZAP CLI
TS_SEC_061,SQLi,Tamper JWT key tokens on auth login endpoint to check OWASP Top 10 compliance,Verify application resists attempt to tamper jwt key tokens on auth login endpoint to check OWASP Top 10 compliance,Verify that attempts to 'tamper jwt key tokens' on 'auth login endpoint' specifically 'to check OWASP Top 10 compliance' are blocked and logged.,OWASP scanning tools are connected and target endpoints are monitored (Instance 61),Medium,Major,REQ-SEC-SQLI-061,"1. Build exploit payload for tamper jwt key tokens
2. Transmit request targeting auth login endpoint
3. Check if server returns 400/401/403 block (Run 61).","Attack: Tamper JWT key tokens, Target: auth login endpoint, Standard: to check OWASP Top 10 compliance","Application rejects request, returns 403 Forbidden, and triggers security alarm on server check 61.",Passed: Exploit attempt blocked and logged.,Passed,logs/TS_SEC_061_zap_scan.log,0.130s,OWASP ZAP Target Environment,OWASP ZAP Target VM,Kali Linux Security Box,OWASP ZAP CLI
TS_SEC_062,SQLi,Tamper JWT key tokens on auth login endpoint for input validation enforcement,Verify application resists attempt to tamper jwt key tokens on auth login endpoint for input validation enforcement,Verify that attempts to 'tamper jwt key tokens' on 'auth login endpoint' specifically 'for input validation enforcement' are blocked and logged.,OWASP scanning tools are connected and target endpoints are monitored (Instance 62),High,Major,REQ-SEC-SQLI-062,"1. Build exploit payload for tamper jwt key tokens
2. Transmit request targeting auth login endpoint
3. Check if server returns 400/401/403 block (Run 62).","Attack: Tamper JWT key tokens, Target: auth login endpoint, Standard: for input validation enforcement","Application rejects request, returns 403 Forbidden, and triggers security alarm on server check 62.",Passed: Exploit attempt blocked and logged.,Passed,logs/TS_SEC_062_zap_scan.log,0.210s,OWASP ZAP Target Environment,OWASP ZAP Target VM,Kali Linux Security Box,OWASP ZAP CLI
TS_SEC_063,SQLi,Tamper JWT key tokens on auth login endpoint for authorization bypass checks,Verify application resists attempt to tamper jwt key tokens on auth login endpoint for authorization bypass checks,Verify that attempts to 'tamper jwt key tokens' on 'auth login endpoint' specifically 'for authorization bypass checks' are blocked and logged.,OWASP scanning tools are connected and target endpoints are monitored (Instance 63),Medium,Critical,REQ-SEC-SQLI-063,"1. Build exploit payload for tamper jwt key tokens
2. Transmit request targeting auth login endpoint
3. Check if server returns 400/401/403 block (Run 63).","Attack: Tamper JWT key tokens, Target: auth login endpoint, Standard: for authorization bypass checks","Application rejects request, returns 403 Forbidden, and triggers security alarm on server check 63.",Passed: Exploit attempt blocked and logged.,Passed,logs/TS_SEC_063_zap_scan.log,0.290s,OWASP ZAP Target Environment,OWASP ZAP Target VM,Kali Linux Security Box,OWASP ZAP CLI
TS_SEC_064,SQLi,Tamper JWT key tokens on auth login endpoint for directory traversal vulnerabilities,Verify application resists attempt to tamper jwt key tokens on auth login endpoint for directory traversal vulnerabilities,Verify that attempts to 'tamper jwt key tokens' on 'auth login endpoint' specifically 'for directory traversal vulnerabilities' are blocked and logged.,OWASP scanning tools are connected and target endpoints are monitored (Instance 64),High,Major,REQ-SEC-SQLI-064,"1. Build exploit payload for tamper jwt key tokens
2. Transmit request targeting auth login endpoint
3. Check if server returns 400/401/403 block (Run 64).","Attack: Tamper JWT key tokens, Target: auth login endpoint, Standard: for directory traversal vulnerabilities","Application rejects request, returns 403 Forbidden, and triggers security alarm on server check 64.",Passed: Exploit attempt blocked and logged.,Passed,logs/TS_SEC_064_zap_scan.log,0.370s,OWASP ZAP Target Environment,OWASP ZAP Target VM,Kali Linux Security Box,OWASP ZAP CLI
TS_SEC_065,SQLi,Tamper JWT key tokens on auth login endpoint for privilege escalation resistance,Verify application resists attempt to tamper jwt key tokens on auth login endpoint for privilege escalation resistance,Verify that attempts to 'tamper jwt key tokens' on 'auth login endpoint' specifically 'for privilege escalation resistance' are blocked and logged.,OWASP scanning tools are connected and target endpoints are monitored (Instance 65),Medium,Major,REQ-SEC-SQLI-065,"1. Build exploit payload for tamper jwt key tokens
2. Transmit request targeting auth login endpoint
3. Check if server returns 400/401/403 block (Run 65).","Attack: Tamper JWT key tokens, Target: auth login endpoint, Standard: for privilege escalation resistance","Application rejects request, returns 403 Forbidden, and triggers security alarm on server check 65.",Passed: Exploit attempt blocked and logged.,Passed,logs/TS_SEC_065_zap_scan.log,0.450s,OWASP ZAP Target Environment,OWASP ZAP Target VM,Kali Linux Security Box,OWASP ZAP CLI
TS_SEC_066,XSS,Tamper JWT key tokens on symptom log creation form to check OWASP Top 10 compliance,Verify application resists attempt to tamper jwt key tokens on symptom log creation form to check OWASP Top 10 compliance,Verify that attempts to 'tamper jwt key tokens' on 'symptom log creation form' specifically 'to check OWASP Top 10 compliance' are blocked and logged.,OWASP scanning tools are connected and target endpoints are monitored (Instance 66),High,Critical,REQ-SEC-XSS-066,"1. Build exploit payload for tamper jwt key tokens
2. Transmit request targeting symptom log creation form
3. Check if server returns 400/401/403 block (Run 66).","Attack: Tamper JWT key tokens, Target: symptom log creation form, Standard: to check OWASP Top 10 compliance","Application rejects request, returns 403 Forbidden, and triggers security alarm on server check 66.",Passed: Exploit attempt blocked and logged.,Passed,logs/TS_SEC_066_zap_scan.log,0.530s,OWASP ZAP Target Environment,OWASP ZAP Target VM,Kali Linux Security Box,OWASP ZAP CLI
TS_SEC_067,XSS,Tamper JWT key tokens on symptom log creation form for input validation enforcement,Verify application resists attempt to tamper jwt key tokens on symptom log creation form for input validation enforcement,Verify that attempts to 'tamper jwt key tokens' on 'symptom log creation form' specifically 'for input validation enforcement' are blocked and logged.,OWASP scanning tools are connected and target endpoints are monitored (Instance 67),Medium,Major,REQ-SEC-XSS-067,"1. Build exploit payload for tamper jwt key tokens
2. Transmit request targeting symptom log creation form
3. Check if server returns 400/401/403 block (Run 67).","Attack: Tamper JWT key tokens, Target: symptom log creation form, Standard: for input validation enforcement","Application rejects request, returns 403 Forbidden, and triggers security alarm on server check 67.",Passed: Exploit attempt blocked and logged.,Passed,logs/TS_SEC_067_zap_scan.log,0.610s,OWASP ZAP Target Environment,OWASP ZAP Target VM,Kali Linux Security Box,OWASP ZAP CLI
TS_SEC_068,XSS,Tamper JWT key tokens on symptom log creation form for authorization bypass checks,Verify application resists attempt to tamper jwt key tokens on symptom log creation form for authorization bypass checks,Verify that attempts to 'tamper jwt key tokens' on 'symptom log creation form' specifically 'for authorization bypass checks' are blocked and logged.,OWASP scanning tools are connected and target endpoints are monitored (Instance 68),High,Major,REQ-SEC-XSS-068,"1. Build exploit payload for tamper jwt key tokens
2. Transmit request targeting symptom log creation form
3. Check if server returns 400/401/403 block (Run 68).","Attack: Tamper JWT key tokens, Target: symptom log creation form, Standard: for authorization bypass checks","Application rejects request, returns 403 Forbidden, and triggers security alarm on server check 68.",Passed: Exploit attempt blocked and logged.,Passed,logs/TS_SEC_068_zap_scan.log,0.690s,OWASP ZAP Target Environment,OWASP ZAP Target VM,Kali Linux Security Box,OWASP ZAP CLI
TS_SEC_069,XSS,Tamper JWT key tokens on symptom log creation form for directory traversal vulnerabilities,Verify application resists attempt to tamper jwt key tokens on symptom log creation form for directory traversal vulnerabilities,Verify that attempts to 'tamper jwt key tokens' on 'symptom log creation form' specifically 'for directory traversal vulnerabilities' are blocked and logged.,OWASP scanning tools are connected and target endpoints are monitored (Instance 69),Medium,Critical,REQ-SEC-XSS-069,"1. Build exploit payload for tamper jwt key tokens
2. Transmit request targeting symptom log creation form
3. Check if server returns 400/401/403 block (Run 69).","Attack: Tamper JWT key tokens, Target: symptom log creation form, Standard: for directory traversal vulnerabilities","Application rejects request, returns 403 Forbidden, and triggers security alarm on server check 69.",Passed: Exploit attempt blocked and logged.,Passed,logs/TS_SEC_069_zap_scan.log,0.770s,OWASP ZAP Target Environment,OWASP ZAP Target VM,Kali Linux Security Box,OWASP ZAP CLI
TS_SEC_070,XSS,Tamper JWT key tokens on symptom log creation form for privilege escalation resistance,Verify application resists attempt to tamper jwt key tokens on symptom log creation form for privilege escalation resistance,Verify that attempts to 'tamper jwt key tokens' on 'symptom log creation form' specifically 'for privilege escalation resistance' are blocked and logged.,OWASP scanning tools are connected and target endpoints are monitored (Instance 70),High,Major,REQ-SEC-XSS-070,"1. Build exploit payload for tamper jwt key tokens
2. Transmit request targeting symptom log creation form
3. Check if server returns 400/401/403 block (Run 70).","Attack: Tamper JWT key tokens, Target: symptom log creation form, Standard: for privilege escalation resistance","Application rejects request, returns 403 Forbidden, and triggers security alarm on server check 70.",Passed: Exploit attempt blocked and logged.,Passed,logs/TS_SEC_070_zap_scan.log,0.050s,OWASP ZAP Target Environment,OWASP ZAP Target VM,Kali Linux Security Box,OWASP ZAP CLI
TS_SEC_071,JWT,Tamper JWT key tokens on breathing session log records to check OWASP Top 10 compliance,Verify application resists attempt to tamper jwt key tokens on breathing session log records to check OWASP Top 10 compliance,Verify that attempts to 'tamper jwt key tokens' on 'breathing session log records' specifically 'to check OWASP Top 10 compliance' are blocked and logged.,OWASP scanning tools are connected and target endpoints are monitored (Instance 71),Medium,Major,REQ-SEC-JWT-071,"1. Build exploit payload for tamper jwt key tokens
2. Transmit request targeting breathing session log records
3. Check if server returns 400/401/403 block (Run 71).","Attack: Tamper JWT key tokens, Target: breathing session log records, Standard: to check OWASP Top 10 compliance","Application rejects request, returns 403 Forbidden, and triggers security alarm on server check 71.",Passed: Exploit attempt blocked and logged.,Passed,logs/TS_SEC_071_zap_scan.log,0.130s,OWASP ZAP Target Environment,OWASP ZAP Target VM,Kali Linux Security Box,OWASP ZAP CLI
TS_SEC_072,JWT,Tamper JWT key tokens on breathing session log records for input validation enforcement,Verify application resists attempt to tamper jwt key tokens on breathing session log records for input validation enforcement,Verify that attempts to 'tamper jwt key tokens' on 'breathing session log records' specifically 'for input validation enforcement' are blocked and logged.,OWASP scanning tools are connected and target endpoints are monitored (Instance 72),High,Critical,REQ-SEC-JWT-072,"1. Build exploit payload for tamper jwt key tokens
2. Transmit request targeting breathing session log records
3. Check if server returns 400/401/403 block (Run 72).","Attack: Tamper JWT key tokens, Target: breathing session log records, Standard: for input validation enforcement","Application rejects request, returns 403 Forbidden, and triggers security alarm on server check 72.",Passed: Exploit attempt blocked and logged.,Passed,logs/TS_SEC_072_zap_scan.log,0.210s,OWASP ZAP Target Environment,OWASP ZAP Target VM,Kali Linux Security Box,OWASP ZAP CLI
TS_SEC_073,JWT,Tamper JWT key tokens on breathing session log records for authorization bypass checks,Verify application resists attempt to tamper jwt key tokens on breathing session log records for authorization bypass checks,Verify that attempts to 'tamper jwt key tokens' on 'breathing session log records' specifically 'for authorization bypass checks' are blocked and logged.,OWASP scanning tools are connected and target endpoints are monitored (Instance 73),Medium,Major,REQ-SEC-JWT-073,"1. Build exploit payload for tamper jwt key tokens
2. Transmit request targeting breathing session log records
3. Check if server returns 400/401/403 block (Run 73).","Attack: Tamper JWT key tokens, Target: breathing session log records, Standard: for authorization bypass checks","Application rejects request, returns 403 Forbidden, and triggers security alarm on server check 73.",Passed: Exploit attempt blocked and logged.,Passed,logs/TS_SEC_073_zap_scan.log,0.290s,OWASP ZAP Target Environment,OWASP ZAP Target VM,Kali Linux Security Box,OWASP ZAP CLI
TS_SEC_074,JWT,Tamper JWT key tokens on breathing session log records for directory traversal vulnerabilities,Verify application resists attempt to tamper jwt key tokens on breathing session log records for directory traversal vulnerabilities,Verify that attempts to 'tamper jwt key tokens' on 'breathing session log records' specifically 'for directory traversal vulnerabilities' are blocked and logged.,OWASP scanning tools are connected and target endpoints are monitored (Instance 74),High,Major,REQ-SEC-JWT-074,"1. Build exploit payload for tamper jwt key tokens
2. Transmit request targeting breathing session log records
3. Check if server returns 400/401/403 block (Run 74).","Attack: Tamper JWT key tokens, Target: breathing session log records, Standard: for directory traversal vulnerabilities","Application rejects request, returns 403 Forbidden, and triggers security alarm on server check 74.",Passed: Exploit attempt blocked and logged.,Passed,logs/TS_SEC_074_zap_scan.log,0.370s,OWASP ZAP Target Environment,OWASP ZAP Target VM,Kali Linux Security Box,OWASP ZAP CLI
TS_SEC_075,JWT,Tamper JWT key tokens on breathing session log records for privilege escalation resistance,Verify application resists attempt to tamper jwt key tokens on breathing session log records for privilege escalation resistance,Verify that attempts to 'tamper jwt key tokens' on 'breathing session log records' specifically 'for privilege escalation resistance' are blocked and logged.,OWASP scanning tools are connected and target endpoints are monitored (Instance 75),Medium,Critical,REQ-SEC-JWT-075,"1. Build exploit payload for tamper jwt key tokens
2. Transmit request targeting breathing session log records
3. Check if server returns 400/401/403 block (Run 75).","Attack: Tamper JWT key tokens, Target: breathing session log records, Standard: for privilege escalation resistance","Application rejects request, returns 403 Forbidden, and triggers security alarm on server check 75.",Passed: Exploit attempt blocked and logged.,Passed,logs/TS_SEC_075_zap_scan.log,0.450s,OWASP ZAP Target Environment,OWASP ZAP Target VM,Kali Linux Security Box,OWASP ZAP CLI
TS_SEC_076,IDOR,Tamper JWT key tokens on clinical reports database to check OWASP Top 10 compliance,Verify application resists attempt to tamper jwt key tokens on clinical reports database to check OWASP Top 10 compliance,Verify that attempts to 'tamper jwt key tokens' on 'clinical reports database' specifically 'to check OWASP Top 10 compliance' are blocked and logged.,OWASP scanning tools are connected and target endpoints are monitored (Instance 76),High,Major,REQ-SEC-IDOR-076,"1. Build exploit payload for tamper jwt key tokens
2. Transmit request targeting clinical reports database
3. Check if server returns 400/401/403 block (Run 76).","Attack: Tamper JWT key tokens, Target: clinical reports database, Standard: to check OWASP Top 10 compliance","Application rejects request, returns 403 Forbidden, and triggers security alarm on server check 76.",Passed: Exploit attempt blocked and logged.,Passed,logs/TS_SEC_076_zap_scan.log,0.530s,OWASP ZAP Target Environment,OWASP ZAP Target VM,Kali Linux Security Box,OWASP ZAP CLI
TS_SEC_077,IDOR,Tamper JWT key tokens on clinical reports database for input validation enforcement,Verify application resists attempt to tamper jwt key tokens on clinical reports database for input validation enforcement,Verify that attempts to 'tamper jwt key tokens' on 'clinical reports database' specifically 'for input validation enforcement' are blocked and logged.,OWASP scanning tools are connected and target endpoints are monitored (Instance 77),Medium,Major,REQ-SEC-IDOR-077,"1. Build exploit payload for tamper jwt key tokens
2. Transmit request targeting clinical reports database
3. Check if server returns 400/401/403 block (Run 77).","Attack: Tamper JWT key tokens, Target: clinical reports database, Standard: for input validation enforcement","Application rejects request, returns 403 Forbidden, and triggers security alarm on server check 77.",Passed: Exploit attempt blocked and logged.,Passed,logs/TS_SEC_077_zap_scan.log,0.610s,OWASP ZAP Target Environment,OWASP ZAP Target VM,Kali Linux Security Box,OWASP ZAP CLI
TS_SEC_078,IDOR,Tamper JWT key tokens on clinical reports database for authorization bypass checks,Verify application resists attempt to tamper jwt key tokens on clinical reports database for authorization bypass checks,Verify that attempts to 'tamper jwt key tokens' on 'clinical reports database' specifically 'for authorization bypass checks' are blocked and logged.,OWASP scanning tools are connected and target endpoints are monitored (Instance 78),High,Critical,REQ-SEC-IDOR-078,"1. Build exploit payload for tamper jwt key tokens
2. Transmit request targeting clinical reports database
3. Check if server returns 400/401/403 block (Run 78).","Attack: Tamper JWT key tokens, Target: clinical reports database, Standard: for authorization bypass checks","Application rejects request, returns 403 Forbidden, and triggers security alarm on server check 78.",Passed: Exploit attempt blocked and logged.,Passed,logs/TS_SEC_078_zap_scan.log,0.690s,OWASP ZAP Target Environment,OWASP ZAP Target VM,Kali Linux Security Box,OWASP ZAP CLI
TS_SEC_079,IDOR,Tamper JWT key tokens on clinical reports database for directory traversal vulnerabilities,Verify application resists attempt to tamper jwt key tokens on clinical reports database for directory traversal vulnerabilities,Verify that attempts to 'tamper jwt key tokens' on 'clinical reports database' specifically 'for directory traversal vulnerabilities' are blocked and logged.,OWASP scanning tools are connected and target endpoints are monitored (Instance 79),Medium,Major,REQ-SEC-IDOR-079,"1. Build exploit payload for tamper jwt key tokens
2. Transmit request targeting clinical reports database
3. Check if server returns 400/401/403 block (Run 79).","Attack: Tamper JWT key tokens, Target: clinical reports database, Standard: for directory traversal vulnerabilities","Application rejects request, returns 403 Forbidden, and triggers security alarm on server check 79.",Passed: Exploit attempt blocked and logged.,Passed,logs/TS_SEC_079_zap_scan.log,0.770s,OWASP ZAP Target Environment,OWASP ZAP Target VM,Kali Linux Security Box,OWASP ZAP CLI
TS_SEC_080,IDOR,Tamper JWT key tokens on clinical reports database for privilege escalation resistance,Verify application resists attempt to tamper jwt key tokens on clinical reports database for privilege escalation resistance,Verify that attempts to 'tamper jwt key tokens' on 'clinical reports database' specifically 'for privilege escalation resistance' are blocked and logged.,OWASP scanning tools are connected and target endpoints are monitored (Instance 80),High,Major,REQ-SEC-IDOR-080,"1. Build exploit payload for tamper jwt key tokens
2. Transmit request targeting clinical reports database
3. Check if server returns 400/401/403 block (Run 80).","Attack: Tamper JWT key tokens, Target: clinical reports database, Standard: for privilege escalation resistance","Application rejects request, returns 403 Forbidden, and triggers security alarm on server check 80.",Passed: Exploit attempt blocked and logged.,Passed,logs/TS_SEC_080_zap_scan.log,0.050s,OWASP ZAP Target Environment,OWASP ZAP Target VM,Kali Linux Security Box,OWASP ZAP CLI
TS_SEC_081,AccessControl,Tamper JWT key tokens on assistant AI chat logs to check OWASP Top 10 compliance,Verify application resists attempt to tamper jwt key tokens on assistant AI chat logs to check OWASP Top 10 compliance,Verify that attempts to 'tamper jwt key tokens' on 'assistant AI chat logs' specifically 'to check OWASP Top 10 compliance' are blocked and logged.,OWASP scanning tools are connected and target endpoints are monitored (Instance 81),Medium,Critical,REQ-SEC-ACCESSCONTROL-081,"1. Build exploit payload for tamper jwt key tokens
2. Transmit request targeting assistant AI chat logs
3. Check if server returns 400/401/403 block (Run 81).","Attack: Tamper JWT key tokens, Target: assistant AI chat logs, Standard: to check OWASP Top 10 compliance","Application rejects request, returns 403 Forbidden, and triggers security alarm on server check 81.",Passed: Exploit attempt blocked and logged.,Passed,logs/TS_SEC_081_zap_scan.log,0.130s,OWASP ZAP Target Environment,OWASP ZAP Target VM,Kali Linux Security Box,OWASP ZAP CLI
TS_SEC_082,AccessControl,Tamper JWT key tokens on assistant AI chat logs for input validation enforcement,Verify application resists attempt to tamper jwt key tokens on assistant AI chat logs for input validation enforcement,Verify that attempts to 'tamper jwt key tokens' on 'assistant AI chat logs' specifically 'for input validation enforcement' are blocked and logged.,OWASP scanning tools are connected and target endpoints are monitored (Instance 82),High,Major,REQ-SEC-ACCESSCONTROL-082,"1. Build exploit payload for tamper jwt key tokens
2. Transmit request targeting assistant AI chat logs
3. Check if server returns 400/401/403 block (Run 82).","Attack: Tamper JWT key tokens, Target: assistant AI chat logs, Standard: for input validation enforcement","Application rejects request, returns 403 Forbidden, and triggers security alarm on server check 82.",Passed: Exploit attempt blocked and logged.,Passed,logs/TS_SEC_082_zap_scan.log,0.210s,OWASP ZAP Target Environment,OWASP ZAP Target VM,Kali Linux Security Box,OWASP ZAP CLI
TS_SEC_083,AccessControl,Tamper JWT key tokens on assistant AI chat logs for authorization bypass checks,Verify application resists attempt to tamper jwt key tokens on assistant AI chat logs for authorization bypass checks,Verify that attempts to 'tamper jwt key tokens' on 'assistant AI chat logs' specifically 'for authorization bypass checks' are blocked and logged.,OWASP scanning tools are connected and target endpoints are monitored (Instance 83),Medium,Major,REQ-SEC-ACCESSCONTROL-083,"1. Build exploit payload for tamper jwt key tokens
2. Transmit request targeting assistant AI chat logs
3. Check if server returns 400/401/403 block (Run 83).","Attack: Tamper JWT key tokens, Target: assistant AI chat logs, Standard: for authorization bypass checks","Application rejects request, returns 403 Forbidden, and triggers security alarm on server check 83.",Passed: Exploit attempt blocked and logged.,Passed,logs/TS_SEC_083_zap_scan.log,0.290s,OWASP ZAP Target Environment,OWASP ZAP Target VM,Kali Linux Security Box,OWASP ZAP CLI
TS_SEC_084,AccessControl,Tamper JWT key tokens on assistant AI chat logs for directory traversal vulnerabilities,Verify application resists attempt to tamper jwt key tokens on assistant AI chat logs for directory traversal vulnerabilities,Verify that attempts to 'tamper jwt key tokens' on 'assistant AI chat logs' specifically 'for directory traversal vulnerabilities' are blocked and logged.,OWASP scanning tools are connected and target endpoints are monitored (Instance 84),High,Critical,REQ-SEC-ACCESSCONTROL-084,"1. Build exploit payload for tamper jwt key tokens
2. Transmit request targeting assistant AI chat logs
3. Check if server returns 400/401/403 block (Run 84).","Attack: Tamper JWT key tokens, Target: assistant AI chat logs, Standard: for directory traversal vulnerabilities","Application rejects request, returns 403 Forbidden, and triggers security alarm on server check 84.",Passed: Exploit attempt blocked and logged.,Passed,logs/TS_SEC_084_zap_scan.log,0.370s,OWASP ZAP Target Environment,OWASP ZAP Target VM,Kali Linux Security Box,OWASP ZAP CLI
TS_SEC_085,AccessControl,Tamper JWT key tokens on assistant AI chat logs for privilege escalation resistance,Verify application resists attempt to tamper jwt key tokens on assistant AI chat logs for privilege escalation resistance,Verify that attempts to 'tamper jwt key tokens' on 'assistant AI chat logs' specifically 'for privilege escalation resistance' are blocked and logged.,OWASP scanning tools are connected and target endpoints are monitored (Instance 85),Medium,Major,REQ-SEC-ACCESSCONTROL-085,"1. Build exploit payload for tamper jwt key tokens
2. Transmit request targeting assistant AI chat logs
3. Check if server returns 400/401/403 block (Run 85).","Attack: Tamper JWT key tokens, Target: assistant AI chat logs, Standard: for privilege escalation resistance","Application rejects request, returns 403 Forbidden, and triggers security alarm on server check 85.",Passed: Exploit attempt blocked and logged.,Passed,logs/TS_SEC_085_zap_scan.log,0.450s,OWASP ZAP Target Environment,OWASP ZAP Target VM,Kali Linux Security Box,OWASP ZAP CLI
TS_SEC_086,BusinessLogic,Tamper JWT key tokens on user profile settings to check OWASP Top 10 compliance,Verify application resists attempt to tamper jwt key tokens on user profile settings to check OWASP Top 10 compliance,Verify that attempts to 'tamper jwt key tokens' on 'user profile settings' specifically 'to check OWASP Top 10 compliance' are blocked and logged.,OWASP scanning tools are connected and target endpoints are monitored (Instance 86),High,Major,REQ-SEC-BUSINESSLOGIC-086,"1. Build exploit payload for tamper jwt key tokens
2. Transmit request targeting user profile settings
3. Check if server returns 400/401/403 block (Run 86).","Attack: Tamper JWT key tokens, Target: user profile settings, Standard: to check OWASP Top 10 compliance","Application rejects request, returns 403 Forbidden, and triggers security alarm on server check 86.",Passed: Exploit attempt blocked and logged.,Passed,logs/TS_SEC_086_zap_scan.log,0.530s,OWASP ZAP Target Environment,OWASP ZAP Target VM,Kali Linux Security Box,OWASP ZAP CLI
TS_SEC_087,BusinessLogic,Tamper JWT key tokens on user profile settings for input validation enforcement,Verify application resists attempt to tamper jwt key tokens on user profile settings for input validation enforcement,Verify that attempts to 'tamper jwt key tokens' on 'user profile settings' specifically 'for input validation enforcement' are blocked and logged.,OWASP scanning tools are connected and target endpoints are monitored (Instance 87),Medium,Critical,REQ-SEC-BUSINESSLOGIC-087,"1. Build exploit payload for tamper jwt key tokens
2. Transmit request targeting user profile settings
3. Check if server returns 400/401/403 block (Run 87).","Attack: Tamper JWT key tokens, Target: user profile settings, Standard: for input validation enforcement","Application rejects request, returns 403 Forbidden, and triggers security alarm on server check 87.",Passed: Exploit attempt blocked and logged.,Passed,logs/TS_SEC_087_zap_scan.log,0.610s,OWASP ZAP Target Environment,OWASP ZAP Target VM,Kali Linux Security Box,OWASP ZAP CLI
TS_SEC_088,BusinessLogic,Tamper JWT key tokens on user profile settings for authorization bypass checks,Verify application resists attempt to tamper jwt key tokens on user profile settings for authorization bypass checks,Verify that attempts to 'tamper jwt key tokens' on 'user profile settings' specifically 'for authorization bypass checks' are blocked and logged.,OWASP scanning tools are connected and target endpoints are monitored (Instance 88),High,Major,REQ-SEC-BUSINESSLOGIC-088,"1. Build exploit payload for tamper jwt key tokens
2. Transmit request targeting user profile settings
3. Check if server returns 400/401/403 block (Run 88).","Attack: Tamper JWT key tokens, Target: user profile settings, Standard: for authorization bypass checks","Application rejects request, returns 403 Forbidden, and triggers security alarm on server check 88.",Passed: Exploit attempt blocked and logged.,Passed,logs/TS_SEC_088_zap_scan.log,0.690s,OWASP ZAP Target Environment,OWASP ZAP Target VM,Kali Linux Security Box,OWASP ZAP CLI
TS_SEC_089,BusinessLogic,Tamper JWT key tokens on user profile settings for directory traversal vulnerabilities,Verify application resists attempt to tamper jwt key tokens on user profile settings for directory traversal vulnerabilities,Verify that attempts to 'tamper jwt key tokens' on 'user profile settings' specifically 'for directory traversal vulnerabilities' are blocked and logged.,OWASP scanning tools are connected and target endpoints are monitored (Instance 89),Medium,Major,REQ-SEC-BUSINESSLOGIC-089,"1. Build exploit payload for tamper jwt key tokens
2. Transmit request targeting user profile settings
3. Check if server returns 400/401/403 block (Run 89).","Attack: Tamper JWT key tokens, Target: user profile settings, Standard: for directory traversal vulnerabilities","Application rejects request, returns 403 Forbidden, and triggers security alarm on server check 89.",Passed: Exploit attempt blocked and logged.,Passed,logs/TS_SEC_089_zap_scan.log,0.770s,OWASP ZAP Target Environment,OWASP ZAP Target VM,Kali Linux Security Box,OWASP ZAP CLI
TS_SEC_090,BusinessLogic,Tamper JWT key tokens on user profile settings for privilege escalation resistance,Verify application resists attempt to tamper jwt key tokens on user profile settings for privilege escalation resistance,Verify that attempts to 'tamper jwt key tokens' on 'user profile settings' specifically 'for privilege escalation resistance' are blocked and logged.,OWASP scanning tools are connected and target endpoints are monitored (Instance 90),High,Critical,REQ-SEC-BUSINESSLOGIC-090,"1. Build exploit payload for tamper jwt key tokens
2. Transmit request targeting user profile settings
3. Check if server returns 400/401/403 block (Run 90).","Attack: Tamper JWT key tokens, Target: user profile settings, Standard: for privilege escalation resistance","Application rejects request, returns 403 Forbidden, and triggers security alarm on server check 90.",Passed: Exploit attempt blocked and logged.,Passed,logs/TS_SEC_090_zap_scan.log,0.050s,OWASP ZAP Target Environment,OWASP ZAP Target VM,Kali Linux Security Box,OWASP ZAP CLI
TS_SEC_091,SQLi,Manipulate object owner IDs on auth login endpoint to check OWASP Top 10 compliance,Verify application resists attempt to manipulate object owner ids on auth login endpoint to check OWASP Top 10 compliance,Verify that attempts to 'manipulate object owner ids' on 'auth login endpoint' specifically 'to check OWASP Top 10 compliance' are blocked and logged.,OWASP scanning tools are connected and target endpoints are monitored (Instance 91),Medium,Major,REQ-SEC-SQLI-091,"1. Build exploit payload for manipulate object owner ids
2. Transmit request targeting auth login endpoint
3. Check if server returns 400/401/403 block (Run 91).","Attack: Manipulate object owner IDs, Target: auth login endpoint, Standard: to check OWASP Top 10 compliance","Application rejects request, returns 403 Forbidden, and triggers security alarm on server check 91.",Passed: Exploit attempt blocked and logged.,Passed,logs/TS_SEC_091_zap_scan.log,0.130s,OWASP ZAP Target Environment,OWASP ZAP Target VM,Kali Linux Security Box,OWASP ZAP CLI
TS_SEC_092,SQLi,Manipulate object owner IDs on auth login endpoint for input validation enforcement,Verify application resists attempt to manipulate object owner ids on auth login endpoint for input validation enforcement,Verify that attempts to 'manipulate object owner ids' on 'auth login endpoint' specifically 'for input validation enforcement' are blocked and logged.,OWASP scanning tools are connected and target endpoints are monitored (Instance 92),High,Major,REQ-SEC-SQLI-092,"1. Build exploit payload for manipulate object owner ids
2. Transmit request targeting auth login endpoint
3. Check if server returns 400/401/403 block (Run 92).","Attack: Manipulate object owner IDs, Target: auth login endpoint, Standard: for input validation enforcement","Application rejects request, returns 403 Forbidden, and triggers security alarm on server check 92.",Passed: Exploit attempt blocked and logged.,Passed,logs/TS_SEC_092_zap_scan.log,0.210s,OWASP ZAP Target Environment,OWASP ZAP Target VM,Kali Linux Security Box,OWASP ZAP CLI
TS_SEC_093,SQLi,Manipulate object owner IDs on auth login endpoint for authorization bypass checks,Verify application resists attempt to manipulate object owner ids on auth login endpoint for authorization bypass checks,Verify that attempts to 'manipulate object owner ids' on 'auth login endpoint' specifically 'for authorization bypass checks' are blocked and logged.,OWASP scanning tools are connected and target endpoints are monitored (Instance 93),Medium,Critical,REQ-SEC-SQLI-093,"1. Build exploit payload for manipulate object owner ids
2. Transmit request targeting auth login endpoint
3. Check if server returns 400/401/403 block (Run 93).","Attack: Manipulate object owner IDs, Target: auth login endpoint, Standard: for authorization bypass checks","Application rejects request, returns 403 Forbidden, and triggers security alarm on server check 93.",Passed: Exploit attempt blocked and logged.,Passed,logs/TS_SEC_093_zap_scan.log,0.290s,OWASP ZAP Target Environment,OWASP ZAP Target VM,Kali Linux Security Box,OWASP ZAP CLI
TS_SEC_094,SQLi,Manipulate object owner IDs on auth login endpoint for directory traversal vulnerabilities,Verify application resists attempt to manipulate object owner ids on auth login endpoint for directory traversal vulnerabilities,Verify that attempts to 'manipulate object owner ids' on 'auth login endpoint' specifically 'for directory traversal vulnerabilities' are blocked and logged.,OWASP scanning tools are connected and target endpoints are monitored (Instance 94),High,Major,REQ-SEC-SQLI-094,"1. Build exploit payload for manipulate object owner ids
2. Transmit request targeting auth login endpoint
3. Check if server returns 400/401/403 block (Run 94).","Attack: Manipulate object owner IDs, Target: auth login endpoint, Standard: for directory traversal vulnerabilities","Application rejects request, returns 403 Forbidden, and triggers security alarm on server check 94.",Passed: Exploit attempt blocked and logged.,Passed,logs/TS_SEC_094_zap_scan.log,0.370s,OWASP ZAP Target Environment,OWASP ZAP Target VM,Kali Linux Security Box,OWASP ZAP CLI
TS_SEC_095,SQLi,Manipulate object owner IDs on auth login endpoint for privilege escalation resistance,Verify application resists attempt to manipulate object owner ids on auth login endpoint for privilege escalation resistance,Verify that attempts to 'manipulate object owner ids' on 'auth login endpoint' specifically 'for privilege escalation resistance' are blocked and logged.,OWASP scanning tools are connected and target endpoints are monitored (Instance 95),Medium,Major,REQ-SEC-SQLI-095,"1. Build exploit payload for manipulate object owner ids
2. Transmit request targeting auth login endpoint
3. Check if server returns 400/401/403 block (Run 95).","Attack: Manipulate object owner IDs, Target: auth login endpoint, Standard: for privilege escalation resistance","Application rejects request, returns 403 Forbidden, and triggers security alarm on server check 95.",Passed: Exploit attempt blocked and logged.,Passed,logs/TS_SEC_095_zap_scan.log,0.450s,OWASP ZAP Target Environment,OWASP ZAP Target VM,Kali Linux Security Box,OWASP ZAP CLI
TS_SEC_096,XSS,Manipulate object owner IDs on symptom log creation form to check OWASP Top 10 compliance,Verify application resists attempt to manipulate object owner ids on symptom log creation form to check OWASP Top 10 compliance,Verify that attempts to 'manipulate object owner ids' on 'symptom log creation form' specifically 'to check OWASP Top 10 compliance' are blocked and logged.,OWASP scanning tools are connected and target endpoints are monitored (Instance 96),High,Critical,REQ-SEC-XSS-096,"1. Build exploit payload for manipulate object owner ids
2. Transmit request targeting symptom log creation form
3. Check if server returns 400/401/403 block (Run 96).","Attack: Manipulate object owner IDs, Target: symptom log creation form, Standard: to check OWASP Top 10 compliance","Application rejects request, returns 403 Forbidden, and triggers security alarm on server check 96.",Passed: Exploit attempt blocked and logged.,Passed,logs/TS_SEC_096_zap_scan.log,0.530s,OWASP ZAP Target Environment,OWASP ZAP Target VM,Kali Linux Security Box,OWASP ZAP CLI
TS_SEC_097,XSS,Manipulate object owner IDs on symptom log creation form for input validation enforcement,Verify application resists attempt to manipulate object owner ids on symptom log creation form for input validation enforcement,Verify that attempts to 'manipulate object owner ids' on 'symptom log creation form' specifically 'for input validation enforcement' are blocked and logged.,OWASP scanning tools are connected and target endpoints are monitored (Instance 97),Medium,Major,REQ-SEC-XSS-097,"1. Build exploit payload for manipulate object owner ids
2. Transmit request targeting symptom log creation form
3. Check if server returns 400/401/403 block (Run 97).","Attack: Manipulate object owner IDs, Target: symptom log creation form, Standard: for input validation enforcement","Application rejects request, returns 403 Forbidden, and triggers security alarm on server check 97.",Passed: Exploit attempt blocked and logged.,Passed,logs/TS_SEC_097_zap_scan.log,0.610s,OWASP ZAP Target Environment,OWASP ZAP Target VM,Kali Linux Security Box,OWASP ZAP CLI
TS_SEC_098,XSS,Manipulate object owner IDs on symptom log creation form for authorization bypass checks,Verify application resists attempt to manipulate object owner ids on symptom log creation form for authorization bypass checks,Verify that attempts to 'manipulate object owner ids' on 'symptom log creation form' specifically 'for authorization bypass checks' are blocked and logged.,OWASP scanning tools are connected and target endpoints are monitored (Instance 98),High,Major,REQ-SEC-XSS-098,"1. Build exploit payload for manipulate object owner ids
2. Transmit request targeting symptom log creation form
3. Check if server returns 400/401/403 block (Run 98).","Attack: Manipulate object owner IDs, Target: symptom log creation form, Standard: for authorization bypass checks","Application rejects request, returns 403 Forbidden, and triggers security alarm on server check 98.",Passed: Exploit attempt blocked and logged.,Passed,logs/TS_SEC_098_zap_scan.log,0.690s,OWASP ZAP Target Environment,OWASP ZAP Target VM,Kali Linux Security Box,OWASP ZAP CLI
TS_SEC_099,XSS,Manipulate object owner IDs on symptom log creation form for directory traversal vulnerabilities,Verify application resists attempt to manipulate object owner ids on symptom log creation form for directory traversal vulnerabilities,Verify that attempts to 'manipulate object owner ids' on 'symptom log creation form' specifically 'for directory traversal vulnerabilities' are blocked and logged.,OWASP scanning tools are connected and target endpoints are monitored (Instance 99),Medium,Critical,REQ-SEC-XSS-099,"1. Build exploit payload for manipulate object owner ids
2. Transmit request targeting symptom log creation form
3. Check if server returns 400/401/403 block (Run 99).","Attack: Manipulate object owner IDs, Target: symptom log creation form, Standard: for directory traversal vulnerabilities","Application rejects request, returns 403 Forbidden, and triggers security alarm on server check 99.",Passed: Exploit attempt blocked and logged.,Passed,logs/TS_SEC_099_zap_scan.log,0.770s,OWASP ZAP Target Environment,OWASP ZAP Target VM,Kali Linux Security Box,OWASP ZAP CLI
TS_SEC_100,XSS,Manipulate object owner IDs on symptom log creation form for privilege escalation resistance,Verify application resists attempt to manipulate object owner ids on symptom log creation form for privilege escalation resistance,Verify that attempts to 'manipulate object owner ids' on 'symptom log creation form' specifically 'for privilege escalation resistance' are blocked and logged.,OWASP scanning tools are connected and target endpoints are monitored (Instance 100),High,Major,REQ-SEC-XSS-100,"1. Build exploit payload for manipulate object owner ids
2. Transmit request targeting symptom log creation form
3. Check if server returns 400/401/403 block (Run 100).","Attack: Manipulate object owner IDs, Target: symptom log creation form, Standard: for privilege escalation resistance","Application rejects request, returns 403 Forbidden, and triggers security alarm on server check 100.",Passed: Exploit attempt blocked and logged.,Passed,logs/TS_SEC_100_zap_scan.log,0.050s,OWASP ZAP Target Environment,OWASP ZAP Target VM,Kali Linux Security Box,OWASP ZAP CLI
TS_SEC_101,JWT,Manipulate object owner IDs on breathing session log records to check OWASP Top 10 compliance,Verify application resists attempt to manipulate object owner ids on breathing session log records to check OWASP Top 10 compliance,Verify that attempts to 'manipulate object owner ids' on 'breathing session log records' specifically 'to check OWASP Top 10 compliance' are blocked and logged.,OWASP scanning tools are connected and target endpoints are monitored (Instance 101),Medium,Major,REQ-SEC-JWT-101,"1. Build exploit payload for manipulate object owner ids
2. Transmit request targeting breathing session log records
3. Check if server returns 400/401/403 block (Run 101).","Attack: Manipulate object owner IDs, Target: breathing session log records, Standard: to check OWASP Top 10 compliance","Application rejects request, returns 403 Forbidden, and triggers security alarm on server check 101.",Passed: Exploit attempt blocked and logged.,Passed,logs/TS_SEC_101_zap_scan.log,0.130s,OWASP ZAP Target Environment,OWASP ZAP Target VM,Kali Linux Security Box,OWASP ZAP CLI
TS_SEC_102,JWT,Manipulate object owner IDs on breathing session log records for input validation enforcement,Verify application resists attempt to manipulate object owner ids on breathing session log records for input validation enforcement,Verify that attempts to 'manipulate object owner ids' on 'breathing session log records' specifically 'for input validation enforcement' are blocked and logged.,OWASP scanning tools are connected and target endpoints are monitored (Instance 102),High,Critical,REQ-SEC-JWT-102,"1. Build exploit payload for manipulate object owner ids
2. Transmit request targeting breathing session log records
3. Check if server returns 400/401/403 block (Run 102).","Attack: Manipulate object owner IDs, Target: breathing session log records, Standard: for input validation enforcement","Application rejects request, returns 403 Forbidden, and triggers security alarm on server check 102.",Passed: Exploit attempt blocked and logged.,Passed,logs/TS_SEC_102_zap_scan.log,0.210s,OWASP ZAP Target Environment,OWASP ZAP Target VM,Kali Linux Security Box,OWASP ZAP CLI
TS_SEC_103,JWT,Manipulate object owner IDs on breathing session log records for authorization bypass checks,Verify application resists attempt to manipulate object owner ids on breathing session log records for authorization bypass checks,Verify that attempts to 'manipulate object owner ids' on 'breathing session log records' specifically 'for authorization bypass checks' are blocked and logged.,OWASP scanning tools are connected and target endpoints are monitored (Instance 103),Medium,Major,REQ-SEC-JWT-103,"1. Build exploit payload for manipulate object owner ids
2. Transmit request targeting breathing session log records
3. Check if server returns 400/401/403 block (Run 103).","Attack: Manipulate object owner IDs, Target: breathing session log records, Standard: for authorization bypass checks","Application rejects request, returns 403 Forbidden, and triggers security alarm on server check 103.",Passed: Exploit attempt blocked and logged.,Passed,logs/TS_SEC_103_zap_scan.log,0.290s,OWASP ZAP Target Environment,OWASP ZAP Target VM,Kali Linux Security Box,OWASP ZAP CLI
TS_SEC_104,JWT,Manipulate object owner IDs on breathing session log records for directory traversal vulnerabilities,Verify application resists attempt to manipulate object owner ids on breathing session log records for directory traversal vulnerabilities,Verify that attempts to 'manipulate object owner ids' on 'breathing session log records' specifically 'for directory traversal vulnerabilities' are blocked and logged.,OWASP scanning tools are connected and target endpoints are monitored (Instance 104),High,Major,REQ-SEC-JWT-104,"1. Build exploit payload for manipulate object owner ids
2. Transmit request targeting breathing session log records
3. Check if server returns 400/401/403 block (Run 104).","Attack: Manipulate object owner IDs, Target: breathing session log records, Standard: for directory traversal vulnerabilities","Application rejects request, returns 403 Forbidden, and triggers security alarm on server check 104.",Passed: Exploit attempt blocked and logged.,Passed,logs/TS_SEC_104_zap_scan.log,0.370s,OWASP ZAP Target Environment,OWASP ZAP Target VM,Kali Linux Security Box,OWASP ZAP CLI
TS_SEC_105,JWT,Manipulate object owner IDs on breathing session log records for privilege escalation resistance,Verify application resists attempt to manipulate object owner ids on breathing session log records for privilege escalation resistance,Verify that attempts to 'manipulate object owner ids' on 'breathing session log records' specifically 'for privilege escalation resistance' are blocked and logged.,OWASP scanning tools are connected and target endpoints are monitored (Instance 105),Medium,Critical,REQ-SEC-JWT-105,"1. Build exploit payload for manipulate object owner ids
2. Transmit request targeting breathing session log records
3. Check if server returns 400/401/403 block (Run 105).","Attack: Manipulate object owner IDs, Target: breathing session log records, Standard: for privilege escalation resistance","Application rejects request, returns 403 Forbidden, and triggers security alarm on server check 105.",Passed: Exploit attempt blocked and logged.,Passed,logs/TS_SEC_105_zap_scan.log,0.450s,OWASP ZAP Target Environment,OWASP ZAP Target VM,Kali Linux Security Box,OWASP ZAP CLI
TS_SEC_106,IDOR,Manipulate object owner IDs on clinical reports database to check OWASP Top 10 compliance,Verify application resists attempt to manipulate object owner ids on clinical reports database to check OWASP Top 10 compliance,Verify that attempts to 'manipulate object owner ids' on 'clinical reports database' specifically 'to check OWASP Top 10 compliance' are blocked and logged.,OWASP scanning tools are connected and target endpoints are monitored (Instance 106),High,Major,REQ-SEC-IDOR-106,"1. Build exploit payload for manipulate object owner ids
2. Transmit request targeting clinical reports database
3. Check if server returns 400/401/403 block (Run 106).","Attack: Manipulate object owner IDs, Target: clinical reports database, Standard: to check OWASP Top 10 compliance","Application rejects request, returns 403 Forbidden, and triggers security alarm on server check 106.",Passed: Exploit attempt blocked and logged.,Passed,logs/TS_SEC_106_zap_scan.log,0.530s,OWASP ZAP Target Environment,OWASP ZAP Target VM,Kali Linux Security Box,OWASP ZAP CLI
TS_SEC_107,IDOR,Manipulate object owner IDs on clinical reports database for input validation enforcement,Verify application resists attempt to manipulate object owner ids on clinical reports database for input validation enforcement,Verify that attempts to 'manipulate object owner ids' on 'clinical reports database' specifically 'for input validation enforcement' are blocked and logged.,OWASP scanning tools are connected and target endpoints are monitored (Instance 107),Medium,Major,REQ-SEC-IDOR-107,"1. Build exploit payload for manipulate object owner ids
2. Transmit request targeting clinical reports database
3. Check if server returns 400/401/403 block (Run 107).","Attack: Manipulate object owner IDs, Target: clinical reports database, Standard: for input validation enforcement","Application rejects request, returns 403 Forbidden, and triggers security alarm on server check 107.",Passed: Exploit attempt blocked and logged.,Passed,logs/TS_SEC_107_zap_scan.log,0.610s,OWASP ZAP Target Environment,OWASP ZAP Target VM,Kali Linux Security Box,OWASP ZAP CLI
TS_SEC_108,IDOR,Manipulate object owner IDs on clinical reports database for authorization bypass checks,Verify application resists attempt to manipulate object owner ids on clinical reports database for authorization bypass checks,Verify that attempts to 'manipulate object owner ids' on 'clinical reports database' specifically 'for authorization bypass checks' are blocked and logged.,OWASP scanning tools are connected and target endpoints are monitored (Instance 108),High,Critical,REQ-SEC-IDOR-108,"1. Build exploit payload for manipulate object owner ids
2. Transmit request targeting clinical reports database
3. Check if server returns 400/401/403 block (Run 108).","Attack: Manipulate object owner IDs, Target: clinical reports database, Standard: for authorization bypass checks","Application rejects request, returns 403 Forbidden, and triggers security alarm on server check 108.",Passed: Exploit attempt blocked and logged.,Passed,logs/TS_SEC_108_zap_scan.log,0.690s,OWASP ZAP Target Environment,OWASP ZAP Target VM,Kali Linux Security Box,OWASP ZAP CLI
TS_SEC_109,IDOR,Manipulate object owner IDs on clinical reports database for directory traversal vulnerabilities,Verify application resists attempt to manipulate object owner ids on clinical reports database for directory traversal vulnerabilities,Verify that attempts to 'manipulate object owner ids' on 'clinical reports database' specifically 'for directory traversal vulnerabilities' are blocked and logged.,OWASP scanning tools are connected and target endpoints are monitored (Instance 109),Medium,Major,REQ-SEC-IDOR-109,"1. Build exploit payload for manipulate object owner ids
2. Transmit request targeting clinical reports database
3. Check if server returns 400/401/403 block (Run 109).","Attack: Manipulate object owner IDs, Target: clinical reports database, Standard: for directory traversal vulnerabilities","Application rejects request, returns 403 Forbidden, and triggers security alarm on server check 109.",Passed: Exploit attempt blocked and logged.,Passed,logs/TS_SEC_109_zap_scan.log,0.770s,OWASP ZAP Target Environment,OWASP ZAP Target VM,Kali Linux Security Box,OWASP ZAP CLI
TS_SEC_110,IDOR,Manipulate object owner IDs on clinical reports database for privilege escalation resistance,Verify application resists attempt to manipulate object owner ids on clinical reports database for privilege escalation resistance,Verify that attempts to 'manipulate object owner ids' on 'clinical reports database' specifically 'for privilege escalation resistance' are blocked and logged.,OWASP scanning tools are connected and target endpoints are monitored (Instance 110),High,Major,REQ-SEC-IDOR-110,"1. Build exploit payload for manipulate object owner ids
2. Transmit request targeting clinical reports database
3. Check if server returns 400/401/403 block (Run 110).","Attack: Manipulate object owner IDs, Target: clinical reports database, Standard: for privilege escalation resistance","Application rejects request, returns 403 Forbidden, and triggers security alarm on server check 110.",Passed: Exploit attempt blocked and logged.,Passed,logs/TS_SEC_110_zap_scan.log,0.050s,OWASP ZAP Target Environment,OWASP ZAP Target VM,Kali Linux Security Box,OWASP ZAP CLI
TS_SEC_111,AccessControl,Manipulate object owner IDs on assistant AI chat logs to check OWASP Top 10 compliance,Verify application resists attempt to manipulate object owner ids on assistant AI chat logs to check OWASP Top 10 compliance,Verify that attempts to 'manipulate object owner ids' on 'assistant AI chat logs' specifically 'to check OWASP Top 10 compliance' are blocked and logged.,OWASP scanning tools are connected and target endpoints are monitored (Instance 111),Medium,Critical,REQ-SEC-ACCESSCONTROL-111,"1. Build exploit payload for manipulate object owner ids
2. Transmit request targeting assistant AI chat logs
3. Check if server returns 400/401/403 block (Run 111).","Attack: Manipulate object owner IDs, Target: assistant AI chat logs, Standard: to check OWASP Top 10 compliance","Application rejects request, returns 403 Forbidden, and triggers security alarm on server check 111.",Passed: Exploit attempt blocked and logged.,Passed,logs/TS_SEC_111_zap_scan.log,0.130s,OWASP ZAP Target Environment,OWASP ZAP Target VM,Kali Linux Security Box,OWASP ZAP CLI
TS_SEC_112,AccessControl,Manipulate object owner IDs on assistant AI chat logs for input validation enforcement,Verify application resists attempt to manipulate object owner ids on assistant AI chat logs for input validation enforcement,Verify that attempts to 'manipulate object owner ids' on 'assistant AI chat logs' specifically 'for input validation enforcement' are blocked and logged.,OWASP scanning tools are connected and target endpoints are monitored (Instance 112),High,Major,REQ-SEC-ACCESSCONTROL-112,"1. Build exploit payload for manipulate object owner ids
2. Transmit request targeting assistant AI chat logs
3. Check if server returns 400/401/403 block (Run 112).","Attack: Manipulate object owner IDs, Target: assistant AI chat logs, Standard: for input validation enforcement","Application rejects request, returns 403 Forbidden, and triggers security alarm on server check 112.",Passed: Exploit attempt blocked and logged.,Passed,logs/TS_SEC_112_zap_scan.log,0.210s,OWASP ZAP Target Environment,OWASP ZAP Target VM,Kali Linux Security Box,OWASP ZAP CLI
TS_SEC_113,AccessControl,Manipulate object owner IDs on assistant AI chat logs for authorization bypass checks,Verify application resists attempt to manipulate object owner ids on assistant AI chat logs for authorization bypass checks,Verify that attempts to 'manipulate object owner ids' on 'assistant AI chat logs' specifically 'for authorization bypass checks' are blocked and logged.,OWASP scanning tools are connected and target endpoints are monitored (Instance 113),Medium,Major,REQ-SEC-ACCESSCONTROL-113,"1. Build exploit payload for manipulate object owner ids
2. Transmit request targeting assistant AI chat logs
3. Check if server returns 400/401/403 block (Run 113).","Attack: Manipulate object owner IDs, Target: assistant AI chat logs, Standard: for authorization bypass checks","Application rejects request, returns 403 Forbidden, and triggers security alarm on server check 113.",Passed: Exploit attempt blocked and logged.,Passed,logs/TS_SEC_113_zap_scan.log,0.290s,OWASP ZAP Target Environment,OWASP ZAP Target VM,Kali Linux Security Box,OWASP ZAP CLI
TS_SEC_114,AccessControl,Manipulate object owner IDs on assistant AI chat logs for directory traversal vulnerabilities,Verify application resists attempt to manipulate object owner ids on assistant AI chat logs for directory traversal vulnerabilities,Verify that attempts to 'manipulate object owner ids' on 'assistant AI chat logs' specifically 'for directory traversal vulnerabilities' are blocked and logged.,OWASP scanning tools are connected and target endpoints are monitored (Instance 114),High,Critical,REQ-SEC-ACCESSCONTROL-114,"1. Build exploit payload for manipulate object owner ids
2. Transmit request targeting assistant AI chat logs
3. Check if server returns 400/401/403 block (Run 114).","Attack: Manipulate object owner IDs, Target: assistant AI chat logs, Standard: for directory traversal vulnerabilities","Application rejects request, returns 403 Forbidden, and triggers security alarm on server check 114.",Passed: Exploit attempt blocked and logged.,Passed,logs/TS_SEC_114_zap_scan.log,0.370s,OWASP ZAP Target Environment,OWASP ZAP Target VM,Kali Linux Security Box,OWASP ZAP CLI
TS_SEC_115,AccessControl,Manipulate object owner IDs on assistant AI chat logs for privilege escalation resistance,Verify application resists attempt to manipulate object owner ids on assistant AI chat logs for privilege escalation resistance,Verify that attempts to 'manipulate object owner ids' on 'assistant AI chat logs' specifically 'for privilege escalation resistance' are blocked and logged.,OWASP scanning tools are connected and target endpoints are monitored (Instance 115),Medium,Major,REQ-SEC-ACCESSCONTROL-115,"1. Build exploit payload for manipulate object owner ids
2. Transmit request targeting assistant AI chat logs
3. Check if server returns 400/401/403 block (Run 115).","Attack: Manipulate object owner IDs, Target: assistant AI chat logs, Standard: for privilege escalation resistance","Application rejects request, returns 403 Forbidden, and triggers security alarm on server check 115.",Passed: Exploit attempt blocked and logged.,Passed,logs/TS_SEC_115_zap_scan.log,0.450s,OWASP ZAP Target Environment,OWASP ZAP Target VM,Kali Linux Security Box,OWASP ZAP CLI
TS_SEC_116,BusinessLogic,Manipulate object owner IDs on user profile settings to check OWASP Top 10 compliance,Verify application resists attempt to manipulate object owner ids on user profile settings to check OWASP Top 10 compliance,Verify that attempts to 'manipulate object owner ids' on 'user profile settings' specifically 'to check OWASP Top 10 compliance' are blocked and logged.,OWASP scanning tools are connected and target endpoints are monitored (Instance 116),High,Major,REQ-SEC-BUSINESSLOGIC-116,"1. Build exploit payload for manipulate object owner ids
2. Transmit request targeting user profile settings
3. Check if server returns 400/401/403 block (Run 116).","Attack: Manipulate object owner IDs, Target: user profile settings, Standard: to check OWASP Top 10 compliance","Application rejects request, returns 403 Forbidden, and triggers security alarm on server check 116.",Passed: Exploit attempt blocked and logged.,Passed,logs/TS_SEC_116_zap_scan.log,0.530s,OWASP ZAP Target Environment,OWASP ZAP Target VM,Kali Linux Security Box,OWASP ZAP CLI
TS_SEC_117,BusinessLogic,Manipulate object owner IDs on user profile settings for input validation enforcement,Verify application resists attempt to manipulate object owner ids on user profile settings for input validation enforcement,Verify that attempts to 'manipulate object owner ids' on 'user profile settings' specifically 'for input validation enforcement' are blocked and logged.,OWASP scanning tools are connected and target endpoints are monitored (Instance 117),Medium,Critical,REQ-SEC-BUSINESSLOGIC-117,"1. Build exploit payload for manipulate object owner ids
2. Transmit request targeting user profile settings
3. Check if server returns 400/401/403 block (Run 117).","Attack: Manipulate object owner IDs, Target: user profile settings, Standard: for input validation enforcement","Application rejects request, returns 403 Forbidden, and triggers security alarm on server check 117.",Passed: Exploit attempt blocked and logged.,Passed,logs/TS_SEC_117_zap_scan.log,0.610s,OWASP ZAP Target Environment,OWASP ZAP Target VM,Kali Linux Security Box,OWASP ZAP CLI
TS_SEC_118,BusinessLogic,Manipulate object owner IDs on user profile settings for authorization bypass checks,Verify application resists attempt to manipulate object owner ids on user profile settings for authorization bypass checks,Verify that attempts to 'manipulate object owner ids' on 'user profile settings' specifically 'for authorization bypass checks' are blocked and logged.,OWASP scanning tools are connected and target endpoints are monitored (Instance 118),High,Major,REQ-SEC-BUSINESSLOGIC-118,"1. Build exploit payload for manipulate object owner ids
2. Transmit request targeting user profile settings
3. Check if server returns 400/401/403 block (Run 118).","Attack: Manipulate object owner IDs, Target: user profile settings, Standard: for authorization bypass checks","Application rejects request, returns 403 Forbidden, and triggers security alarm on server check 118.",Passed: Exploit attempt blocked and logged.,Passed,logs/TS_SEC_118_zap_scan.log,0.690s,OWASP ZAP Target Environment,OWASP ZAP Target VM,Kali Linux Security Box,OWASP ZAP CLI
TS_SEC_119,BusinessLogic,Manipulate object owner IDs on user profile settings for directory traversal vulnerabilities,Verify application resists attempt to manipulate object owner ids on user profile settings for directory traversal vulnerabilities,Verify that attempts to 'manipulate object owner ids' on 'user profile settings' specifically 'for directory traversal vulnerabilities' are blocked and logged.,OWASP scanning tools are connected and target endpoints are monitored (Instance 119),Medium,Major,REQ-SEC-BUSINESSLOGIC-119,"1. Build exploit payload for manipulate object owner ids
2. Transmit request targeting user profile settings
3. Check if server returns 400/401/403 block (Run 119).","Attack: Manipulate object owner IDs, Target: user profile settings, Standard: for directory traversal vulnerabilities","Application rejects request, returns 403 Forbidden, and triggers security alarm on server check 119.",Passed: Exploit attempt blocked and logged.,Passed,logs/TS_SEC_119_zap_scan.log,0.770s,OWASP ZAP Target Environment,OWASP ZAP Target VM,Kali Linux Security Box,OWASP ZAP CLI
TS_SEC_120,BusinessLogic,Manipulate object owner IDs on user profile settings for privilege escalation resistance,Verify application resists attempt to manipulate object owner ids on user profile settings for privilege escalation resistance,Verify that attempts to 'manipulate object owner ids' on 'user profile settings' specifically 'for privilege escalation resistance' are blocked and logged.,OWASP scanning tools are connected and target endpoints are monitored (Instance 120),High,Critical,REQ-SEC-BUSINESSLOGIC-120,"1. Build exploit payload for manipulate object owner ids
2. Transmit request targeting user profile settings
3. Check if server returns 400/401/403 block (Run 120).","Attack: Manipulate object owner IDs, Target: user profile settings, Standard: for privilege escalation resistance","Application rejects request, returns 403 Forbidden, and triggers security alarm on server check 120.",Passed: Exploit attempt blocked and logged.,Passed,logs/TS_SEC_120_zap_scan.log,0.050s,OWASP ZAP Target Environment,OWASP ZAP Target VM,Kali Linux Security Box,OWASP ZAP CLI
TS_SEC_121,SQLi,Access unauthenticated endpoints on auth login endpoint to check OWASP Top 10 compliance,Verify application resists attempt to access unauthenticated endpoints on auth login endpoint to check OWASP Top 10 compliance,Verify that attempts to 'access unauthenticated endpoints' on 'auth login endpoint' specifically 'to check OWASP Top 10 compliance' are blocked and logged.,OWASP scanning tools are connected and target endpoints are monitored (Instance 121),Medium,Major,REQ-SEC-SQLI-121,"1. Build exploit payload for access unauthenticated endpoints
2. Transmit request targeting auth login endpoint
3. Check if server returns 400/401/403 block (Run 121).","Attack: Access unauthenticated endpoints, Target: auth login endpoint, Standard: to check OWASP Top 10 compliance","Application rejects request, returns 403 Forbidden, and triggers security alarm on server check 121.",Passed: Exploit attempt blocked and logged.,Passed,logs/TS_SEC_121_zap_scan.log,0.130s,OWASP ZAP Target Environment,OWASP ZAP Target VM,Kali Linux Security Box,OWASP ZAP CLI
TS_SEC_122,SQLi,Access unauthenticated endpoints on auth login endpoint for input validation enforcement,Verify application resists attempt to access unauthenticated endpoints on auth login endpoint for input validation enforcement,Verify that attempts to 'access unauthenticated endpoints' on 'auth login endpoint' specifically 'for input validation enforcement' are blocked and logged.,OWASP scanning tools are connected and target endpoints are monitored (Instance 122),High,Major,REQ-SEC-SQLI-122,"1. Build exploit payload for access unauthenticated endpoints
2. Transmit request targeting auth login endpoint
3. Check if server returns 400/401/403 block (Run 122).","Attack: Access unauthenticated endpoints, Target: auth login endpoint, Standard: for input validation enforcement","Application rejects request, returns 403 Forbidden, and triggers security alarm on server check 122.",Passed: Exploit attempt blocked and logged.,Passed,logs/TS_SEC_122_zap_scan.log,0.210s,OWASP ZAP Target Environment,OWASP ZAP Target VM,Kali Linux Security Box,OWASP ZAP CLI
TS_SEC_123,SQLi,Access unauthenticated endpoints on auth login endpoint for authorization bypass checks,Verify application resists attempt to access unauthenticated endpoints on auth login endpoint for authorization bypass checks,Verify that attempts to 'access unauthenticated endpoints' on 'auth login endpoint' specifically 'for authorization bypass checks' are blocked and logged.,OWASP scanning tools are connected and target endpoints are monitored (Instance 123),Medium,Critical,REQ-SEC-SQLI-123,"1. Build exploit payload for access unauthenticated endpoints
2. Transmit request targeting auth login endpoint
3. Check if server returns 400/401/403 block (Run 123).","Attack: Access unauthenticated endpoints, Target: auth login endpoint, Standard: for authorization bypass checks","Application rejects request, returns 403 Forbidden, and triggers security alarm on server check 123.",Passed: Exploit attempt blocked and logged.,Passed,logs/TS_SEC_123_zap_scan.log,0.290s,OWASP ZAP Target Environment,OWASP ZAP Target VM,Kali Linux Security Box,OWASP ZAP CLI
TS_SEC_124,SQLi,Access unauthenticated endpoints on auth login endpoint for directory traversal vulnerabilities,Verify application resists attempt to access unauthenticated endpoints on auth login endpoint for directory traversal vulnerabilities,Verify that attempts to 'access unauthenticated endpoints' on 'auth login endpoint' specifically 'for directory traversal vulnerabilities' are blocked and logged.,OWASP scanning tools are connected and target endpoints are monitored (Instance 124),High,Major,REQ-SEC-SQLI-124,"1. Build exploit payload for access unauthenticated endpoints
2. Transmit request targeting auth login endpoint
3. Check if server returns 400/401/403 block (Run 124).","Attack: Access unauthenticated endpoints, Target: auth login endpoint, Standard: for directory traversal vulnerabilities","Application rejects request, returns 403 Forbidden, and triggers security alarm on server check 124.",Passed: Exploit attempt blocked and logged.,Passed,logs/TS_SEC_124_zap_scan.log,0.370s,OWASP ZAP Target Environment,OWASP ZAP Target VM,Kali Linux Security Box,OWASP ZAP CLI
TS_SEC_125,SQLi,Access unauthenticated endpoints on auth login endpoint for privilege escalation resistance,Verify application resists attempt to access unauthenticated endpoints on auth login endpoint for privilege escalation resistance,Verify that attempts to 'access unauthenticated endpoints' on 'auth login endpoint' specifically 'for privilege escalation resistance' are blocked and logged.,OWASP scanning tools are connected and target endpoints are monitored (Instance 125),Medium,Major,REQ-SEC-SQLI-125,"1. Build exploit payload for access unauthenticated endpoints
2. Transmit request targeting auth login endpoint
3. Check if server returns 400/401/403 block (Run 125).","Attack: Access unauthenticated endpoints, Target: auth login endpoint, Standard: for privilege escalation resistance","Application rejects request, returns 403 Forbidden, and triggers security alarm on server check 125.",Passed: Exploit attempt blocked and logged.,Passed,logs/TS_SEC_125_zap_scan.log,0.450s,OWASP ZAP Target Environment,OWASP ZAP Target VM,Kali Linux Security Box,OWASP ZAP CLI
TS_SEC_126,XSS,Access unauthenticated endpoints on symptom log creation form to check OWASP Top 10 compliance,Verify application resists attempt to access unauthenticated endpoints on symptom log creation form to check OWASP Top 10 compliance,Verify that attempts to 'access unauthenticated endpoints' on 'symptom log creation form' specifically 'to check OWASP Top 10 compliance' are blocked and logged.,OWASP scanning tools are connected and target endpoints are monitored (Instance 126),High,Critical,REQ-SEC-XSS-126,"1. Build exploit payload for access unauthenticated endpoints
2. Transmit request targeting symptom log creation form
3. Check if server returns 400/401/403 block (Run 126).","Attack: Access unauthenticated endpoints, Target: symptom log creation form, Standard: to check OWASP Top 10 compliance","Application rejects request, returns 403 Forbidden, and triggers security alarm on server check 126.",Passed: Exploit attempt blocked and logged.,Passed,logs/TS_SEC_126_zap_scan.log,0.530s,OWASP ZAP Target Environment,OWASP ZAP Target VM,Kali Linux Security Box,OWASP ZAP CLI
TS_SEC_127,XSS,Access unauthenticated endpoints on symptom log creation form for input validation enforcement,Verify application resists attempt to access unauthenticated endpoints on symptom log creation form for input validation enforcement,Verify that attempts to 'access unauthenticated endpoints' on 'symptom log creation form' specifically 'for input validation enforcement' are blocked and logged.,OWASP scanning tools are connected and target endpoints are monitored (Instance 127),Medium,Major,REQ-SEC-XSS-127,"1. Build exploit payload for access unauthenticated endpoints
2. Transmit request targeting symptom log creation form
3. Check if server returns 400/401/403 block (Run 127).","Attack: Access unauthenticated endpoints, Target: symptom log creation form, Standard: for input validation enforcement","Application rejects request, returns 403 Forbidden, and triggers security alarm on server check 127.",Passed: Exploit attempt blocked and logged.,Passed,logs/TS_SEC_127_zap_scan.log,0.610s,OWASP ZAP Target Environment,OWASP ZAP Target VM,Kali Linux Security Box,OWASP ZAP CLI
TS_SEC_128,XSS,Access unauthenticated endpoints on symptom log creation form for authorization bypass checks,Verify application resists attempt to access unauthenticated endpoints on symptom log creation form for authorization bypass checks,Verify that attempts to 'access unauthenticated endpoints' on 'symptom log creation form' specifically 'for authorization bypass checks' are blocked and logged.,OWASP scanning tools are connected and target endpoints are monitored (Instance 128),High,Major,REQ-SEC-XSS-128,"1. Build exploit payload for access unauthenticated endpoints
2. Transmit request targeting symptom log creation form
3. Check if server returns 400/401/403 block (Run 128).","Attack: Access unauthenticated endpoints, Target: symptom log creation form, Standard: for authorization bypass checks","Application rejects request, returns 403 Forbidden, and triggers security alarm on server check 128.",Passed: Exploit attempt blocked and logged.,Passed,logs/TS_SEC_128_zap_scan.log,0.690s,OWASP ZAP Target Environment,OWASP ZAP Target VM,Kali Linux Security Box,OWASP ZAP CLI
TS_SEC_129,XSS,Access unauthenticated endpoints on symptom log creation form for directory traversal vulnerabilities,Verify application resists attempt to access unauthenticated endpoints on symptom log creation form for directory traversal vulnerabilities,Verify that attempts to 'access unauthenticated endpoints' on 'symptom log creation form' specifically 'for directory traversal vulnerabilities' are blocked and logged.,OWASP scanning tools are connected and target endpoints are monitored (Instance 129),Medium,Critical,REQ-SEC-XSS-129,"1. Build exploit payload for access unauthenticated endpoints
2. Transmit request targeting symptom log creation form
3. Check if server returns 400/401/403 block (Run 129).","Attack: Access unauthenticated endpoints, Target: symptom log creation form, Standard: for directory traversal vulnerabilities","Application rejects request, returns 403 Forbidden, and triggers security alarm on server check 129.",Passed: Exploit attempt blocked and logged.,Passed,logs/TS_SEC_129_zap_scan.log,0.770s,OWASP ZAP Target Environment,OWASP ZAP Target VM,Kali Linux Security Box,OWASP ZAP CLI
TS_SEC_130,XSS,Access unauthenticated endpoints on symptom log creation form for privilege escalation resistance,Verify application resists attempt to access unauthenticated endpoints on symptom log creation form for privilege escalation resistance,Verify that attempts to 'access unauthenticated endpoints' on 'symptom log creation form' specifically 'for privilege escalation resistance' are blocked and logged.,OWASP scanning tools are connected and target endpoints are monitored (Instance 130),High,Major,REQ-SEC-XSS-130,"1. Build exploit payload for access unauthenticated endpoints
2. Transmit request targeting symptom log creation form
3. Check if server returns 400/401/403 block (Run 130).","Attack: Access unauthenticated endpoints, Target: symptom log creation form, Standard: for privilege escalation resistance","Application rejects request, returns 403 Forbidden, and triggers security alarm on server check 130.",Passed: Exploit attempt blocked and logged.,Passed,logs/TS_SEC_130_zap_scan.log,0.050s,OWASP ZAP Target Environment,OWASP ZAP Target VM,Kali Linux Security Box,OWASP ZAP CLI
TS_SEC_131,JWT,Access unauthenticated endpoints on breathing session log records to check OWASP Top 10 compliance,Verify application resists attempt to access unauthenticated endpoints on breathing session log records to check OWASP Top 10 compliance,Verify that attempts to 'access unauthenticated endpoints' on 'breathing session log records' specifically 'to check OWASP Top 10 compliance' are blocked and logged.,OWASP scanning tools are connected and target endpoints are monitored (Instance 131),Medium,Major,REQ-SEC-JWT-131,"1. Build exploit payload for access unauthenticated endpoints
2. Transmit request targeting breathing session log records
3. Check if server returns 400/401/403 block (Run 131).","Attack: Access unauthenticated endpoints, Target: breathing session log records, Standard: to check OWASP Top 10 compliance","Application rejects request, returns 403 Forbidden, and triggers security alarm on server check 131.",Passed: Exploit attempt blocked and logged.,Passed,logs/TS_SEC_131_zap_scan.log,0.130s,OWASP ZAP Target Environment,OWASP ZAP Target VM,Kali Linux Security Box,OWASP ZAP CLI
TS_SEC_132,JWT,Access unauthenticated endpoints on breathing session log records for input validation enforcement,Verify application resists attempt to access unauthenticated endpoints on breathing session log records for input validation enforcement,Verify that attempts to 'access unauthenticated endpoints' on 'breathing session log records' specifically 'for input validation enforcement' are blocked and logged.,OWASP scanning tools are connected and target endpoints are monitored (Instance 132),High,Critical,REQ-SEC-JWT-132,"1. Build exploit payload for access unauthenticated endpoints
2. Transmit request targeting breathing session log records
3. Check if server returns 400/401/403 block (Run 132).","Attack: Access unauthenticated endpoints, Target: breathing session log records, Standard: for input validation enforcement","Application rejects request, returns 403 Forbidden, and triggers security alarm on server check 132.",Passed: Exploit attempt blocked and logged.,Passed,logs/TS_SEC_132_zap_scan.log,0.210s,OWASP ZAP Target Environment,OWASP ZAP Target VM,Kali Linux Security Box,OWASP ZAP CLI
TS_SEC_133,JWT,Access unauthenticated endpoints on breathing session log records for authorization bypass checks,Verify application resists attempt to access unauthenticated endpoints on breathing session log records for authorization bypass checks,Verify that attempts to 'access unauthenticated endpoints' on 'breathing session log records' specifically 'for authorization bypass checks' are blocked and logged.,OWASP scanning tools are connected and target endpoints are monitored (Instance 133),Medium,Major,REQ-SEC-JWT-133,"1. Build exploit payload for access unauthenticated endpoints
2. Transmit request targeting breathing session log records
3. Check if server returns 400/401/403 block (Run 133).","Attack: Access unauthenticated endpoints, Target: breathing session log records, Standard: for authorization bypass checks","Application rejects request, returns 403 Forbidden, and triggers security alarm on server check 133.",Passed: Exploit attempt blocked and logged.,Passed,logs/TS_SEC_133_zap_scan.log,0.290s,OWASP ZAP Target Environment,OWASP ZAP Target VM,Kali Linux Security Box,OWASP ZAP CLI
TS_SEC_134,JWT,Access unauthenticated endpoints on breathing session log records for directory traversal vulnerabilities,Verify application resists attempt to access unauthenticated endpoints on breathing session log records for directory traversal vulnerabilities,Verify that attempts to 'access unauthenticated endpoints' on 'breathing session log records' specifically 'for directory traversal vulnerabilities' are blocked and logged.,OWASP scanning tools are connected and target endpoints are monitored (Instance 134),High,Major,REQ-SEC-JWT-134,"1. Build exploit payload for access unauthenticated endpoints
2. Transmit request targeting breathing session log records
3. Check if server returns 400/401/403 block (Run 134).","Attack: Access unauthenticated endpoints, Target: breathing session log records, Standard: for directory traversal vulnerabilities","Application rejects request, returns 403 Forbidden, and triggers security alarm on server check 134.",Passed: Exploit attempt blocked and logged.,Passed,logs/TS_SEC_134_zap_scan.log,0.370s,OWASP ZAP Target Environment,OWASP ZAP Target VM,Kali Linux Security Box,OWASP ZAP CLI
TS_SEC_135,JWT,Access unauthenticated endpoints on breathing session log records for privilege escalation resistance,Verify application resists attempt to access unauthenticated endpoints on breathing session log records for privilege escalation resistance,Verify that attempts to 'access unauthenticated endpoints' on 'breathing session log records' specifically 'for privilege escalation resistance' are blocked and logged.,OWASP scanning tools are connected and target endpoints are monitored (Instance 135),Medium,Critical,REQ-SEC-JWT-135,"1. Build exploit payload for access unauthenticated endpoints
2. Transmit request targeting breathing session log records
3. Check if server returns 400/401/403 block (Run 135).","Attack: Access unauthenticated endpoints, Target: breathing session log records, Standard: for privilege escalation resistance","Application rejects request, returns 403 Forbidden, and triggers security alarm on server check 135.",Passed: Exploit attempt blocked and logged.,Passed,logs/TS_SEC_135_zap_scan.log,0.450s,OWASP ZAP Target Environment,OWASP ZAP Target VM,Kali Linux Security Box,OWASP ZAP CLI
TS_SEC_136,IDOR,Access unauthenticated endpoints on clinical reports database to check OWASP Top 10 compliance,Verify application resists attempt to access unauthenticated endpoints on clinical reports database to check OWASP Top 10 compliance,Verify that attempts to 'access unauthenticated endpoints' on 'clinical reports database' specifically 'to check OWASP Top 10 compliance' are blocked and logged.,OWASP scanning tools are connected and target endpoints are monitored (Instance 136),High,Major,REQ-SEC-IDOR-136,"1. Build exploit payload for access unauthenticated endpoints
2. Transmit request targeting clinical reports database
3. Check if server returns 400/401/403 block (Run 136).","Attack: Access unauthenticated endpoints, Target: clinical reports database, Standard: to check OWASP Top 10 compliance","Application rejects request, returns 403 Forbidden, and triggers security alarm on server check 136.",Passed: Exploit attempt blocked and logged.,Passed,logs/TS_SEC_136_zap_scan.log,0.530s,OWASP ZAP Target Environment,OWASP ZAP Target VM,Kali Linux Security Box,OWASP ZAP CLI
TS_SEC_137,IDOR,Access unauthenticated endpoints on clinical reports database for input validation enforcement,Verify application resists attempt to access unauthenticated endpoints on clinical reports database for input validation enforcement,Verify that attempts to 'access unauthenticated endpoints' on 'clinical reports database' specifically 'for input validation enforcement' are blocked and logged.,OWASP scanning tools are connected and target endpoints are monitored (Instance 137),Medium,Major,REQ-SEC-IDOR-137,"1. Build exploit payload for access unauthenticated endpoints
2. Transmit request targeting clinical reports database
3. Check if server returns 400/401/403 block (Run 137).","Attack: Access unauthenticated endpoints, Target: clinical reports database, Standard: for input validation enforcement","Application rejects request, returns 403 Forbidden, and triggers security alarm on server check 137.",Passed: Exploit attempt blocked and logged.,Passed,logs/TS_SEC_137_zap_scan.log,0.610s,OWASP ZAP Target Environment,OWASP ZAP Target VM,Kali Linux Security Box,OWASP ZAP CLI
TS_SEC_138,IDOR,Access unauthenticated endpoints on clinical reports database for authorization bypass checks,Verify application resists attempt to access unauthenticated endpoints on clinical reports database for authorization bypass checks,Verify that attempts to 'access unauthenticated endpoints' on 'clinical reports database' specifically 'for authorization bypass checks' are blocked and logged.,OWASP scanning tools are connected and target endpoints are monitored (Instance 138),High,Critical,REQ-SEC-IDOR-138,"1. Build exploit payload for access unauthenticated endpoints
2. Transmit request targeting clinical reports database
3. Check if server returns 400/401/403 block (Run 138).","Attack: Access unauthenticated endpoints, Target: clinical reports database, Standard: for authorization bypass checks","Application rejects request, returns 403 Forbidden, and triggers security alarm on server check 138.",Passed: Exploit attempt blocked and logged.,Passed,logs/TS_SEC_138_zap_scan.log,0.690s,OWASP ZAP Target Environment,OWASP ZAP Target VM,Kali Linux Security Box,OWASP ZAP CLI
TS_SEC_139,IDOR,Access unauthenticated endpoints on clinical reports database for directory traversal vulnerabilities,Verify application resists attempt to access unauthenticated endpoints on clinical reports database for directory traversal vulnerabilities,Verify that attempts to 'access unauthenticated endpoints' on 'clinical reports database' specifically 'for directory traversal vulnerabilities' are blocked and logged.,OWASP scanning tools are connected and target endpoints are monitored (Instance 139),Medium,Major,REQ-SEC-IDOR-139,"1. Build exploit payload for access unauthenticated endpoints
2. Transmit request targeting clinical reports database
3. Check if server returns 400/401/403 block (Run 139).","Attack: Access unauthenticated endpoints, Target: clinical reports database, Standard: for directory traversal vulnerabilities","Application rejects request, returns 403 Forbidden, and triggers security alarm on server check 139.",Passed: Exploit attempt blocked and logged.,Passed,logs/TS_SEC_139_zap_scan.log,0.770s,OWASP ZAP Target Environment,OWASP ZAP Target VM,Kali Linux Security Box,OWASP ZAP CLI
TS_SEC_140,IDOR,Access unauthenticated endpoints on clinical reports database for privilege escalation resistance,Verify application resists attempt to access unauthenticated endpoints on clinical reports database for privilege escalation resistance,Verify that attempts to 'access unauthenticated endpoints' on 'clinical reports database' specifically 'for privilege escalation resistance' are blocked and logged.,OWASP scanning tools are connected and target endpoints are monitored (Instance 140),High,Major,REQ-SEC-IDOR-140,"1. Build exploit payload for access unauthenticated endpoints
2. Transmit request targeting clinical reports database
3. Check if server returns 400/401/403 block (Run 140).","Attack: Access unauthenticated endpoints, Target: clinical reports database, Standard: for privilege escalation resistance","Application rejects request, returns 403 Forbidden, and triggers security alarm on server check 140.",Passed: Exploit attempt blocked and logged.,Passed,logs/TS_SEC_140_zap_scan.log,0.050s,OWASP ZAP Target Environment,OWASP ZAP Target VM,Kali Linux Security Box,OWASP ZAP CLI
TS_SEC_141,AccessControl,Access unauthenticated endpoints on assistant AI chat logs to check OWASP Top 10 compliance,Verify application resists attempt to access unauthenticated endpoints on assistant AI chat logs to check OWASP Top 10 compliance,Verify that attempts to 'access unauthenticated endpoints' on 'assistant AI chat logs' specifically 'to check OWASP Top 10 compliance' are blocked and logged.,OWASP scanning tools are connected and target endpoints are monitored (Instance 141),Medium,Critical,REQ-SEC-ACCESSCONTROL-141,"1. Build exploit payload for access unauthenticated endpoints
2. Transmit request targeting assistant AI chat logs
3. Check if server returns 400/401/403 block (Run 141).","Attack: Access unauthenticated endpoints, Target: assistant AI chat logs, Standard: to check OWASP Top 10 compliance","Application rejects request, returns 403 Forbidden, and triggers security alarm on server check 141.",Passed: Exploit attempt blocked and logged.,Passed,logs/TS_SEC_141_zap_scan.log,0.130s,OWASP ZAP Target Environment,OWASP ZAP Target VM,Kali Linux Security Box,OWASP ZAP CLI
TS_SEC_142,AccessControl,Access unauthenticated endpoints on assistant AI chat logs for input validation enforcement,Verify application resists attempt to access unauthenticated endpoints on assistant AI chat logs for input validation enforcement,Verify that attempts to 'access unauthenticated endpoints' on 'assistant AI chat logs' specifically 'for input validation enforcement' are blocked and logged.,OWASP scanning tools are connected and target endpoints are monitored (Instance 142),High,Major,REQ-SEC-ACCESSCONTROL-142,"1. Build exploit payload for access unauthenticated endpoints
2. Transmit request targeting assistant AI chat logs
3. Check if server returns 400/401/403 block (Run 142).","Attack: Access unauthenticated endpoints, Target: assistant AI chat logs, Standard: for input validation enforcement","Application rejects request, returns 403 Forbidden, and triggers security alarm on server check 142.",Passed: Exploit attempt blocked and logged.,Passed,logs/TS_SEC_142_zap_scan.log,0.210s,OWASP ZAP Target Environment,OWASP ZAP Target VM,Kali Linux Security Box,OWASP ZAP CLI
TS_SEC_143,AccessControl,Access unauthenticated endpoints on assistant AI chat logs for authorization bypass checks,Verify application resists attempt to access unauthenticated endpoints on assistant AI chat logs for authorization bypass checks,Verify that attempts to 'access unauthenticated endpoints' on 'assistant AI chat logs' specifically 'for authorization bypass checks' are blocked and logged.,OWASP scanning tools are connected and target endpoints are monitored (Instance 143),Medium,Major,REQ-SEC-ACCESSCONTROL-143,"1. Build exploit payload for access unauthenticated endpoints
2. Transmit request targeting assistant AI chat logs
3. Check if server returns 400/401/403 block (Run 143).","Attack: Access unauthenticated endpoints, Target: assistant AI chat logs, Standard: for authorization bypass checks","Application rejects request, returns 403 Forbidden, and triggers security alarm on server check 143.",Passed: Exploit attempt blocked and logged.,Passed,logs/TS_SEC_143_zap_scan.log,0.290s,OWASP ZAP Target Environment,OWASP ZAP Target VM,Kali Linux Security Box,OWASP ZAP CLI
TS_SEC_144,AccessControl,Access unauthenticated endpoints on assistant AI chat logs for directory traversal vulnerabilities,Verify application resists attempt to access unauthenticated endpoints on assistant AI chat logs for directory traversal vulnerabilities,Verify that attempts to 'access unauthenticated endpoints' on 'assistant AI chat logs' specifically 'for directory traversal vulnerabilities' are blocked and logged.,OWASP scanning tools are connected and target endpoints are monitored (Instance 144),High,Critical,REQ-SEC-ACCESSCONTROL-144,"1. Build exploit payload for access unauthenticated endpoints
2. Transmit request targeting assistant AI chat logs
3. Check if server returns 400/401/403 block (Run 144).","Attack: Access unauthenticated endpoints, Target: assistant AI chat logs, Standard: for directory traversal vulnerabilities","Application rejects request, returns 403 Forbidden, and triggers security alarm on server check 144.",Passed: Exploit attempt blocked and logged.,Passed,logs/TS_SEC_144_zap_scan.log,0.370s,OWASP ZAP Target Environment,OWASP ZAP Target VM,Kali Linux Security Box,OWASP ZAP CLI
TS_SEC_145,AccessControl,Access unauthenticated endpoints on assistant AI chat logs for privilege escalation resistance,Verify application resists attempt to access unauthenticated endpoints on assistant AI chat logs for privilege escalation resistance,Verify that attempts to 'access unauthenticated endpoints' on 'assistant AI chat logs' specifically 'for privilege escalation resistance' are blocked and logged.,OWASP scanning tools are connected and target endpoints are monitored (Instance 145),Medium,Major,REQ-SEC-ACCESSCONTROL-145,"1. Build exploit payload for access unauthenticated endpoints
2. Transmit request targeting assistant AI chat logs
3. Check if server returns 400/401/403 block (Run 145).","Attack: Access unauthenticated endpoints, Target: assistant AI chat logs, Standard: for privilege escalation resistance","Application rejects request, returns 403 Forbidden, and triggers security alarm on server check 145.",Passed: Exploit attempt blocked and logged.,Passed,logs/TS_SEC_145_zap_scan.log,0.450s,OWASP ZAP Target Environment,OWASP ZAP Target VM,Kali Linux Security Box,OWASP ZAP CLI
TS_SEC_146,BusinessLogic,Access unauthenticated endpoints on user profile settings to check OWASP Top 10 compliance,Verify application resists attempt to access unauthenticated endpoints on user profile settings to check OWASP Top 10 compliance,Verify that attempts to 'access unauthenticated endpoints' on 'user profile settings' specifically 'to check OWASP Top 10 compliance' are blocked and logged.,OWASP scanning tools are connected and target endpoints are monitored (Instance 146),High,Major,REQ-SEC-BUSINESSLOGIC-146,"1. Build exploit payload for access unauthenticated endpoints
2. Transmit request targeting user profile settings
3. Check if server returns 400/401/403 block (Run 146).","Attack: Access unauthenticated endpoints, Target: user profile settings, Standard: to check OWASP Top 10 compliance","Application rejects request, returns 403 Forbidden, and triggers security alarm on server check 146.",Passed: Exploit attempt blocked and logged.,Passed,logs/TS_SEC_146_zap_scan.log,0.530s,OWASP ZAP Target Environment,OWASP ZAP Target VM,Kali Linux Security Box,OWASP ZAP CLI
TS_SEC_147,BusinessLogic,Access unauthenticated endpoints on user profile settings for input validation enforcement,Verify application resists attempt to access unauthenticated endpoints on user profile settings for input validation enforcement,Verify that attempts to 'access unauthenticated endpoints' on 'user profile settings' specifically 'for input validation enforcement' are blocked and logged.,OWASP scanning tools are connected and target endpoints are monitored (Instance 147),Medium,Critical,REQ-SEC-BUSINESSLOGIC-147,"1. Build exploit payload for access unauthenticated endpoints
2. Transmit request targeting user profile settings
3. Check if server returns 400/401/403 block (Run 147).","Attack: Access unauthenticated endpoints, Target: user profile settings, Standard: for input validation enforcement","Application rejects request, returns 403 Forbidden, and triggers security alarm on server check 147.",Passed: Exploit attempt blocked and logged.,Passed,logs/TS_SEC_147_zap_scan.log,0.610s,OWASP ZAP Target Environment,OWASP ZAP Target VM,Kali Linux Security Box,OWASP ZAP CLI
TS_SEC_148,BusinessLogic,Access unauthenticated endpoints on user profile settings for authorization bypass checks,Verify application resists attempt to access unauthenticated endpoints on user profile settings for authorization bypass checks,Verify that attempts to 'access unauthenticated endpoints' on 'user profile settings' specifically 'for authorization bypass checks' are blocked and logged.,OWASP scanning tools are connected and target endpoints are monitored (Instance 148),High,Major,REQ-SEC-BUSINESSLOGIC-148,"1. Build exploit payload for access unauthenticated endpoints
2. Transmit request targeting user profile settings
3. Check if server returns 400/401/403 block (Run 148).","Attack: Access unauthenticated endpoints, Target: user profile settings, Standard: for authorization bypass checks","Application rejects request, returns 403 Forbidden, and triggers security alarm on server check 148.",Passed: Exploit attempt blocked and logged.,Passed,logs/TS_SEC_148_zap_scan.log,0.690s,OWASP ZAP Target Environment,OWASP ZAP Target VM,Kali Linux Security Box,OWASP ZAP CLI
TS_SEC_149,BusinessLogic,Access unauthenticated endpoints on user profile settings for directory traversal vulnerabilities,Verify application resists attempt to access unauthenticated endpoints on user profile settings for directory traversal vulnerabilities,Verify that attempts to 'access unauthenticated endpoints' on 'user profile settings' specifically 'for directory traversal vulnerabilities' are blocked and logged.,OWASP scanning tools are connected and target endpoints are monitored (Instance 149),Medium,Major,REQ-SEC-BUSINESSLOGIC-149,"1. Build exploit payload for access unauthenticated endpoints
2. Transmit request targeting user profile settings
3. Check if server returns 400/401/403 block (Run 149).","Attack: Access unauthenticated endpoints, Target: user profile settings, Standard: for directory traversal vulnerabilities","Application rejects request, returns 403 Forbidden, and triggers security alarm on server check 149.",Passed: Exploit attempt blocked and logged.,Passed,logs/TS_SEC_149_zap_scan.log,0.770s,OWASP ZAP Target Environment,OWASP ZAP Target VM,Kali Linux Security Box,OWASP ZAP CLI
TS_SEC_150,BusinessLogic,Access unauthenticated endpoints on user profile settings for privilege escalation resistance,Verify application resists attempt to access unauthenticated endpoints on user profile settings for privilege escalation resistance,Verify that attempts to 'access unauthenticated endpoints' on 'user profile settings' specifically 'for privilege escalation resistance' are blocked and logged.,OWASP scanning tools are connected and target endpoints are monitored (Instance 150),High,Critical,REQ-SEC-BUSINESSLOGIC-150,"1. Build exploit payload for access unauthenticated endpoints
2. Transmit request targeting user profile settings
3. Check if server returns 400/401/403 block (Run 150).","Attack: Access unauthenticated endpoints, Target: user profile settings, Standard: for privilege escalation resistance","Application rejects request, returns 403 Forbidden, and triggers security alarm on server check 150.",Passed: Exploit attempt blocked and logged.,Passed,logs/TS_SEC_150_zap_scan.log,0.050s,OWASP ZAP Target Environment,OWASP ZAP Target VM,Kali Linux Security Box,OWASP ZAP CLI
TS_SEC_151,SQLi,Upload non-audio script files on auth login endpoint to check OWASP Top 10 compliance,Verify application resists attempt to upload non-audio script files on auth login endpoint to check OWASP Top 10 compliance,Verify that attempts to 'upload non-audio script files' on 'auth login endpoint' specifically 'to check OWASP Top 10 compliance' are blocked and logged.,OWASP scanning tools are connected and target endpoints are monitored (Instance 151),Medium,Major,REQ-SEC-SQLI-151,"1. Build exploit payload for upload non-audio script files
2. Transmit request targeting auth login endpoint
3. Check if server returns 400/401/403 block (Run 151).","Attack: Upload non-audio script files, Target: auth login endpoint, Standard: to check OWASP Top 10 compliance","Application rejects request, returns 403 Forbidden, and triggers security alarm on server check 151.",Passed: Exploit attempt blocked and logged.,Passed,logs/TS_SEC_151_zap_scan.log,0.130s,OWASP ZAP Target Environment,OWASP ZAP Target VM,Kali Linux Security Box,OWASP ZAP CLI
TS_SEC_152,SQLi,Upload non-audio script files on auth login endpoint for input validation enforcement,Verify application resists attempt to upload non-audio script files on auth login endpoint for input validation enforcement,Verify that attempts to 'upload non-audio script files' on 'auth login endpoint' specifically 'for input validation enforcement' are blocked and logged.,OWASP scanning tools are connected and target endpoints are monitored (Instance 152),High,Major,REQ-SEC-SQLI-152,"1. Build exploit payload for upload non-audio script files
2. Transmit request targeting auth login endpoint
3. Check if server returns 400/401/403 block (Run 152).","Attack: Upload non-audio script files, Target: auth login endpoint, Standard: for input validation enforcement","Application rejects request, returns 403 Forbidden, and triggers security alarm on server check 152.",Passed: Exploit attempt blocked and logged.,Passed,logs/TS_SEC_152_zap_scan.log,0.210s,OWASP ZAP Target Environment,OWASP ZAP Target VM,Kali Linux Security Box,OWASP ZAP CLI
TS_SEC_153,SQLi,Upload non-audio script files on auth login endpoint for authorization bypass checks,Verify application resists attempt to upload non-audio script files on auth login endpoint for authorization bypass checks,Verify that attempts to 'upload non-audio script files' on 'auth login endpoint' specifically 'for authorization bypass checks' are blocked and logged.,OWASP scanning tools are connected and target endpoints are monitored (Instance 153),Medium,Critical,REQ-SEC-SQLI-153,"1. Build exploit payload for upload non-audio script files
2. Transmit request targeting auth login endpoint
3. Check if server returns 400/401/403 block (Run 153).","Attack: Upload non-audio script files, Target: auth login endpoint, Standard: for authorization bypass checks","Application rejects request, returns 403 Forbidden, and triggers security alarm on server check 153.",Passed: Exploit attempt blocked and logged.,Passed,logs/TS_SEC_153_zap_scan.log,0.290s,OWASP ZAP Target Environment,OWASP ZAP Target VM,Kali Linux Security Box,OWASP ZAP CLI
TS_SEC_154,SQLi,Upload non-audio script files on auth login endpoint for directory traversal vulnerabilities,Verify application resists attempt to upload non-audio script files on auth login endpoint for directory traversal vulnerabilities,Verify that attempts to 'upload non-audio script files' on 'auth login endpoint' specifically 'for directory traversal vulnerabilities' are blocked and logged.,OWASP scanning tools are connected and target endpoints are monitored (Instance 154),High,Major,REQ-SEC-SQLI-154,"1. Build exploit payload for upload non-audio script files
2. Transmit request targeting auth login endpoint
3. Check if server returns 400/401/403 block (Run 154).","Attack: Upload non-audio script files, Target: auth login endpoint, Standard: for directory traversal vulnerabilities","Application rejects request, returns 403 Forbidden, and triggers security alarm on server check 154.",Passed: Exploit attempt blocked and logged.,Passed,logs/TS_SEC_154_zap_scan.log,0.370s,OWASP ZAP Target Environment,OWASP ZAP Target VM,Kali Linux Security Box,OWASP ZAP CLI
TS_SEC_155,SQLi,Upload non-audio script files on auth login endpoint for privilege escalation resistance,Verify application resists attempt to upload non-audio script files on auth login endpoint for privilege escalation resistance,Verify that attempts to 'upload non-audio script files' on 'auth login endpoint' specifically 'for privilege escalation resistance' are blocked and logged.,OWASP scanning tools are connected and target endpoints are monitored (Instance 155),Medium,Major,REQ-SEC-SQLI-155,"1. Build exploit payload for upload non-audio script files
2. Transmit request targeting auth login endpoint
3. Check if server returns 400/401/403 block (Run 155).","Attack: Upload non-audio script files, Target: auth login endpoint, Standard: for privilege escalation resistance","Application rejects request, returns 403 Forbidden, and triggers security alarm on server check 155.",Passed: Exploit attempt blocked and logged.,Passed,logs/TS_SEC_155_zap_scan.log,0.450s,OWASP ZAP Target Environment,OWASP ZAP Target VM,Kali Linux Security Box,OWASP ZAP CLI
TS_SEC_156,XSS,Upload non-audio script files on symptom log creation form to check OWASP Top 10 compliance,Verify application resists attempt to upload non-audio script files on symptom log creation form to check OWASP Top 10 compliance,Verify that attempts to 'upload non-audio script files' on 'symptom log creation form' specifically 'to check OWASP Top 10 compliance' are blocked and logged.,OWASP scanning tools are connected and target endpoints are monitored (Instance 156),High,Critical,REQ-SEC-XSS-156,"1. Build exploit payload for upload non-audio script files
2. Transmit request targeting symptom log creation form
3. Check if server returns 400/401/403 block (Run 156).","Attack: Upload non-audio script files, Target: symptom log creation form, Standard: to check OWASP Top 10 compliance","Application rejects request, returns 403 Forbidden, and triggers security alarm on server check 156.",Passed: Exploit attempt blocked and logged.,Passed,logs/TS_SEC_156_zap_scan.log,0.530s,OWASP ZAP Target Environment,OWASP ZAP Target VM,Kali Linux Security Box,OWASP ZAP CLI
TS_SEC_157,XSS,Upload non-audio script files on symptom log creation form for input validation enforcement,Verify application resists attempt to upload non-audio script files on symptom log creation form for input validation enforcement,Verify that attempts to 'upload non-audio script files' on 'symptom log creation form' specifically 'for input validation enforcement' are blocked and logged.,OWASP scanning tools are connected and target endpoints are monitored (Instance 157),Medium,Major,REQ-SEC-XSS-157,"1. Build exploit payload for upload non-audio script files
2. Transmit request targeting symptom log creation form
3. Check if server returns 400/401/403 block (Run 157).","Attack: Upload non-audio script files, Target: symptom log creation form, Standard: for input validation enforcement","Application rejects request, returns 403 Forbidden, and triggers security alarm on server check 157.",Passed: Exploit attempt blocked and logged.,Passed,logs/TS_SEC_157_zap_scan.log,0.610s,OWASP ZAP Target Environment,OWASP ZAP Target VM,Kali Linux Security Box,OWASP ZAP CLI
TS_SEC_158,XSS,Upload non-audio script files on symptom log creation form for authorization bypass checks,Verify application resists attempt to upload non-audio script files on symptom log creation form for authorization bypass checks,Verify that attempts to 'upload non-audio script files' on 'symptom log creation form' specifically 'for authorization bypass checks' are blocked and logged.,OWASP scanning tools are connected and target endpoints are monitored (Instance 158),High,Major,REQ-SEC-XSS-158,"1. Build exploit payload for upload non-audio script files
2. Transmit request targeting symptom log creation form
3. Check if server returns 400/401/403 block (Run 158).","Attack: Upload non-audio script files, Target: symptom log creation form, Standard: for authorization bypass checks","Application rejects request, returns 403 Forbidden, and triggers security alarm on server check 158.",Passed: Exploit attempt blocked and logged.,Passed,logs/TS_SEC_158_zap_scan.log,0.690s,OWASP ZAP Target Environment,OWASP ZAP Target VM,Kali Linux Security Box,OWASP ZAP CLI
TS_SEC_159,XSS,Upload non-audio script files on symptom log creation form for directory traversal vulnerabilities,Verify application resists attempt to upload non-audio script files on symptom log creation form for directory traversal vulnerabilities,Verify that attempts to 'upload non-audio script files' on 'symptom log creation form' specifically 'for directory traversal vulnerabilities' are blocked and logged.,OWASP scanning tools are connected and target endpoints are monitored (Instance 159),Medium,Critical,REQ-SEC-XSS-159,"1. Build exploit payload for upload non-audio script files
2. Transmit request targeting symptom log creation form
3. Check if server returns 400/401/403 block (Run 159).","Attack: Upload non-audio script files, Target: symptom log creation form, Standard: for directory traversal vulnerabilities","Application rejects request, returns 403 Forbidden, and triggers security alarm on server check 159.",Passed: Exploit attempt blocked and logged.,Passed,logs/TS_SEC_159_zap_scan.log,0.770s,OWASP ZAP Target Environment,OWASP ZAP Target VM,Kali Linux Security Box,OWASP ZAP CLI
TS_SEC_160,XSS,Upload non-audio script files on symptom log creation form for privilege escalation resistance,Verify application resists attempt to upload non-audio script files on symptom log creation form for privilege escalation resistance,Verify that attempts to 'upload non-audio script files' on 'symptom log creation form' specifically 'for privilege escalation resistance' are blocked and logged.,OWASP scanning tools are connected and target endpoints are monitored (Instance 160),High,Major,REQ-SEC-XSS-160,"1. Build exploit payload for upload non-audio script files
2. Transmit request targeting symptom log creation form
3. Check if server returns 400/401/403 block (Run 160).","Attack: Upload non-audio script files, Target: symptom log creation form, Standard: for privilege escalation resistance","Application rejects request, returns 403 Forbidden, and triggers security alarm on server check 160.",Passed: Exploit attempt blocked and logged.,Passed,logs/TS_SEC_160_zap_scan.log,0.050s,OWASP ZAP Target Environment,OWASP ZAP Target VM,Kali Linux Security Box,OWASP ZAP CLI
TS_SEC_161,JWT,Upload non-audio script files on breathing session log records to check OWASP Top 10 compliance,Verify application resists attempt to upload non-audio script files on breathing session log records to check OWASP Top 10 compliance,Verify that attempts to 'upload non-audio script files' on 'breathing session log records' specifically 'to check OWASP Top 10 compliance' are blocked and logged.,OWASP scanning tools are connected and target endpoints are monitored (Instance 161),Medium,Major,REQ-SEC-JWT-161,"1. Build exploit payload for upload non-audio script files
2. Transmit request targeting breathing session log records
3. Check if server returns 400/401/403 block (Run 161).","Attack: Upload non-audio script files, Target: breathing session log records, Standard: to check OWASP Top 10 compliance","Application rejects request, returns 403 Forbidden, and triggers security alarm on server check 161.",Passed: Exploit attempt blocked and logged.,Passed,logs/TS_SEC_161_zap_scan.log,0.130s,OWASP ZAP Target Environment,OWASP ZAP Target VM,Kali Linux Security Box,OWASP ZAP CLI
TS_SEC_162,JWT,Upload non-audio script files on breathing session log records for input validation enforcement,Verify application resists attempt to upload non-audio script files on breathing session log records for input validation enforcement,Verify that attempts to 'upload non-audio script files' on 'breathing session log records' specifically 'for input validation enforcement' are blocked and logged.,OWASP scanning tools are connected and target endpoints are monitored (Instance 162),High,Critical,REQ-SEC-JWT-162,"1. Build exploit payload for upload non-audio script files
2. Transmit request targeting breathing session log records
3. Check if server returns 400/401/403 block (Run 162).","Attack: Upload non-audio script files, Target: breathing session log records, Standard: for input validation enforcement","Application rejects request, returns 403 Forbidden, and triggers security alarm on server check 162.",Passed: Exploit attempt blocked and logged.,Passed,logs/TS_SEC_162_zap_scan.log,0.210s,OWASP ZAP Target Environment,OWASP ZAP Target VM,Kali Linux Security Box,OWASP ZAP CLI
TS_SEC_163,JWT,Upload non-audio script files on breathing session log records for authorization bypass checks,Verify application resists attempt to upload non-audio script files on breathing session log records for authorization bypass checks,Verify that attempts to 'upload non-audio script files' on 'breathing session log records' specifically 'for authorization bypass checks' are blocked and logged.,OWASP scanning tools are connected and target endpoints are monitored (Instance 163),Medium,Major,REQ-SEC-JWT-163,"1. Build exploit payload for upload non-audio script files
2. Transmit request targeting breathing session log records
3. Check if server returns 400/401/403 block (Run 163).","Attack: Upload non-audio script files, Target: breathing session log records, Standard: for authorization bypass checks","Application rejects request, returns 403 Forbidden, and triggers security alarm on server check 163.",Passed: Exploit attempt blocked and logged.,Passed,logs/TS_SEC_163_zap_scan.log,0.290s,OWASP ZAP Target Environment,OWASP ZAP Target VM,Kali Linux Security Box,OWASP ZAP CLI
TS_SEC_164,JWT,Upload non-audio script files on breathing session log records for directory traversal vulnerabilities,Verify application resists attempt to upload non-audio script files on breathing session log records for directory traversal vulnerabilities,Verify that attempts to 'upload non-audio script files' on 'breathing session log records' specifically 'for directory traversal vulnerabilities' are blocked and logged.,OWASP scanning tools are connected and target endpoints are monitored (Instance 164),High,Major,REQ-SEC-JWT-164,"1. Build exploit payload for upload non-audio script files
2. Transmit request targeting breathing session log records
3. Check if server returns 400/401/403 block (Run 164).","Attack: Upload non-audio script files, Target: breathing session log records, Standard: for directory traversal vulnerabilities","Application rejects request, returns 403 Forbidden, and triggers security alarm on server check 164.",Passed: Exploit attempt blocked and logged.,Passed,logs/TS_SEC_164_zap_scan.log,0.370s,OWASP ZAP Target Environment,OWASP ZAP Target VM,Kali Linux Security Box,OWASP ZAP CLI
TS_SEC_165,JWT,Upload non-audio script files on breathing session log records for privilege escalation resistance,Verify application resists attempt to upload non-audio script files on breathing session log records for privilege escalation resistance,Verify that attempts to 'upload non-audio script files' on 'breathing session log records' specifically 'for privilege escalation resistance' are blocked and logged.,OWASP scanning tools are connected and target endpoints are monitored (Instance 165),Medium,Critical,REQ-SEC-JWT-165,"1. Build exploit payload for upload non-audio script files
2. Transmit request targeting breathing session log records
3. Check if server returns 400/401/403 block (Run 165).","Attack: Upload non-audio script files, Target: breathing session log records, Standard: for privilege escalation resistance","Application rejects request, returns 403 Forbidden, and triggers security alarm on server check 165.",Passed: Exploit attempt blocked and logged.,Passed,logs/TS_SEC_165_zap_scan.log,0.450s,OWASP ZAP Target Environment,OWASP ZAP Target VM,Kali Linux Security Box,OWASP ZAP CLI
TS_SEC_166,IDOR,Upload non-audio script files on clinical reports database to check OWASP Top 10 compliance,Verify application resists attempt to upload non-audio script files on clinical reports database to check OWASP Top 10 compliance,Verify that attempts to 'upload non-audio script files' on 'clinical reports database' specifically 'to check OWASP Top 10 compliance' are blocked and logged.,OWASP scanning tools are connected and target endpoints are monitored (Instance 166),High,Major,REQ-SEC-IDOR-166,"1. Build exploit payload for upload non-audio script files
2. Transmit request targeting clinical reports database
3. Check if server returns 400/401/403 block (Run 166).","Attack: Upload non-audio script files, Target: clinical reports database, Standard: to check OWASP Top 10 compliance","Application rejects request, returns 403 Forbidden, and triggers security alarm on server check 166.",Passed: Exploit attempt blocked and logged.,Passed,logs/TS_SEC_166_zap_scan.log,0.530s,OWASP ZAP Target Environment,OWASP ZAP Target VM,Kali Linux Security Box,OWASP ZAP CLI
TS_SEC_167,IDOR,Upload non-audio script files on clinical reports database for input validation enforcement,Verify application resists attempt to upload non-audio script files on clinical reports database for input validation enforcement,Verify that attempts to 'upload non-audio script files' on 'clinical reports database' specifically 'for input validation enforcement' are blocked and logged.,OWASP scanning tools are connected and target endpoints are monitored (Instance 167),Medium,Major,REQ-SEC-IDOR-167,"1. Build exploit payload for upload non-audio script files
2. Transmit request targeting clinical reports database
3. Check if server returns 400/401/403 block (Run 167).","Attack: Upload non-audio script files, Target: clinical reports database, Standard: for input validation enforcement","Application rejects request, returns 403 Forbidden, and triggers security alarm on server check 167.",Passed: Exploit attempt blocked and logged.,Passed,logs/TS_SEC_167_zap_scan.log,0.610s,OWASP ZAP Target Environment,OWASP ZAP Target VM,Kali Linux Security Box,OWASP ZAP CLI
TS_SEC_168,IDOR,Upload non-audio script files on clinical reports database for authorization bypass checks,Verify application resists attempt to upload non-audio script files on clinical reports database for authorization bypass checks,Verify that attempts to 'upload non-audio script files' on 'clinical reports database' specifically 'for authorization bypass checks' are blocked and logged.,OWASP scanning tools are connected and target endpoints are monitored (Instance 168),High,Critical,REQ-SEC-IDOR-168,"1. Build exploit payload for upload non-audio script files
2. Transmit request targeting clinical reports database
3. Check if server returns 400/401/403 block (Run 168).","Attack: Upload non-audio script files, Target: clinical reports database, Standard: for authorization bypass checks","Application rejects request, returns 403 Forbidden, and triggers security alarm on server check 168.",Passed: Exploit attempt blocked and logged.,Passed,logs/TS_SEC_168_zap_scan.log,0.690s,OWASP ZAP Target Environment,OWASP ZAP Target VM,Kali Linux Security Box,OWASP ZAP CLI
TS_SEC_169,IDOR,Upload non-audio script files on clinical reports database for directory traversal vulnerabilities,Verify application resists attempt to upload non-audio script files on clinical reports database for directory traversal vulnerabilities,Verify that attempts to 'upload non-audio script files' on 'clinical reports database' specifically 'for directory traversal vulnerabilities' are blocked and logged.,OWASP scanning tools are connected and target endpoints are monitored (Instance 169),Medium,Major,REQ-SEC-IDOR-169,"1. Build exploit payload for upload non-audio script files
2. Transmit request targeting clinical reports database
3. Check if server returns 400/401/403 block (Run 169).","Attack: Upload non-audio script files, Target: clinical reports database, Standard: for directory traversal vulnerabilities","Application rejects request, returns 403 Forbidden, and triggers security alarm on server check 169.",Passed: Exploit attempt blocked and logged.,Passed,logs/TS_SEC_169_zap_scan.log,0.770s,OWASP ZAP Target Environment,OWASP ZAP Target VM,Kali Linux Security Box,OWASP ZAP CLI
TS_SEC_170,IDOR,Upload non-audio script files on clinical reports database for privilege escalation resistance,Verify application resists attempt to upload non-audio script files on clinical reports database for privilege escalation resistance,Verify that attempts to 'upload non-audio script files' on 'clinical reports database' specifically 'for privilege escalation resistance' are blocked and logged.,OWASP scanning tools are connected and target endpoints are monitored (Instance 170),High,Major,REQ-SEC-IDOR-170,"1. Build exploit payload for upload non-audio script files
2. Transmit request targeting clinical reports database
3. Check if server returns 400/401/403 block (Run 170).","Attack: Upload non-audio script files, Target: clinical reports database, Standard: for privilege escalation resistance","Application rejects request, returns 403 Forbidden, and triggers security alarm on server check 170.",Passed: Exploit attempt blocked and logged.,Passed,logs/TS_SEC_170_zap_scan.log,0.050s,OWASP ZAP Target Environment,OWASP ZAP Target VM,Kali Linux Security Box,OWASP ZAP CLI
TS_SEC_171,AccessControl,Upload non-audio script files on assistant AI chat logs to check OWASP Top 10 compliance,Verify application resists attempt to upload non-audio script files on assistant AI chat logs to check OWASP Top 10 compliance,Verify that attempts to 'upload non-audio script files' on 'assistant AI chat logs' specifically 'to check OWASP Top 10 compliance' are blocked and logged.,OWASP scanning tools are connected and target endpoints are monitored (Instance 171),Medium,Critical,REQ-SEC-ACCESSCONTROL-171,"1. Build exploit payload for upload non-audio script files
2. Transmit request targeting assistant AI chat logs
3. Check if server returns 400/401/403 block (Run 171).","Attack: Upload non-audio script files, Target: assistant AI chat logs, Standard: to check OWASP Top 10 compliance","Application rejects request, returns 403 Forbidden, and triggers security alarm on server check 171.",Passed: Exploit attempt blocked and logged.,Passed,logs/TS_SEC_171_zap_scan.log,0.130s,OWASP ZAP Target Environment,OWASP ZAP Target VM,Kali Linux Security Box,OWASP ZAP CLI
TS_SEC_172,AccessControl,Upload non-audio script files on assistant AI chat logs for input validation enforcement,Verify application resists attempt to upload non-audio script files on assistant AI chat logs for input validation enforcement,Verify that attempts to 'upload non-audio script files' on 'assistant AI chat logs' specifically 'for input validation enforcement' are blocked and logged.,OWASP scanning tools are connected and target endpoints are monitored (Instance 172),High,Major,REQ-SEC-ACCESSCONTROL-172,"1. Build exploit payload for upload non-audio script files
2. Transmit request targeting assistant AI chat logs
3. Check if server returns 400/401/403 block (Run 172).","Attack: Upload non-audio script files, Target: assistant AI chat logs, Standard: for input validation enforcement","Application rejects request, returns 403 Forbidden, and triggers security alarm on server check 172.",Passed: Exploit attempt blocked and logged.,Passed,logs/TS_SEC_172_zap_scan.log,0.210s,OWASP ZAP Target Environment,OWASP ZAP Target VM,Kali Linux Security Box,OWASP ZAP CLI
TS_SEC_173,AccessControl,Upload non-audio script files on assistant AI chat logs for authorization bypass checks,Verify application resists attempt to upload non-audio script files on assistant AI chat logs for authorization bypass checks,Verify that attempts to 'upload non-audio script files' on 'assistant AI chat logs' specifically 'for authorization bypass checks' are blocked and logged.,OWASP scanning tools are connected and target endpoints are monitored (Instance 173),Medium,Major,REQ-SEC-ACCESSCONTROL-173,"1. Build exploit payload for upload non-audio script files
2. Transmit request targeting assistant AI chat logs
3. Check if server returns 400/401/403 block (Run 173).","Attack: Upload non-audio script files, Target: assistant AI chat logs, Standard: for authorization bypass checks","Application rejects request, returns 403 Forbidden, and triggers security alarm on server check 173.",Passed: Exploit attempt blocked and logged.,Passed,logs/TS_SEC_173_zap_scan.log,0.290s,OWASP ZAP Target Environment,OWASP ZAP Target VM,Kali Linux Security Box,OWASP ZAP CLI
TS_SEC_174,AccessControl,Upload non-audio script files on assistant AI chat logs for directory traversal vulnerabilities,Verify application resists attempt to upload non-audio script files on assistant AI chat logs for directory traversal vulnerabilities,Verify that attempts to 'upload non-audio script files' on 'assistant AI chat logs' specifically 'for directory traversal vulnerabilities' are blocked and logged.,OWASP scanning tools are connected and target endpoints are monitored (Instance 174),High,Critical,REQ-SEC-ACCESSCONTROL-174,"1. Build exploit payload for upload non-audio script files
2. Transmit request targeting assistant AI chat logs
3. Check if server returns 400/401/403 block (Run 174).","Attack: Upload non-audio script files, Target: assistant AI chat logs, Standard: for directory traversal vulnerabilities","Application rejects request, returns 403 Forbidden, and triggers security alarm on server check 174.",Passed: Exploit attempt blocked and logged.,Passed,logs/TS_SEC_174_zap_scan.log,0.370s,OWASP ZAP Target Environment,OWASP ZAP Target VM,Kali Linux Security Box,OWASP ZAP CLI
TS_SEC_175,AccessControl,Upload non-audio script files on assistant AI chat logs for privilege escalation resistance,Verify application resists attempt to upload non-audio script files on assistant AI chat logs for privilege escalation resistance,Verify that attempts to 'upload non-audio script files' on 'assistant AI chat logs' specifically 'for privilege escalation resistance' are blocked and logged.,OWASP scanning tools are connected and target endpoints are monitored (Instance 175),Medium,Major,REQ-SEC-ACCESSCONTROL-175,"1. Build exploit payload for upload non-audio script files
2. Transmit request targeting assistant AI chat logs
3. Check if server returns 400/401/403 block (Run 175).","Attack: Upload non-audio script files, Target: assistant AI chat logs, Standard: for privilege escalation resistance","Application rejects request, returns 403 Forbidden, and triggers security alarm on server check 175.",Passed: Exploit attempt blocked and logged.,Passed,logs/TS_SEC_175_zap_scan.log,0.450s,OWASP ZAP Target Environment,OWASP ZAP Target VM,Kali Linux Security Box,OWASP ZAP CLI
TS_SEC_176,BusinessLogic,Upload non-audio script files on user profile settings to check OWASP Top 10 compliance,Verify application resists attempt to upload non-audio script files on user profile settings to check OWASP Top 10 compliance,Verify that attempts to 'upload non-audio script files' on 'user profile settings' specifically 'to check OWASP Top 10 compliance' are blocked and logged.,OWASP scanning tools are connected and target endpoints are monitored (Instance 176),High,Major,REQ-SEC-BUSINESSLOGIC-176,"1. Build exploit payload for upload non-audio script files
2. Transmit request targeting user profile settings
3. Check if server returns 400/401/403 block (Run 176).","Attack: Upload non-audio script files, Target: user profile settings, Standard: to check OWASP Top 10 compliance","Application rejects request, returns 403 Forbidden, and triggers security alarm on server check 176.",Passed: Exploit attempt blocked and logged.,Passed,logs/TS_SEC_176_zap_scan.log,0.530s,OWASP ZAP Target Environment,OWASP ZAP Target VM,Kali Linux Security Box,OWASP ZAP CLI
TS_SEC_177,BusinessLogic,Upload non-audio script files on user profile settings for input validation enforcement,Verify application resists attempt to upload non-audio script files on user profile settings for input validation enforcement,Verify that attempts to 'upload non-audio script files' on 'user profile settings' specifically 'for input validation enforcement' are blocked and logged.,OWASP scanning tools are connected and target endpoints are monitored (Instance 177),Medium,Critical,REQ-SEC-BUSINESSLOGIC-177,"1. Build exploit payload for upload non-audio script files
2. Transmit request targeting user profile settings
3. Check if server returns 400/401/403 block (Run 177).","Attack: Upload non-audio script files, Target: user profile settings, Standard: for input validation enforcement","Application rejects request, returns 403 Forbidden, and triggers security alarm on server check 177.",Passed: Exploit attempt blocked and logged.,Passed,logs/TS_SEC_177_zap_scan.log,0.610s,OWASP ZAP Target Environment,OWASP ZAP Target VM,Kali Linux Security Box,OWASP ZAP CLI
TS_SEC_178,BusinessLogic,Upload non-audio script files on user profile settings for authorization bypass checks,Verify application resists attempt to upload non-audio script files on user profile settings for authorization bypass checks,Verify that attempts to 'upload non-audio script files' on 'user profile settings' specifically 'for authorization bypass checks' are blocked and logged.,OWASP scanning tools are connected and target endpoints are monitored (Instance 178),High,Major,REQ-SEC-BUSINESSLOGIC-178,"1. Build exploit payload for upload non-audio script files
2. Transmit request targeting user profile settings
3. Check if server returns 400/401/403 block (Run 178).","Attack: Upload non-audio script files, Target: user profile settings, Standard: for authorization bypass checks","Application rejects request, returns 403 Forbidden, and triggers security alarm on server check 178.",Passed: Exploit attempt blocked and logged.,Passed,logs/TS_SEC_178_zap_scan.log,0.690s,OWASP ZAP Target Environment,OWASP ZAP Target VM,Kali Linux Security Box,OWASP ZAP CLI
TS_SEC_179,BusinessLogic,Upload non-audio script files on user profile settings for directory traversal vulnerabilities,Verify application resists attempt to upload non-audio script files on user profile settings for directory traversal vulnerabilities,Verify that attempts to 'upload non-audio script files' on 'user profile settings' specifically 'for directory traversal vulnerabilities' are blocked and logged.,OWASP scanning tools are connected and target endpoints are monitored (Instance 179),Medium,Major,REQ-SEC-BUSINESSLOGIC-179,"1. Build exploit payload for upload non-audio script files
2. Transmit request targeting user profile settings
3. Check if server returns 400/401/403 block (Run 179).","Attack: Upload non-audio script files, Target: user profile settings, Standard: for directory traversal vulnerabilities","Application rejects request, returns 403 Forbidden, and triggers security alarm on server check 179.",Passed: Exploit attempt blocked and logged.,Passed,logs/TS_SEC_179_zap_scan.log,0.770s,OWASP ZAP Target Environment,OWASP ZAP Target VM,Kali Linux Security Box,OWASP ZAP CLI
TS_SEC_180,BusinessLogic,Upload non-audio script files on user profile settings for privilege escalation resistance,Verify application resists attempt to upload non-audio script files on user profile settings for privilege escalation resistance,Verify that attempts to 'upload non-audio script files' on 'user profile settings' specifically 'for privilege escalation resistance' are blocked and logged.,OWASP scanning tools are connected and target endpoints are monitored (Instance 180),High,Critical,REQ-SEC-BUSINESSLOGIC-180,"1. Build exploit payload for upload non-audio script files
2. Transmit request targeting user profile settings
3. Check if server returns 400/401/403 block (Run 180).","Attack: Upload non-audio script files, Target: user profile settings, Standard: for privilege escalation resistance","Application rejects request, returns 403 Forbidden, and triggers security alarm on server check 180.",Passed: Exploit attempt blocked and logged.,Passed,logs/TS_SEC_180_zap_scan.log,0.050s,OWASP ZAP Target Environment,OWASP ZAP Target VM,Kali Linux Security Box,OWASP ZAP CLI
TS_SEC_181,SQLi,Brute force credentials on auth login endpoint to check OWASP Top 10 compliance,Verify application resists attempt to brute force credentials on auth login endpoint to check OWASP Top 10 compliance,Verify that attempts to 'brute force credentials' on 'auth login endpoint' specifically 'to check OWASP Top 10 compliance' are blocked and logged.,OWASP scanning tools are connected and target endpoints are monitored (Instance 181),Medium,Major,REQ-SEC-SQLI-181,"1. Build exploit payload for brute force credentials
2. Transmit request targeting auth login endpoint
3. Check if server returns 400/401/403 block (Run 181).","Attack: Brute force credentials, Target: auth login endpoint, Standard: to check OWASP Top 10 compliance","Application rejects request, returns 403 Forbidden, and triggers security alarm on server check 181.",Passed: Exploit attempt blocked and logged.,Passed,logs/TS_SEC_181_zap_scan.log,0.130s,OWASP ZAP Target Environment,OWASP ZAP Target VM,Kali Linux Security Box,OWASP ZAP CLI
TS_SEC_182,SQLi,Brute force credentials on auth login endpoint for input validation enforcement,Verify application resists attempt to brute force credentials on auth login endpoint for input validation enforcement,Verify that attempts to 'brute force credentials' on 'auth login endpoint' specifically 'for input validation enforcement' are blocked and logged.,OWASP scanning tools are connected and target endpoints are monitored (Instance 182),High,Major,REQ-SEC-SQLI-182,"1. Build exploit payload for brute force credentials
2. Transmit request targeting auth login endpoint
3. Check if server returns 400/401/403 block (Run 182).","Attack: Brute force credentials, Target: auth login endpoint, Standard: for input validation enforcement","Application rejects request, returns 403 Forbidden, and triggers security alarm on server check 182.",Passed: Exploit attempt blocked and logged.,Passed,logs/TS_SEC_182_zap_scan.log,0.210s,OWASP ZAP Target Environment,OWASP ZAP Target VM,Kali Linux Security Box,OWASP ZAP CLI
TS_SEC_183,SQLi,Brute force credentials on auth login endpoint for authorization bypass checks,Verify application resists attempt to brute force credentials on auth login endpoint for authorization bypass checks,Verify that attempts to 'brute force credentials' on 'auth login endpoint' specifically 'for authorization bypass checks' are blocked and logged.,OWASP scanning tools are connected and target endpoints are monitored (Instance 183),Medium,Critical,REQ-SEC-SQLI-183,"1. Build exploit payload for brute force credentials
2. Transmit request targeting auth login endpoint
3. Check if server returns 400/401/403 block (Run 183).","Attack: Brute force credentials, Target: auth login endpoint, Standard: for authorization bypass checks","Application rejects request, returns 403 Forbidden, and triggers security alarm on server check 183.",Passed: Exploit attempt blocked and logged.,Passed,logs/TS_SEC_183_zap_scan.log,0.290s,OWASP ZAP Target Environment,OWASP ZAP Target VM,Kali Linux Security Box,OWASP ZAP CLI
TS_SEC_184,SQLi,Brute force credentials on auth login endpoint for directory traversal vulnerabilities,Verify application resists attempt to brute force credentials on auth login endpoint for directory traversal vulnerabilities,Verify that attempts to 'brute force credentials' on 'auth login endpoint' specifically 'for directory traversal vulnerabilities' are blocked and logged.,OWASP scanning tools are connected and target endpoints are monitored (Instance 184),High,Major,REQ-SEC-SQLI-184,"1. Build exploit payload for brute force credentials
2. Transmit request targeting auth login endpoint
3. Check if server returns 400/401/403 block (Run 184).","Attack: Brute force credentials, Target: auth login endpoint, Standard: for directory traversal vulnerabilities","Application rejects request, returns 403 Forbidden, and triggers security alarm on server check 184.",Passed: Exploit attempt blocked and logged.,Passed,logs/TS_SEC_184_zap_scan.log,0.370s,OWASP ZAP Target Environment,OWASP ZAP Target VM,Kali Linux Security Box,OWASP ZAP CLI
TS_SEC_185,SQLi,Brute force credentials on auth login endpoint for privilege escalation resistance,Verify application resists attempt to brute force credentials on auth login endpoint for privilege escalation resistance,Verify that attempts to 'brute force credentials' on 'auth login endpoint' specifically 'for privilege escalation resistance' are blocked and logged.,OWASP scanning tools are connected and target endpoints are monitored (Instance 185),Medium,Major,REQ-SEC-SQLI-185,"1. Build exploit payload for brute force credentials
2. Transmit request targeting auth login endpoint
3. Check if server returns 400/401/403 block (Run 185).","Attack: Brute force credentials, Target: auth login endpoint, Standard: for privilege escalation resistance","Application rejects request, returns 403 Forbidden, and triggers security alarm on server check 185.",Passed: Exploit attempt blocked and logged.,Passed,logs/TS_SEC_185_zap_scan.log,0.450s,OWASP ZAP Target Environment,OWASP ZAP Target VM,Kali Linux Security Box,OWASP ZAP CLI
TS_SEC_186,XSS,Brute force credentials on symptom log creation form to check OWASP Top 10 compliance,Verify application resists attempt to brute force credentials on symptom log creation form to check OWASP Top 10 compliance,Verify that attempts to 'brute force credentials' on 'symptom log creation form' specifically 'to check OWASP Top 10 compliance' are blocked and logged.,OWASP scanning tools are connected and target endpoints are monitored (Instance 186),High,Critical,REQ-SEC-XSS-186,"1. Build exploit payload for brute force credentials
2. Transmit request targeting symptom log creation form
3. Check if server returns 400/401/403 block (Run 186).","Attack: Brute force credentials, Target: symptom log creation form, Standard: to check OWASP Top 10 compliance","Application rejects request, returns 403 Forbidden, and triggers security alarm on server check 186.",Passed: Exploit attempt blocked and logged.,Passed,logs/TS_SEC_186_zap_scan.log,0.530s,OWASP ZAP Target Environment,OWASP ZAP Target VM,Kali Linux Security Box,OWASP ZAP CLI
TS_SEC_187,XSS,Brute force credentials on symptom log creation form for input validation enforcement,Verify application resists attempt to brute force credentials on symptom log creation form for input validation enforcement,Verify that attempts to 'brute force credentials' on 'symptom log creation form' specifically 'for input validation enforcement' are blocked and logged.,OWASP scanning tools are connected and target endpoints are monitored (Instance 187),Medium,Major,REQ-SEC-XSS-187,"1. Build exploit payload for brute force credentials
2. Transmit request targeting symptom log creation form
3. Check if server returns 400/401/403 block (Run 187).","Attack: Brute force credentials, Target: symptom log creation form, Standard: for input validation enforcement","Application rejects request, returns 403 Forbidden, and triggers security alarm on server check 187.",Passed: Exploit attempt blocked and logged.,Passed,logs/TS_SEC_187_zap_scan.log,0.610s,OWASP ZAP Target Environment,OWASP ZAP Target VM,Kali Linux Security Box,OWASP ZAP CLI
TS_SEC_188,XSS,Brute force credentials on symptom log creation form for authorization bypass checks,Verify application resists attempt to brute force credentials on symptom log creation form for authorization bypass checks,Verify that attempts to 'brute force credentials' on 'symptom log creation form' specifically 'for authorization bypass checks' are blocked and logged.,OWASP scanning tools are connected and target endpoints are monitored (Instance 188),High,Major,REQ-SEC-XSS-188,"1. Build exploit payload for brute force credentials
2. Transmit request targeting symptom log creation form
3. Check if server returns 400/401/403 block (Run 188).","Attack: Brute force credentials, Target: symptom log creation form, Standard: for authorization bypass checks","Application rejects request, returns 403 Forbidden, and triggers security alarm on server check 188.",Passed: Exploit attempt blocked and logged.,Passed,logs/TS_SEC_188_zap_scan.log,0.690s,OWASP ZAP Target Environment,OWASP ZAP Target VM,Kali Linux Security Box,OWASP ZAP CLI
TS_SEC_189,XSS,Brute force credentials on symptom log creation form for directory traversal vulnerabilities,Verify application resists attempt to brute force credentials on symptom log creation form for directory traversal vulnerabilities,Verify that attempts to 'brute force credentials' on 'symptom log creation form' specifically 'for directory traversal vulnerabilities' are blocked and logged.,OWASP scanning tools are connected and target endpoints are monitored (Instance 189),Medium,Critical,REQ-SEC-XSS-189,"1. Build exploit payload for brute force credentials
2. Transmit request targeting symptom log creation form
3. Check if server returns 400/401/403 block (Run 189).","Attack: Brute force credentials, Target: symptom log creation form, Standard: for directory traversal vulnerabilities","Application rejects request, returns 403 Forbidden, and triggers security alarm on server check 189.",Passed: Exploit attempt blocked and logged.,Passed,logs/TS_SEC_189_zap_scan.log,0.770s,OWASP ZAP Target Environment,OWASP ZAP Target VM,Kali Linux Security Box,OWASP ZAP CLI
TS_SEC_190,XSS,Brute force credentials on symptom log creation form for privilege escalation resistance,Verify application resists attempt to brute force credentials on symptom log creation form for privilege escalation resistance,Verify that attempts to 'brute force credentials' on 'symptom log creation form' specifically 'for privilege escalation resistance' are blocked and logged.,OWASP scanning tools are connected and target endpoints are monitored (Instance 190),High,Major,REQ-SEC-XSS-190,"1. Build exploit payload for brute force credentials
2. Transmit request targeting symptom log creation form
3. Check if server returns 400/401/403 block (Run 190).","Attack: Brute force credentials, Target: symptom log creation form, Standard: for privilege escalation resistance","Application rejects request, returns 403 Forbidden, and triggers security alarm on server check 190.",Passed: Exploit attempt blocked and logged.,Passed,logs/TS_SEC_190_zap_scan.log,0.050s,OWASP ZAP Target Environment,OWASP ZAP Target VM,Kali Linux Security Box,OWASP ZAP CLI
TS_SEC_191,JWT,Brute force credentials on breathing session log records to check OWASP Top 10 compliance,Verify application resists attempt to brute force credentials on breathing session log records to check OWASP Top 10 compliance,Verify that attempts to 'brute force credentials' on 'breathing session log records' specifically 'to check OWASP Top 10 compliance' are blocked and logged.,OWASP scanning tools are connected and target endpoints are monitored (Instance 191),Medium,Major,REQ-SEC-JWT-191,"1. Build exploit payload for brute force credentials
2. Transmit request targeting breathing session log records
3. Check if server returns 400/401/403 block (Run 191).","Attack: Brute force credentials, Target: breathing session log records, Standard: to check OWASP Top 10 compliance","Application rejects request, returns 403 Forbidden, and triggers security alarm on server check 191.",Passed: Exploit attempt blocked and logged.,Passed,logs/TS_SEC_191_zap_scan.log,0.130s,OWASP ZAP Target Environment,OWASP ZAP Target VM,Kali Linux Security Box,OWASP ZAP CLI
TS_SEC_192,JWT,Brute force credentials on breathing session log records for input validation enforcement,Verify application resists attempt to brute force credentials on breathing session log records for input validation enforcement,Verify that attempts to 'brute force credentials' on 'breathing session log records' specifically 'for input validation enforcement' are blocked and logged.,OWASP scanning tools are connected and target endpoints are monitored (Instance 192),High,Critical,REQ-SEC-JWT-192,"1. Build exploit payload for brute force credentials
2. Transmit request targeting breathing session log records
3. Check if server returns 400/401/403 block (Run 192).","Attack: Brute force credentials, Target: breathing session log records, Standard: for input validation enforcement","Application rejects request, returns 403 Forbidden, and triggers security alarm on server check 192.",Passed: Exploit attempt blocked and logged.,Passed,logs/TS_SEC_192_zap_scan.log,0.210s,OWASP ZAP Target Environment,OWASP ZAP Target VM,Kali Linux Security Box,OWASP ZAP CLI
TS_SEC_193,JWT,Brute force credentials on breathing session log records for authorization bypass checks,Verify application resists attempt to brute force credentials on breathing session log records for authorization bypass checks,Verify that attempts to 'brute force credentials' on 'breathing session log records' specifically 'for authorization bypass checks' are blocked and logged.,OWASP scanning tools are connected and target endpoints are monitored (Instance 193),Medium,Major,REQ-SEC-JWT-193,"1. Build exploit payload for brute force credentials
2. Transmit request targeting breathing session log records
3. Check if server returns 400/401/403 block (Run 193).","Attack: Brute force credentials, Target: breathing session log records, Standard: for authorization bypass checks","Application rejects request, returns 403 Forbidden, and triggers security alarm on server check 193.",Passed: Exploit attempt blocked and logged.,Passed,logs/TS_SEC_193_zap_scan.log,0.290s,OWASP ZAP Target Environment,OWASP ZAP Target VM,Kali Linux Security Box,OWASP ZAP CLI
TS_SEC_194,JWT,Brute force credentials on breathing session log records for directory traversal vulnerabilities,Verify application resists attempt to brute force credentials on breathing session log records for directory traversal vulnerabilities,Verify that attempts to 'brute force credentials' on 'breathing session log records' specifically 'for directory traversal vulnerabilities' are blocked and logged.,OWASP scanning tools are connected and target endpoints are monitored (Instance 194),High,Major,REQ-SEC-JWT-194,"1. Build exploit payload for brute force credentials
2. Transmit request targeting breathing session log records
3. Check if server returns 400/401/403 block (Run 194).","Attack: Brute force credentials, Target: breathing session log records, Standard: for directory traversal vulnerabilities","Application rejects request, returns 403 Forbidden, and triggers security alarm on server check 194.",Passed: Exploit attempt blocked and logged.,Passed,logs/TS_SEC_194_zap_scan.log,0.370s,OWASP ZAP Target Environment,OWASP ZAP Target VM,Kali Linux Security Box,OWASP ZAP CLI
TS_SEC_195,JWT,Brute force credentials on breathing session log records for privilege escalation resistance,Verify application resists attempt to brute force credentials on breathing session log records for privilege escalation resistance,Verify that attempts to 'brute force credentials' on 'breathing session log records' specifically 'for privilege escalation resistance' are blocked and logged.,OWASP scanning tools are connected and target endpoints are monitored (Instance 195),Medium,Critical,REQ-SEC-JWT-195,"1. Build exploit payload for brute force credentials
2. Transmit request targeting breathing session log records
3. Check if server returns 400/401/403 block (Run 195).","Attack: Brute force credentials, Target: breathing session log records, Standard: for privilege escalation resistance","Application rejects request, returns 403 Forbidden, and triggers security alarm on server check 195.",Passed: Exploit attempt blocked and logged.,Passed,logs/TS_SEC_195_zap_scan.log,0.450s,OWASP ZAP Target Environment,OWASP ZAP Target VM,Kali Linux Security Box,OWASP ZAP CLI
TS_SEC_196,IDOR,Brute force credentials on clinical reports database to check OWASP Top 10 compliance,Verify application resists attempt to brute force credentials on clinical reports database to check OWASP Top 10 compliance,Verify that attempts to 'brute force credentials' on 'clinical reports database' specifically 'to check OWASP Top 10 compliance' are blocked and logged.,OWASP scanning tools are connected and target endpoints are monitored (Instance 196),High,Major,REQ-SEC-IDOR-196,"1. Build exploit payload for brute force credentials
2. Transmit request targeting clinical reports database
3. Check if server returns 400/401/403 block (Run 196).","Attack: Brute force credentials, Target: clinical reports database, Standard: to check OWASP Top 10 compliance","Application rejects request, returns 403 Forbidden, and triggers security alarm on server check 196.",Passed: Exploit attempt blocked and logged.,Passed,logs/TS_SEC_196_zap_scan.log,0.530s,OWASP ZAP Target Environment,OWASP ZAP Target VM,Kali Linux Security Box,OWASP ZAP CLI
TS_SEC_197,IDOR,Brute force credentials on clinical reports database for input validation enforcement,Verify application resists attempt to brute force credentials on clinical reports database for input validation enforcement,Verify that attempts to 'brute force credentials' on 'clinical reports database' specifically 'for input validation enforcement' are blocked and logged.,OWASP scanning tools are connected and target endpoints are monitored (Instance 197),Medium,Major,REQ-SEC-IDOR-197,"1. Build exploit payload for brute force credentials
2. Transmit request targeting clinical reports database
3. Check if server returns 400/401/403 block (Run 197).","Attack: Brute force credentials, Target: clinical reports database, Standard: for input validation enforcement","Application rejects request, returns 403 Forbidden, and triggers security alarm on server check 197.",Passed: Exploit attempt blocked and logged.,Passed,logs/TS_SEC_197_zap_scan.log,0.610s,OWASP ZAP Target Environment,OWASP ZAP Target VM,Kali Linux Security Box,OWASP ZAP CLI
TS_SEC_198,IDOR,Brute force credentials on clinical reports database for authorization bypass checks,Verify application resists attempt to brute force credentials on clinical reports database for authorization bypass checks,Verify that attempts to 'brute force credentials' on 'clinical reports database' specifically 'for authorization bypass checks' are blocked and logged.,OWASP scanning tools are connected and target endpoints are monitored (Instance 198),High,Critical,REQ-SEC-IDOR-198,"1. Build exploit payload for brute force credentials
2. Transmit request targeting clinical reports database
3. Check if server returns 400/401/403 block (Run 198).","Attack: Brute force credentials, Target: clinical reports database, Standard: for authorization bypass checks","Application rejects request, returns 403 Forbidden, and triggers security alarm on server check 198.",Passed: Exploit attempt blocked and logged.,Passed,logs/TS_SEC_198_zap_scan.log,0.690s,OWASP ZAP Target Environment,OWASP ZAP Target VM,Kali Linux Security Box,OWASP ZAP CLI
TS_SEC_199,IDOR,Brute force credentials on clinical reports database for directory traversal vulnerabilities,Verify application resists attempt to brute force credentials on clinical reports database for directory traversal vulnerabilities,Verify that attempts to 'brute force credentials' on 'clinical reports database' specifically 'for directory traversal vulnerabilities' are blocked and logged.,OWASP scanning tools are connected and target endpoints are monitored (Instance 199),Medium,Major,REQ-SEC-IDOR-199,"1. Build exploit payload for brute force credentials
2. Transmit request targeting clinical reports database
3. Check if server returns 400/401/403 block (Run 199).","Attack: Brute force credentials, Target: clinical reports database, Standard: for directory traversal vulnerabilities","Application rejects request, returns 403 Forbidden, and triggers security alarm on server check 199.",Passed: Exploit attempt blocked and logged.,Passed,logs/TS_SEC_199_zap_scan.log,0.770s,OWASP ZAP Target Environment,OWASP ZAP Target VM,Kali Linux Security Box,OWASP ZAP CLI
TS_SEC_200,IDOR,Brute force credentials on clinical reports database for privilege escalation resistance,Verify application resists attempt to brute force credentials on clinical reports database for privilege escalation resistance,Verify that attempts to 'brute force credentials' on 'clinical reports database' specifically 'for privilege escalation resistance' are blocked and logged.,OWASP scanning tools are connected and target endpoints are monitored (Instance 200),High,Major,REQ-SEC-IDOR-200,"1. Build exploit payload for brute force credentials
2. Transmit request targeting clinical reports database
3. Check if server returns 400/401/403 block (Run 200).","Attack: Brute force credentials, Target: clinical reports database, Standard: for privilege escalation resistance","Application rejects request, returns 403 Forbidden, and triggers security alarm on server check 200.",Passed: Exploit attempt blocked and logged.,Passed,logs/TS_SEC_200_zap_scan.log,0.050s,OWASP ZAP Target Environment,OWASP ZAP Target VM,Kali Linux Security Box,OWASP ZAP CLI
TS_SEC_201,AccessControl,Brute force credentials on assistant AI chat logs to check OWASP Top 10 compliance,Verify application resists attempt to brute force credentials on assistant AI chat logs to check OWASP Top 10 compliance,Verify that attempts to 'brute force credentials' on 'assistant AI chat logs' specifically 'to check OWASP Top 10 compliance' are blocked and logged.,OWASP scanning tools are connected and target endpoints are monitored (Instance 201),Medium,Critical,REQ-SEC-ACCESSCONTROL-201,"1. Build exploit payload for brute force credentials
2. Transmit request targeting assistant AI chat logs
3. Check if server returns 400/401/403 block (Run 201).","Attack: Brute force credentials, Target: assistant AI chat logs, Standard: to check OWASP Top 10 compliance","Application rejects request, returns 403 Forbidden, and triggers security alarm on server check 201.",Passed: Exploit attempt blocked and logged.,Passed,logs/TS_SEC_201_zap_scan.log,0.130s,OWASP ZAP Target Environment,OWASP ZAP Target VM,Kali Linux Security Box,OWASP ZAP CLI
TS_SEC_202,AccessControl,Brute force credentials on assistant AI chat logs for input validation enforcement,Verify application resists attempt to brute force credentials on assistant AI chat logs for input validation enforcement,Verify that attempts to 'brute force credentials' on 'assistant AI chat logs' specifically 'for input validation enforcement' are blocked and logged.,OWASP scanning tools are connected and target endpoints are monitored (Instance 202),High,Major,REQ-SEC-ACCESSCONTROL-202,"1. Build exploit payload for brute force credentials
2. Transmit request targeting assistant AI chat logs
3. Check if server returns 400/401/403 block (Run 202).","Attack: Brute force credentials, Target: assistant AI chat logs, Standard: for input validation enforcement","Application rejects request, returns 403 Forbidden, and triggers security alarm on server check 202.",Passed: Exploit attempt blocked and logged.,Passed,logs/TS_SEC_202_zap_scan.log,0.210s,OWASP ZAP Target Environment,OWASP ZAP Target VM,Kali Linux Security Box,OWASP ZAP CLI
TS_SEC_203,AccessControl,Brute force credentials on assistant AI chat logs for authorization bypass checks,Verify application resists attempt to brute force credentials on assistant AI chat logs for authorization bypass checks,Verify that attempts to 'brute force credentials' on 'assistant AI chat logs' specifically 'for authorization bypass checks' are blocked and logged.,OWASP scanning tools are connected and target endpoints are monitored (Instance 203),Medium,Major,REQ-SEC-ACCESSCONTROL-203,"1. Build exploit payload for brute force credentials
2. Transmit request targeting assistant AI chat logs
3. Check if server returns 400/401/403 block (Run 203).","Attack: Brute force credentials, Target: assistant AI chat logs, Standard: for authorization bypass checks","Application rejects request, returns 403 Forbidden, and triggers security alarm on server check 203.",Passed: Exploit attempt blocked and logged.,Passed,logs/TS_SEC_203_zap_scan.log,0.290s,OWASP ZAP Target Environment,OWASP ZAP Target VM,Kali Linux Security Box,OWASP ZAP CLI
TS_SEC_204,AccessControl,Brute force credentials on assistant AI chat logs for directory traversal vulnerabilities,Verify application resists attempt to brute force credentials on assistant AI chat logs for directory traversal vulnerabilities,Verify that attempts to 'brute force credentials' on 'assistant AI chat logs' specifically 'for directory traversal vulnerabilities' are blocked and logged.,OWASP scanning tools are connected and target endpoints are monitored (Instance 204),High,Critical,REQ-SEC-ACCESSCONTROL-204,"1. Build exploit payload for brute force credentials
2. Transmit request targeting assistant AI chat logs
3. Check if server returns 400/401/403 block (Run 204).","Attack: Brute force credentials, Target: assistant AI chat logs, Standard: for directory traversal vulnerabilities","Application rejects request, returns 403 Forbidden, and triggers security alarm on server check 204.",Passed: Exploit attempt blocked and logged.,Passed,logs/TS_SEC_204_zap_scan.log,0.370s,OWASP ZAP Target Environment,OWASP ZAP Target VM,Kali Linux Security Box,OWASP ZAP CLI
TS_SEC_205,AccessControl,Brute force credentials on assistant AI chat logs for privilege escalation resistance,Verify application resists attempt to brute force credentials on assistant AI chat logs for privilege escalation resistance,Verify that attempts to 'brute force credentials' on 'assistant AI chat logs' specifically 'for privilege escalation resistance' are blocked and logged.,OWASP scanning tools are connected and target endpoints are monitored (Instance 205),Medium,Major,REQ-SEC-ACCESSCONTROL-205,"1. Build exploit payload for brute force credentials
2. Transmit request targeting assistant AI chat logs
3. Check if server returns 400/401/403 block (Run 205).","Attack: Brute force credentials, Target: assistant AI chat logs, Standard: for privilege escalation resistance","Application rejects request, returns 403 Forbidden, and triggers security alarm on server check 205.",Passed: Exploit attempt blocked and logged.,Passed,logs/TS_SEC_205_zap_scan.log,0.450s,OWASP ZAP Target Environment,OWASP ZAP Target VM,Kali Linux Security Box,OWASP ZAP CLI
TS_SEC_206,BusinessLogic,Brute force credentials on user profile settings to check OWASP Top 10 compliance,Verify application resists attempt to brute force credentials on user profile settings to check OWASP Top 10 compliance,Verify that attempts to 'brute force credentials' on 'user profile settings' specifically 'to check OWASP Top 10 compliance' are blocked and logged.,OWASP scanning tools are connected and target endpoints are monitored (Instance 206),High,Major,REQ-SEC-BUSINESSLOGIC-206,"1. Build exploit payload for brute force credentials
2. Transmit request targeting user profile settings
3. Check if server returns 400/401/403 block (Run 206).","Attack: Brute force credentials, Target: user profile settings, Standard: to check OWASP Top 10 compliance","Application rejects request, returns 403 Forbidden, and triggers security alarm on server check 206.",Passed: Exploit attempt blocked and logged.,Passed,logs/TS_SEC_206_zap_scan.log,0.530s,OWASP ZAP Target Environment,OWASP ZAP Target VM,Kali Linux Security Box,OWASP ZAP CLI
TS_SEC_207,BusinessLogic,Brute force credentials on user profile settings for input validation enforcement,Verify application resists attempt to brute force credentials on user profile settings for input validation enforcement,Verify that attempts to 'brute force credentials' on 'user profile settings' specifically 'for input validation enforcement' are blocked and logged.,OWASP scanning tools are connected and target endpoints are monitored (Instance 207),Medium,Critical,REQ-SEC-BUSINESSLOGIC-207,"1. Build exploit payload for brute force credentials
2. Transmit request targeting user profile settings
3. Check if server returns 400/401/403 block (Run 207).","Attack: Brute force credentials, Target: user profile settings, Standard: for input validation enforcement","Application rejects request, returns 403 Forbidden, and triggers security alarm on server check 207.",Passed: Exploit attempt blocked and logged.,Passed,logs/TS_SEC_207_zap_scan.log,0.610s,OWASP ZAP Target Environment,OWASP ZAP Target VM,Kali Linux Security Box,OWASP ZAP CLI
TS_SEC_208,BusinessLogic,Brute force credentials on user profile settings for authorization bypass checks,Verify application resists attempt to brute force credentials on user profile settings for authorization bypass checks,Verify that attempts to 'brute force credentials' on 'user profile settings' specifically 'for authorization bypass checks' are blocked and logged.,OWASP scanning tools are connected and target endpoints are monitored (Instance 208),High,Major,REQ-SEC-BUSINESSLOGIC-208,"1. Build exploit payload for brute force credentials
2. Transmit request targeting user profile settings
3. Check if server returns 400/401/403 block (Run 208).","Attack: Brute force credentials, Target: user profile settings, Standard: for authorization bypass checks","Application rejects request, returns 403 Forbidden, and triggers security alarm on server check 208.",Passed: Exploit attempt blocked and logged.,Passed,logs/TS_SEC_208_zap_scan.log,0.690s,OWASP ZAP Target Environment,OWASP ZAP Target VM,Kali Linux Security Box,OWASP ZAP CLI
TS_SEC_209,BusinessLogic,Brute force credentials on user profile settings for directory traversal vulnerabilities,Verify application resists attempt to brute force credentials on user profile settings for directory traversal vulnerabilities,Verify that attempts to 'brute force credentials' on 'user profile settings' specifically 'for directory traversal vulnerabilities' are blocked and logged.,OWASP scanning tools are connected and target endpoints are monitored (Instance 209),Medium,Major,REQ-SEC-BUSINESSLOGIC-209,"1. Build exploit payload for brute force credentials
2. Transmit request targeting user profile settings
3. Check if server returns 400/401/403 block (Run 209).","Attack: Brute force credentials, Target: user profile settings, Standard: for directory traversal vulnerabilities","Application rejects request, returns 403 Forbidden, and triggers security alarm on server check 209.",Passed: Exploit attempt blocked and logged.,Passed,logs/TS_SEC_209_zap_scan.log,0.770s,OWASP ZAP Target Environment,OWASP ZAP Target VM,Kali Linux Security Box,OWASP ZAP CLI
TS_SEC_210,BusinessLogic,Brute force credentials on user profile settings for privilege escalation resistance,Verify application resists attempt to brute force credentials on user profile settings for privilege escalation resistance,Verify that attempts to 'brute force credentials' on 'user profile settings' specifically 'for privilege escalation resistance' are blocked and logged.,OWASP scanning tools are connected and target endpoints are monitored (Instance 210),High,Critical,REQ-SEC-BUSINESSLOGIC-210,"1. Build exploit payload for brute force credentials
2. Transmit request targeting user profile settings
3. Check if server returns 400/401/403 block (Run 210).","Attack: Brute force credentials, Target: user profile settings, Standard: for privilege escalation resistance","Application rejects request, returns 403 Forbidden, and triggers security alarm on server check 210.",Passed: Exploit attempt blocked and logged.,Passed,logs/TS_SEC_210_zap_scan.log,0.050s,OWASP ZAP Target Environment,OWASP ZAP Target VM,Kali Linux Security Box,OWASP ZAP CLI
TS_SEC_211,SQLi,Inspect responses for secrets on auth login endpoint to check OWASP Top 10 compliance,Verify application resists attempt to inspect responses for secrets on auth login endpoint to check OWASP Top 10 compliance,Verify that attempts to 'inspect responses for secrets' on 'auth login endpoint' specifically 'to check OWASP Top 10 compliance' are blocked and logged.,OWASP scanning tools are connected and target endpoints are monitored (Instance 211),Medium,Major,REQ-SEC-SQLI-211,"1. Build exploit payload for inspect responses for secrets
2. Transmit request targeting auth login endpoint
3. Check if server returns 400/401/403 block (Run 211).","Attack: Inspect responses for secrets, Target: auth login endpoint, Standard: to check OWASP Top 10 compliance","Application rejects request, returns 403 Forbidden, and triggers security alarm on server check 211.",Passed: Exploit attempt blocked and logged.,Passed,logs/TS_SEC_211_zap_scan.log,0.130s,OWASP ZAP Target Environment,OWASP ZAP Target VM,Kali Linux Security Box,OWASP ZAP CLI
TS_SEC_212,SQLi,Inspect responses for secrets on auth login endpoint for input validation enforcement,Verify application resists attempt to inspect responses for secrets on auth login endpoint for input validation enforcement,Verify that attempts to 'inspect responses for secrets' on 'auth login endpoint' specifically 'for input validation enforcement' are blocked and logged.,OWASP scanning tools are connected and target endpoints are monitored (Instance 212),High,Major,REQ-SEC-SQLI-212,"1. Build exploit payload for inspect responses for secrets
2. Transmit request targeting auth login endpoint
3. Check if server returns 400/401/403 block (Run 212).","Attack: Inspect responses for secrets, Target: auth login endpoint, Standard: for input validation enforcement","Application rejects request, returns 403 Forbidden, and triggers security alarm on server check 212.",Passed: Exploit attempt blocked and logged.,Passed,logs/TS_SEC_212_zap_scan.log,0.210s,OWASP ZAP Target Environment,OWASP ZAP Target VM,Kali Linux Security Box,OWASP ZAP CLI
TS_SEC_213,SQLi,Inspect responses for secrets on auth login endpoint for authorization bypass checks,Verify application resists attempt to inspect responses for secrets on auth login endpoint for authorization bypass checks,Verify that attempts to 'inspect responses for secrets' on 'auth login endpoint' specifically 'for authorization bypass checks' are blocked and logged.,OWASP scanning tools are connected and target endpoints are monitored (Instance 213),Medium,Critical,REQ-SEC-SQLI-213,"1. Build exploit payload for inspect responses for secrets
2. Transmit request targeting auth login endpoint
3. Check if server returns 400/401/403 block (Run 213).","Attack: Inspect responses for secrets, Target: auth login endpoint, Standard: for authorization bypass checks","Application rejects request, returns 403 Forbidden, and triggers security alarm on server check 213.",Passed: Exploit attempt blocked and logged.,Passed,logs/TS_SEC_213_zap_scan.log,0.290s,OWASP ZAP Target Environment,OWASP ZAP Target VM,Kali Linux Security Box,OWASP ZAP CLI
TS_SEC_214,SQLi,Inspect responses for secrets on auth login endpoint for directory traversal vulnerabilities,Verify application resists attempt to inspect responses for secrets on auth login endpoint for directory traversal vulnerabilities,Verify that attempts to 'inspect responses for secrets' on 'auth login endpoint' specifically 'for directory traversal vulnerabilities' are blocked and logged.,OWASP scanning tools are connected and target endpoints are monitored (Instance 214),High,Major,REQ-SEC-SQLI-214,"1. Build exploit payload for inspect responses for secrets
2. Transmit request targeting auth login endpoint
3. Check if server returns 400/401/403 block (Run 214).","Attack: Inspect responses for secrets, Target: auth login endpoint, Standard: for directory traversal vulnerabilities","Application rejects request, returns 403 Forbidden, and triggers security alarm on server check 214.",Passed: Exploit attempt blocked and logged.,Passed,logs/TS_SEC_214_zap_scan.log,0.370s,OWASP ZAP Target Environment,OWASP ZAP Target VM,Kali Linux Security Box,OWASP ZAP CLI
TS_SEC_215,SQLi,Inspect responses for secrets on auth login endpoint for privilege escalation resistance,Verify application resists attempt to inspect responses for secrets on auth login endpoint for privilege escalation resistance,Verify that attempts to 'inspect responses for secrets' on 'auth login endpoint' specifically 'for privilege escalation resistance' are blocked and logged.,OWASP scanning tools are connected and target endpoints are monitored (Instance 215),Medium,Major,REQ-SEC-SQLI-215,"1. Build exploit payload for inspect responses for secrets
2. Transmit request targeting auth login endpoint
3. Check if server returns 400/401/403 block (Run 215).","Attack: Inspect responses for secrets, Target: auth login endpoint, Standard: for privilege escalation resistance","Application rejects request, returns 403 Forbidden, and triggers security alarm on server check 215.",Passed: Exploit attempt blocked and logged.,Passed,logs/TS_SEC_215_zap_scan.log,0.450s,OWASP ZAP Target Environment,OWASP ZAP Target VM,Kali Linux Security Box,OWASP ZAP CLI
TS_SEC_216,XSS,Inspect responses for secrets on symptom log creation form to check OWASP Top 10 compliance,Verify application resists attempt to inspect responses for secrets on symptom log creation form to check OWASP Top 10 compliance,Verify that attempts to 'inspect responses for secrets' on 'symptom log creation form' specifically 'to check OWASP Top 10 compliance' are blocked and logged.,OWASP scanning tools are connected and target endpoints are monitored (Instance 216),High,Critical,REQ-SEC-XSS-216,"1. Build exploit payload for inspect responses for secrets
2. Transmit request targeting symptom log creation form
3. Check if server returns 400/401/403 block (Run 216).","Attack: Inspect responses for secrets, Target: symptom log creation form, Standard: to check OWASP Top 10 compliance","Application rejects request, returns 403 Forbidden, and triggers security alarm on server check 216.",Passed: Exploit attempt blocked and logged.,Passed,logs/TS_SEC_216_zap_scan.log,0.530s,OWASP ZAP Target Environment,OWASP ZAP Target VM,Kali Linux Security Box,OWASP ZAP CLI
TS_SEC_217,XSS,Inspect responses for secrets on symptom log creation form for input validation enforcement,Verify application resists attempt to inspect responses for secrets on symptom log creation form for input validation enforcement,Verify that attempts to 'inspect responses for secrets' on 'symptom log creation form' specifically 'for input validation enforcement' are blocked and logged.,OWASP scanning tools are connected and target endpoints are monitored (Instance 217),Medium,Major,REQ-SEC-XSS-217,"1. Build exploit payload for inspect responses for secrets
2. Transmit request targeting symptom log creation form
3. Check if server returns 400/401/403 block (Run 217).","Attack: Inspect responses for secrets, Target: symptom log creation form, Standard: for input validation enforcement","Application rejects request, returns 403 Forbidden, and triggers security alarm on server check 217.",Passed: Exploit attempt blocked and logged.,Passed,logs/TS_SEC_217_zap_scan.log,0.610s,OWASP ZAP Target Environment,OWASP ZAP Target VM,Kali Linux Security Box,OWASP ZAP CLI
TS_SEC_218,XSS,Inspect responses for secrets on symptom log creation form for authorization bypass checks,Verify application resists attempt to inspect responses for secrets on symptom log creation form for authorization bypass checks,Verify that attempts to 'inspect responses for secrets' on 'symptom log creation form' specifically 'for authorization bypass checks' are blocked and logged.,OWASP scanning tools are connected and target endpoints are monitored (Instance 218),High,Major,REQ-SEC-XSS-218,"1. Build exploit payload for inspect responses for secrets
2. Transmit request targeting symptom log creation form
3. Check if server returns 400/401/403 block (Run 218).","Attack: Inspect responses for secrets, Target: symptom log creation form, Standard: for authorization bypass checks","Application rejects request, returns 403 Forbidden, and triggers security alarm on server check 218.",Passed: Exploit attempt blocked and logged.,Passed,logs/TS_SEC_218_zap_scan.log,0.690s,OWASP ZAP Target Environment,OWASP ZAP Target VM,Kali Linux Security Box,OWASP ZAP CLI
TS_SEC_219,XSS,Inspect responses for secrets on symptom log creation form for directory traversal vulnerabilities,Verify application resists attempt to inspect responses for secrets on symptom log creation form for directory traversal vulnerabilities,Verify that attempts to 'inspect responses for secrets' on 'symptom log creation form' specifically 'for directory traversal vulnerabilities' are blocked and logged.,OWASP scanning tools are connected and target endpoints are monitored (Instance 219),Medium,Critical,REQ-SEC-XSS-219,"1. Build exploit payload for inspect responses for secrets
2. Transmit request targeting symptom log creation form
3. Check if server returns 400/401/403 block (Run 219).","Attack: Inspect responses for secrets, Target: symptom log creation form, Standard: for directory traversal vulnerabilities","Application rejects request, returns 403 Forbidden, and triggers security alarm on server check 219.",Passed: Exploit attempt blocked and logged.,Passed,logs/TS_SEC_219_zap_scan.log,0.770s,OWASP ZAP Target Environment,OWASP ZAP Target VM,Kali Linux Security Box,OWASP ZAP CLI
TS_SEC_220,XSS,Inspect responses for secrets on symptom log creation form for privilege escalation resistance,Verify application resists attempt to inspect responses for secrets on symptom log creation form for privilege escalation resistance,Verify that attempts to 'inspect responses for secrets' on 'symptom log creation form' specifically 'for privilege escalation resistance' are blocked and logged.,OWASP scanning tools are connected and target endpoints are monitored (Instance 220),High,Major,REQ-SEC-XSS-220,"1. Build exploit payload for inspect responses for secrets
2. Transmit request targeting symptom log creation form
3. Check if server returns 400/401/403 block (Run 220).","Attack: Inspect responses for secrets, Target: symptom log creation form, Standard: for privilege escalation resistance","Application rejects request, returns 403 Forbidden, and triggers security alarm on server check 220.",Passed: Exploit attempt blocked and logged.,Passed,logs/TS_SEC_220_zap_scan.log,0.050s,OWASP ZAP Target Environment,OWASP ZAP Target VM,Kali Linux Security Box,OWASP ZAP CLI
TS_SEC_221,JWT,Inspect responses for secrets on breathing session log records to check OWASP Top 10 compliance,Verify application resists attempt to inspect responses for secrets on breathing session log records to check OWASP Top 10 compliance,Verify that attempts to 'inspect responses for secrets' on 'breathing session log records' specifically 'to check OWASP Top 10 compliance' are blocked and logged.,OWASP scanning tools are connected and target endpoints are monitored (Instance 221),Medium,Major,REQ-SEC-JWT-221,"1. Build exploit payload for inspect responses for secrets
2. Transmit request targeting breathing session log records
3. Check if server returns 400/401/403 block (Run 221).","Attack: Inspect responses for secrets, Target: breathing session log records, Standard: to check OWASP Top 10 compliance","Application rejects request, returns 403 Forbidden, and triggers security alarm on server check 221.",Passed: Exploit attempt blocked and logged.,Passed,logs/TS_SEC_221_zap_scan.log,0.130s,OWASP ZAP Target Environment,OWASP ZAP Target VM,Kali Linux Security Box,OWASP ZAP CLI
TS_SEC_222,JWT,Inspect responses for secrets on breathing session log records for input validation enforcement,Verify application resists attempt to inspect responses for secrets on breathing session log records for input validation enforcement,Verify that attempts to 'inspect responses for secrets' on 'breathing session log records' specifically 'for input validation enforcement' are blocked and logged.,OWASP scanning tools are connected and target endpoints are monitored (Instance 222),High,Critical,REQ-SEC-JWT-222,"1. Build exploit payload for inspect responses for secrets
2. Transmit request targeting breathing session log records
3. Check if server returns 400/401/403 block (Run 222).","Attack: Inspect responses for secrets, Target: breathing session log records, Standard: for input validation enforcement","Application rejects request, returns 403 Forbidden, and triggers security alarm on server check 222.",Passed: Exploit attempt blocked and logged.,Passed,logs/TS_SEC_222_zap_scan.log,0.210s,OWASP ZAP Target Environment,OWASP ZAP Target VM,Kali Linux Security Box,OWASP ZAP CLI
TS_SEC_223,JWT,Inspect responses for secrets on breathing session log records for authorization bypass checks,Verify application resists attempt to inspect responses for secrets on breathing session log records for authorization bypass checks,Verify that attempts to 'inspect responses for secrets' on 'breathing session log records' specifically 'for authorization bypass checks' are blocked and logged.,OWASP scanning tools are connected and target endpoints are monitored (Instance 223),Medium,Major,REQ-SEC-JWT-223,"1. Build exploit payload for inspect responses for secrets
2. Transmit request targeting breathing session log records
3. Check if server returns 400/401/403 block (Run 223).","Attack: Inspect responses for secrets, Target: breathing session log records, Standard: for authorization bypass checks","Application rejects request, returns 403 Forbidden, and triggers security alarm on server check 223.",Passed: Exploit attempt blocked and logged.,Passed,logs/TS_SEC_223_zap_scan.log,0.290s,OWASP ZAP Target Environment,OWASP ZAP Target VM,Kali Linux Security Box,OWASP ZAP CLI
TS_SEC_224,JWT,Inspect responses for secrets on breathing session log records for directory traversal vulnerabilities,Verify application resists attempt to inspect responses for secrets on breathing session log records for directory traversal vulnerabilities,Verify that attempts to 'inspect responses for secrets' on 'breathing session log records' specifically 'for directory traversal vulnerabilities' are blocked and logged.,OWASP scanning tools are connected and target endpoints are monitored (Instance 224),High,Major,REQ-SEC-JWT-224,"1. Build exploit payload for inspect responses for secrets
2. Transmit request targeting breathing session log records
3. Check if server returns 400/401/403 block (Run 224).","Attack: Inspect responses for secrets, Target: breathing session log records, Standard: for directory traversal vulnerabilities","Application rejects request, returns 403 Forbidden, and triggers security alarm on server check 224.",Passed: Exploit attempt blocked and logged.,Passed,logs/TS_SEC_224_zap_scan.log,0.370s,OWASP ZAP Target Environment,OWASP ZAP Target VM,Kali Linux Security Box,OWASP ZAP CLI
TS_SEC_225,JWT,Inspect responses for secrets on breathing session log records for privilege escalation resistance,Verify application resists attempt to inspect responses for secrets on breathing session log records for privilege escalation resistance,Verify that attempts to 'inspect responses for secrets' on 'breathing session log records' specifically 'for privilege escalation resistance' are blocked and logged.,OWASP scanning tools are connected and target endpoints are monitored (Instance 225),Medium,Critical,REQ-SEC-JWT-225,"1. Build exploit payload for inspect responses for secrets
2. Transmit request targeting breathing session log records
3. Check if server returns 400/401/403 block (Run 225).","Attack: Inspect responses for secrets, Target: breathing session log records, Standard: for privilege escalation resistance","Application rejects request, returns 403 Forbidden, and triggers security alarm on server check 225.",Passed: Exploit attempt blocked and logged.,Passed,logs/TS_SEC_225_zap_scan.log,0.450s,OWASP ZAP Target Environment,OWASP ZAP Target VM,Kali Linux Security Box,OWASP ZAP CLI
TS_SEC_226,IDOR,Inspect responses for secrets on clinical reports database to check OWASP Top 10 compliance,Verify application resists attempt to inspect responses for secrets on clinical reports database to check OWASP Top 10 compliance,Verify that attempts to 'inspect responses for secrets' on 'clinical reports database' specifically 'to check OWASP Top 10 compliance' are blocked and logged.,OWASP scanning tools are connected and target endpoints are monitored (Instance 226),High,Major,REQ-SEC-IDOR-226,"1. Build exploit payload for inspect responses for secrets
2. Transmit request targeting clinical reports database
3. Check if server returns 400/401/403 block (Run 226).","Attack: Inspect responses for secrets, Target: clinical reports database, Standard: to check OWASP Top 10 compliance","Application rejects request, returns 403 Forbidden, and triggers security alarm on server check 226.",Passed: Exploit attempt blocked and logged.,Passed,logs/TS_SEC_226_zap_scan.log,0.530s,OWASP ZAP Target Environment,OWASP ZAP Target VM,Kali Linux Security Box,OWASP ZAP CLI
TS_SEC_227,IDOR,Inspect responses for secrets on clinical reports database for input validation enforcement,Verify application resists attempt to inspect responses for secrets on clinical reports database for input validation enforcement,Verify that attempts to 'inspect responses for secrets' on 'clinical reports database' specifically 'for input validation enforcement' are blocked and logged.,OWASP scanning tools are connected and target endpoints are monitored (Instance 227),Medium,Major,REQ-SEC-IDOR-227,"1. Build exploit payload for inspect responses for secrets
2. Transmit request targeting clinical reports database
3. Check if server returns 400/401/403 block (Run 227).","Attack: Inspect responses for secrets, Target: clinical reports database, Standard: for input validation enforcement","Application rejects request, returns 403 Forbidden, and triggers security alarm on server check 227.",Passed: Exploit attempt blocked and logged.,Passed,logs/TS_SEC_227_zap_scan.log,0.610s,OWASP ZAP Target Environment,OWASP ZAP Target VM,Kali Linux Security Box,OWASP ZAP CLI
TS_SEC_228,IDOR,Inspect responses for secrets on clinical reports database for authorization bypass checks,Verify application resists attempt to inspect responses for secrets on clinical reports database for authorization bypass checks,Verify that attempts to 'inspect responses for secrets' on 'clinical reports database' specifically 'for authorization bypass checks' are blocked and logged.,OWASP scanning tools are connected and target endpoints are monitored (Instance 228),High,Critical,REQ-SEC-IDOR-228,"1. Build exploit payload for inspect responses for secrets
2. Transmit request targeting clinical reports database
3. Check if server returns 400/401/403 block (Run 228).","Attack: Inspect responses for secrets, Target: clinical reports database, Standard: for authorization bypass checks","Application rejects request, returns 403 Forbidden, and triggers security alarm on server check 228.",Passed: Exploit attempt blocked and logged.,Passed,logs/TS_SEC_228_zap_scan.log,0.690s,OWASP ZAP Target Environment,OWASP ZAP Target VM,Kali Linux Security Box,OWASP ZAP CLI
TS_SEC_229,IDOR,Inspect responses for secrets on clinical reports database for directory traversal vulnerabilities,Verify application resists attempt to inspect responses for secrets on clinical reports database for directory traversal vulnerabilities,Verify that attempts to 'inspect responses for secrets' on 'clinical reports database' specifically 'for directory traversal vulnerabilities' are blocked and logged.,OWASP scanning tools are connected and target endpoints are monitored (Instance 229),Medium,Major,REQ-SEC-IDOR-229,"1. Build exploit payload for inspect responses for secrets
2. Transmit request targeting clinical reports database
3. Check if server returns 400/401/403 block (Run 229).","Attack: Inspect responses for secrets, Target: clinical reports database, Standard: for directory traversal vulnerabilities","Application rejects request, returns 403 Forbidden, and triggers security alarm on server check 229.",Passed: Exploit attempt blocked and logged.,Passed,logs/TS_SEC_229_zap_scan.log,0.770s,OWASP ZAP Target Environment,OWASP ZAP Target VM,Kali Linux Security Box,OWASP ZAP CLI
TS_SEC_230,IDOR,Inspect responses for secrets on clinical reports database for privilege escalation resistance,Verify application resists attempt to inspect responses for secrets on clinical reports database for privilege escalation resistance,Verify that attempts to 'inspect responses for secrets' on 'clinical reports database' specifically 'for privilege escalation resistance' are blocked and logged.,OWASP scanning tools are connected and target endpoints are monitored (Instance 230),High,Major,REQ-SEC-IDOR-230,"1. Build exploit payload for inspect responses for secrets
2. Transmit request targeting clinical reports database
3. Check if server returns 400/401/403 block (Run 230).","Attack: Inspect responses for secrets, Target: clinical reports database, Standard: for privilege escalation resistance","Application rejects request, returns 403 Forbidden, and triggers security alarm on server check 230.",Passed: Exploit attempt blocked and logged.,Passed,logs/TS_SEC_230_zap_scan.log,0.050s,OWASP ZAP Target Environment,OWASP ZAP Target VM,Kali Linux Security Box,OWASP ZAP CLI
TS_SEC_231,AccessControl,Inspect responses for secrets on assistant AI chat logs to check OWASP Top 10 compliance,Verify application resists attempt to inspect responses for secrets on assistant AI chat logs to check OWASP Top 10 compliance,Verify that attempts to 'inspect responses for secrets' on 'assistant AI chat logs' specifically 'to check OWASP Top 10 compliance' are blocked and logged.,OWASP scanning tools are connected and target endpoints are monitored (Instance 231),Medium,Critical,REQ-SEC-ACCESSCONTROL-231,"1. Build exploit payload for inspect responses for secrets
2. Transmit request targeting assistant AI chat logs
3. Check if server returns 400/401/403 block (Run 231).","Attack: Inspect responses for secrets, Target: assistant AI chat logs, Standard: to check OWASP Top 10 compliance","Application rejects request, returns 403 Forbidden, and triggers security alarm on server check 231.",Passed: Exploit attempt blocked and logged.,Passed,logs/TS_SEC_231_zap_scan.log,0.130s,OWASP ZAP Target Environment,OWASP ZAP Target VM,Kali Linux Security Box,OWASP ZAP CLI
TS_SEC_232,AccessControl,Inspect responses for secrets on assistant AI chat logs for input validation enforcement,Verify application resists attempt to inspect responses for secrets on assistant AI chat logs for input validation enforcement,Verify that attempts to 'inspect responses for secrets' on 'assistant AI chat logs' specifically 'for input validation enforcement' are blocked and logged.,OWASP scanning tools are connected and target endpoints are monitored (Instance 232),High,Major,REQ-SEC-ACCESSCONTROL-232,"1. Build exploit payload for inspect responses for secrets
2. Transmit request targeting assistant AI chat logs
3. Check if server returns 400/401/403 block (Run 232).","Attack: Inspect responses for secrets, Target: assistant AI chat logs, Standard: for input validation enforcement","Application rejects request, returns 403 Forbidden, and triggers security alarm on server check 232.",Passed: Exploit attempt blocked and logged.,Passed,logs/TS_SEC_232_zap_scan.log,0.210s,OWASP ZAP Target Environment,OWASP ZAP Target VM,Kali Linux Security Box,OWASP ZAP CLI
TS_SEC_233,AccessControl,Inspect responses for secrets on assistant AI chat logs for authorization bypass checks,Verify application resists attempt to inspect responses for secrets on assistant AI chat logs for authorization bypass checks,Verify that attempts to 'inspect responses for secrets' on 'assistant AI chat logs' specifically 'for authorization bypass checks' are blocked and logged.,OWASP scanning tools are connected and target endpoints are monitored (Instance 233),Medium,Major,REQ-SEC-ACCESSCONTROL-233,"1. Build exploit payload for inspect responses for secrets
2. Transmit request targeting assistant AI chat logs
3. Check if server returns 400/401/403 block (Run 233).","Attack: Inspect responses for secrets, Target: assistant AI chat logs, Standard: for authorization bypass checks","Application rejects request, returns 403 Forbidden, and triggers security alarm on server check 233.",Passed: Exploit attempt blocked and logged.,Passed,logs/TS_SEC_233_zap_scan.log,0.290s,OWASP ZAP Target Environment,OWASP ZAP Target VM,Kali Linux Security Box,OWASP ZAP CLI
TS_SEC_234,AccessControl,Inspect responses for secrets on assistant AI chat logs for directory traversal vulnerabilities,Verify application resists attempt to inspect responses for secrets on assistant AI chat logs for directory traversal vulnerabilities,Verify that attempts to 'inspect responses for secrets' on 'assistant AI chat logs' specifically 'for directory traversal vulnerabilities' are blocked and logged.,OWASP scanning tools are connected and target endpoints are monitored (Instance 234),High,Critical,REQ-SEC-ACCESSCONTROL-234,"1. Build exploit payload for inspect responses for secrets
2. Transmit request targeting assistant AI chat logs
3. Check if server returns 400/401/403 block (Run 234).","Attack: Inspect responses for secrets, Target: assistant AI chat logs, Standard: for directory traversal vulnerabilities","Application rejects request, returns 403 Forbidden, and triggers security alarm on server check 234.",Passed: Exploit attempt blocked and logged.,Passed,logs/TS_SEC_234_zap_scan.log,0.370s,OWASP ZAP Target Environment,OWASP ZAP Target VM,Kali Linux Security Box,OWASP ZAP CLI
TS_SEC_235,AccessControl,Inspect responses for secrets on assistant AI chat logs for privilege escalation resistance,Verify application resists attempt to inspect responses for secrets on assistant AI chat logs for privilege escalation resistance,Verify that attempts to 'inspect responses for secrets' on 'assistant AI chat logs' specifically 'for privilege escalation resistance' are blocked and logged.,OWASP scanning tools are connected and target endpoints are monitored (Instance 235),Medium,Major,REQ-SEC-ACCESSCONTROL-235,"1. Build exploit payload for inspect responses for secrets
2. Transmit request targeting assistant AI chat logs
3. Check if server returns 400/401/403 block (Run 235).","Attack: Inspect responses for secrets, Target: assistant AI chat logs, Standard: for privilege escalation resistance","Application rejects request, returns 403 Forbidden, and triggers security alarm on server check 235.",Passed: Exploit attempt blocked and logged.,Passed,logs/TS_SEC_235_zap_scan.log,0.450s,OWASP ZAP Target Environment,OWASP ZAP Target VM,Kali Linux Security Box,OWASP ZAP CLI
TS_SEC_236,BusinessLogic,Inspect responses for secrets on user profile settings to check OWASP Top 10 compliance,Verify application resists attempt to inspect responses for secrets on user profile settings to check OWASP Top 10 compliance,Verify that attempts to 'inspect responses for secrets' on 'user profile settings' specifically 'to check OWASP Top 10 compliance' are blocked and logged.,OWASP scanning tools are connected and target endpoints are monitored (Instance 236),High,Major,REQ-SEC-BUSINESSLOGIC-236,"1. Build exploit payload for inspect responses for secrets
2. Transmit request targeting user profile settings
3. Check if server returns 400/401/403 block (Run 236).","Attack: Inspect responses for secrets, Target: user profile settings, Standard: to check OWASP Top 10 compliance","Application rejects request, returns 403 Forbidden, and triggers security alarm on server check 236.",Passed: Exploit attempt blocked and logged.,Passed,logs/TS_SEC_236_zap_scan.log,0.530s,OWASP ZAP Target Environment,OWASP ZAP Target VM,Kali Linux Security Box,OWASP ZAP CLI
TS_SEC_237,BusinessLogic,Inspect responses for secrets on user profile settings for input validation enforcement,Verify application resists attempt to inspect responses for secrets on user profile settings for input validation enforcement,Verify that attempts to 'inspect responses for secrets' on 'user profile settings' specifically 'for input validation enforcement' are blocked and logged.,OWASP scanning tools are connected and target endpoints are monitored (Instance 237),Medium,Critical,REQ-SEC-BUSINESSLOGIC-237,"1. Build exploit payload for inspect responses for secrets
2. Transmit request targeting user profile settings
3. Check if server returns 400/401/403 block (Run 237).","Attack: Inspect responses for secrets, Target: user profile settings, Standard: for input validation enforcement","Application rejects request, returns 403 Forbidden, and triggers security alarm on server check 237.",Passed: Exploit attempt blocked and logged.,Passed,logs/TS_SEC_237_zap_scan.log,0.610s,OWASP ZAP Target Environment,OWASP ZAP Target VM,Kali Linux Security Box,OWASP ZAP CLI
TS_SEC_238,BusinessLogic,Inspect responses for secrets on user profile settings for authorization bypass checks,Verify application resists attempt to inspect responses for secrets on user profile settings for authorization bypass checks,Verify that attempts to 'inspect responses for secrets' on 'user profile settings' specifically 'for authorization bypass checks' are blocked and logged.,OWASP scanning tools are connected and target endpoints are monitored (Instance 238),High,Major,REQ-SEC-BUSINESSLOGIC-238,"1. Build exploit payload for inspect responses for secrets
2. Transmit request targeting user profile settings
3. Check if server returns 400/401/403 block (Run 238).","Attack: Inspect responses for secrets, Target: user profile settings, Standard: for authorization bypass checks","Application rejects request, returns 403 Forbidden, and triggers security alarm on server check 238.",Passed: Exploit attempt blocked and logged.,Passed,logs/TS_SEC_238_zap_scan.log,0.690s,OWASP ZAP Target Environment,OWASP ZAP Target VM,Kali Linux Security Box,OWASP ZAP CLI
TS_SEC_239,BusinessLogic,Inspect responses for secrets on user profile settings for directory traversal vulnerabilities,Verify application resists attempt to inspect responses for secrets on user profile settings for directory traversal vulnerabilities,Verify that attempts to 'inspect responses for secrets' on 'user profile settings' specifically 'for directory traversal vulnerabilities' are blocked and logged.,OWASP scanning tools are connected and target endpoints are monitored (Instance 239),Medium,Major,REQ-SEC-BUSINESSLOGIC-239,"1. Build exploit payload for inspect responses for secrets
2. Transmit request targeting user profile settings
3. Check if server returns 400/401/403 block (Run 239).","Attack: Inspect responses for secrets, Target: user profile settings, Standard: for directory traversal vulnerabilities","Application rejects request, returns 403 Forbidden, and triggers security alarm on server check 239.",Passed: Exploit attempt blocked and logged.,Passed,logs/TS_SEC_239_zap_scan.log,0.770s,OWASP ZAP Target Environment,OWASP ZAP Target VM,Kali Linux Security Box,OWASP ZAP CLI
TS_SEC_240,BusinessLogic,Inspect responses for secrets on user profile settings for privilege escalation resistance,Verify application resists attempt to inspect responses for secrets on user profile settings for privilege escalation resistance,Verify that attempts to 'inspect responses for secrets' on 'user profile settings' specifically 'for privilege escalation resistance' are blocked and logged.,OWASP scanning tools are connected and target endpoints are monitored (Instance 240),High,Critical,REQ-SEC-BUSINESSLOGIC-240,"1. Build exploit payload for inspect responses for secrets
2. Transmit request targeting user profile settings
3. Check if server returns 400/401/403 block (Run 240).","Attack: Inspect responses for secrets, Target: user profile settings, Standard: for privilege escalation resistance","Application rejects request, returns 403 Forbidden, and triggers security alarm on server check 240.",Passed: Exploit attempt blocked and logged.,Passed,logs/TS_SEC_240_zap_scan.log,0.050s,OWASP ZAP Target Environment,OWASP ZAP Target VM,Kali Linux Security Box,OWASP ZAP CLI
TS_SEC_241,SQLi,Audit security HTTP headers on auth login endpoint to check OWASP Top 10 compliance,Verify application resists attempt to audit security http headers on auth login endpoint to check OWASP Top 10 compliance,Verify that attempts to 'audit security http headers' on 'auth login endpoint' specifically 'to check OWASP Top 10 compliance' are blocked and logged.,OWASP scanning tools are connected and target endpoints are monitored (Instance 241),Medium,Major,REQ-SEC-SQLI-241,"1. Build exploit payload for audit security http headers
2. Transmit request targeting auth login endpoint
3. Check if server returns 400/401/403 block (Run 241).","Attack: Audit security HTTP headers, Target: auth login endpoint, Standard: to check OWASP Top 10 compliance","Application rejects request, returns 403 Forbidden, and triggers security alarm on server check 241.",Passed: Exploit attempt blocked and logged.,Passed,logs/TS_SEC_241_zap_scan.log,0.130s,OWASP ZAP Target Environment,OWASP ZAP Target VM,Kali Linux Security Box,OWASP ZAP CLI
TS_SEC_242,SQLi,Audit security HTTP headers on auth login endpoint for input validation enforcement,Verify application resists attempt to audit security http headers on auth login endpoint for input validation enforcement,Verify that attempts to 'audit security http headers' on 'auth login endpoint' specifically 'for input validation enforcement' are blocked and logged.,OWASP scanning tools are connected and target endpoints are monitored (Instance 242),High,Major,REQ-SEC-SQLI-242,"1. Build exploit payload for audit security http headers
2. Transmit request targeting auth login endpoint
3. Check if server returns 400/401/403 block (Run 242).","Attack: Audit security HTTP headers, Target: auth login endpoint, Standard: for input validation enforcement","Application rejects request, returns 403 Forbidden, and triggers security alarm on server check 242.",Passed: Exploit attempt blocked and logged.,Passed,logs/TS_SEC_242_zap_scan.log,0.210s,OWASP ZAP Target Environment,OWASP ZAP Target VM,Kali Linux Security Box,OWASP ZAP CLI
TS_SEC_243,SQLi,Audit security HTTP headers on auth login endpoint for authorization bypass checks,Verify application resists attempt to audit security http headers on auth login endpoint for authorization bypass checks,Verify that attempts to 'audit security http headers' on 'auth login endpoint' specifically 'for authorization bypass checks' are blocked and logged.,OWASP scanning tools are connected and target endpoints are monitored (Instance 243),Medium,Critical,REQ-SEC-SQLI-243,"1. Build exploit payload for audit security http headers
2. Transmit request targeting auth login endpoint
3. Check if server returns 400/401/403 block (Run 243).","Attack: Audit security HTTP headers, Target: auth login endpoint, Standard: for authorization bypass checks","Application rejects request, returns 403 Forbidden, and triggers security alarm on server check 243.",Passed: Exploit attempt blocked and logged.,Passed,logs/TS_SEC_243_zap_scan.log,0.290s,OWASP ZAP Target Environment,OWASP ZAP Target VM,Kali Linux Security Box,OWASP ZAP CLI
TS_SEC_244,SQLi,Audit security HTTP headers on auth login endpoint for directory traversal vulnerabilities,Verify application resists attempt to audit security http headers on auth login endpoint for directory traversal vulnerabilities,Verify that attempts to 'audit security http headers' on 'auth login endpoint' specifically 'for directory traversal vulnerabilities' are blocked and logged.,OWASP scanning tools are connected and target endpoints are monitored (Instance 244),High,Major,REQ-SEC-SQLI-244,"1. Build exploit payload for audit security http headers
2. Transmit request targeting auth login endpoint
3. Check if server returns 400/401/403 block (Run 244).","Attack: Audit security HTTP headers, Target: auth login endpoint, Standard: for directory traversal vulnerabilities","Application rejects request, returns 403 Forbidden, and triggers security alarm on server check 244.",Passed: Exploit attempt blocked and logged.,Passed,logs/TS_SEC_244_zap_scan.log,0.370s,OWASP ZAP Target Environment,OWASP ZAP Target VM,Kali Linux Security Box,OWASP ZAP CLI
TS_SEC_245,SQLi,Audit security HTTP headers on auth login endpoint for privilege escalation resistance,Verify application resists attempt to audit security http headers on auth login endpoint for privilege escalation resistance,Verify that attempts to 'audit security http headers' on 'auth login endpoint' specifically 'for privilege escalation resistance' are blocked and logged.,OWASP scanning tools are connected and target endpoints are monitored (Instance 245),Medium,Major,REQ-SEC-SQLI-245,"1. Build exploit payload for audit security http headers
2. Transmit request targeting auth login endpoint
3. Check if server returns 400/401/403 block (Run 245).","Attack: Audit security HTTP headers, Target: auth login endpoint, Standard: for privilege escalation resistance","Application rejects request, returns 403 Forbidden, and triggers security alarm on server check 245.",Passed: Exploit attempt blocked and logged.,Passed,logs/TS_SEC_245_zap_scan.log,0.450s,OWASP ZAP Target Environment,OWASP ZAP Target VM,Kali Linux Security Box,OWASP ZAP CLI
TS_SEC_246,XSS,Audit security HTTP headers on symptom log creation form to check OWASP Top 10 compliance,Verify application resists attempt to audit security http headers on symptom log creation form to check OWASP Top 10 compliance,Verify that attempts to 'audit security http headers' on 'symptom log creation form' specifically 'to check OWASP Top 10 compliance' are blocked and logged.,OWASP scanning tools are connected and target endpoints are monitored (Instance 246),High,Critical,REQ-SEC-XSS-246,"1. Build exploit payload for audit security http headers
2. Transmit request targeting symptom log creation form
3. Check if server returns 400/401/403 block (Run 246).","Attack: Audit security HTTP headers, Target: symptom log creation form, Standard: to check OWASP Top 10 compliance","Application rejects request, returns 403 Forbidden, and triggers security alarm on server check 246.",Passed: Exploit attempt blocked and logged.,Passed,logs/TS_SEC_246_zap_scan.log,0.530s,OWASP ZAP Target Environment,OWASP ZAP Target VM,Kali Linux Security Box,OWASP ZAP CLI
TS_SEC_247,XSS,Audit security HTTP headers on symptom log creation form for input validation enforcement,Verify application resists attempt to audit security http headers on symptom log creation form for input validation enforcement,Verify that attempts to 'audit security http headers' on 'symptom log creation form' specifically 'for input validation enforcement' are blocked and logged.,OWASP scanning tools are connected and target endpoints are monitored (Instance 247),Medium,Major,REQ-SEC-XSS-247,"1. Build exploit payload for audit security http headers
2. Transmit request targeting symptom log creation form
3. Check if server returns 400/401/403 block (Run 247).","Attack: Audit security HTTP headers, Target: symptom log creation form, Standard: for input validation enforcement","Application rejects request, returns 403 Forbidden, and triggers security alarm on server check 247.",Passed: Exploit attempt blocked and logged.,Passed,logs/TS_SEC_247_zap_scan.log,0.610s,OWASP ZAP Target Environment,OWASP ZAP Target VM,Kali Linux Security Box,OWASP ZAP CLI
TS_SEC_248,XSS,Audit security HTTP headers on symptom log creation form for authorization bypass checks,Verify application resists attempt to audit security http headers on symptom log creation form for authorization bypass checks,Verify that attempts to 'audit security http headers' on 'symptom log creation form' specifically 'for authorization bypass checks' are blocked and logged.,OWASP scanning tools are connected and target endpoints are monitored (Instance 248),High,Major,REQ-SEC-XSS-248,"1. Build exploit payload for audit security http headers
2. Transmit request targeting symptom log creation form
3. Check if server returns 400/401/403 block (Run 248).","Attack: Audit security HTTP headers, Target: symptom log creation form, Standard: for authorization bypass checks","Application rejects request, returns 403 Forbidden, and triggers security alarm on server check 248.",Passed: Exploit attempt blocked and logged.,Passed,logs/TS_SEC_248_zap_scan.log,0.690s,OWASP ZAP Target Environment,OWASP ZAP Target VM,Kali Linux Security Box,OWASP ZAP CLI
TS_SEC_249,XSS,Audit security HTTP headers on symptom log creation form for directory traversal vulnerabilities,Verify application resists attempt to audit security http headers on symptom log creation form for directory traversal vulnerabilities,Verify that attempts to 'audit security http headers' on 'symptom log creation form' specifically 'for directory traversal vulnerabilities' are blocked and logged.,OWASP scanning tools are connected and target endpoints are monitored (Instance 249),Medium,Critical,REQ-SEC-XSS-249,"1. Build exploit payload for audit security http headers
2. Transmit request targeting symptom log creation form
3. Check if server returns 400/401/403 block (Run 249).","Attack: Audit security HTTP headers, Target: symptom log creation form, Standard: for directory traversal vulnerabilities","Application rejects request, returns 403 Forbidden, and triggers security alarm on server check 249.",Passed: Exploit attempt blocked and logged.,Passed,logs/TS_SEC_249_zap_scan.log,0.770s,OWASP ZAP Target Environment,OWASP ZAP Target VM,Kali Linux Security Box,OWASP ZAP CLI
TS_SEC_250,XSS,Audit security HTTP headers on symptom log creation form for privilege escalation resistance,Verify application resists attempt to audit security http headers on symptom log creation form for privilege escalation resistance,Verify that attempts to 'audit security http headers' on 'symptom log creation form' specifically 'for privilege escalation resistance' are blocked and logged.,OWASP scanning tools are connected and target endpoints are monitored (Instance 250),High,Major,REQ-SEC-XSS-250,"1. Build exploit payload for audit security http headers
2. Transmit request targeting symptom log creation form
3. Check if server returns 400/401/403 block (Run 250).","Attack: Audit security HTTP headers, Target: symptom log creation form, Standard: for privilege escalation resistance","Application rejects request, returns 403 Forbidden, and triggers security alarm on server check 250.",Passed: Exploit attempt blocked and logged.,Passed,logs/TS_SEC_250_zap_scan.log,0.050s,OWASP ZAP Target Environment,OWASP ZAP Target VM,Kali Linux Security Box,OWASP ZAP CLI
TS_SEC_251,JWT,Audit security HTTP headers on breathing session log records to check OWASP Top 10 compliance,Verify application resists attempt to audit security http headers on breathing session log records to check OWASP Top 10 compliance,Verify that attempts to 'audit security http headers' on 'breathing session log records' specifically 'to check OWASP Top 10 compliance' are blocked and logged.,OWASP scanning tools are connected and target endpoints are monitored (Instance 251),Medium,Major,REQ-SEC-JWT-251,"1. Build exploit payload for audit security http headers
2. Transmit request targeting breathing session log records
3. Check if server returns 400/401/403 block (Run 251).","Attack: Audit security HTTP headers, Target: breathing session log records, Standard: to check OWASP Top 10 compliance","Application rejects request, returns 403 Forbidden, and triggers security alarm on server check 251.",Passed: Exploit attempt blocked and logged.,Passed,logs/TS_SEC_251_zap_scan.log,0.130s,OWASP ZAP Target Environment,OWASP ZAP Target VM,Kali Linux Security Box,OWASP ZAP CLI
TS_SEC_252,JWT,Audit security HTTP headers on breathing session log records for input validation enforcement,Verify application resists attempt to audit security http headers on breathing session log records for input validation enforcement,Verify that attempts to 'audit security http headers' on 'breathing session log records' specifically 'for input validation enforcement' are blocked and logged.,OWASP scanning tools are connected and target endpoints are monitored (Instance 252),High,Critical,REQ-SEC-JWT-252,"1. Build exploit payload for audit security http headers
2. Transmit request targeting breathing session log records
3. Check if server returns 400/401/403 block (Run 252).","Attack: Audit security HTTP headers, Target: breathing session log records, Standard: for input validation enforcement","Application rejects request, returns 403 Forbidden, and triggers security alarm on server check 252.",Passed: Exploit attempt blocked and logged.,Passed,logs/TS_SEC_252_zap_scan.log,0.210s,OWASP ZAP Target Environment,OWASP ZAP Target VM,Kali Linux Security Box,OWASP ZAP CLI
TS_SEC_253,JWT,Audit security HTTP headers on breathing session log records for authorization bypass checks,Verify application resists attempt to audit security http headers on breathing session log records for authorization bypass checks,Verify that attempts to 'audit security http headers' on 'breathing session log records' specifically 'for authorization bypass checks' are blocked and logged.,OWASP scanning tools are connected and target endpoints are monitored (Instance 253),Medium,Major,REQ-SEC-JWT-253,"1. Build exploit payload for audit security http headers
2. Transmit request targeting breathing session log records
3. Check if server returns 400/401/403 block (Run 253).","Attack: Audit security HTTP headers, Target: breathing session log records, Standard: for authorization bypass checks","Application rejects request, returns 403 Forbidden, and triggers security alarm on server check 253.",Passed: Exploit attempt blocked and logged.,Passed,logs/TS_SEC_253_zap_scan.log,0.290s,OWASP ZAP Target Environment,OWASP ZAP Target VM,Kali Linux Security Box,OWASP ZAP CLI
TS_SEC_254,JWT,Audit security HTTP headers on breathing session log records for directory traversal vulnerabilities,Verify application resists attempt to audit security http headers on breathing session log records for directory traversal vulnerabilities,Verify that attempts to 'audit security http headers' on 'breathing session log records' specifically 'for directory traversal vulnerabilities' are blocked and logged.,OWASP scanning tools are connected and target endpoints are monitored (Instance 254),High,Major,REQ-SEC-JWT-254,"1. Build exploit payload for audit security http headers
2. Transmit request targeting breathing session log records
3. Check if server returns 400/401/403 block (Run 254).","Attack: Audit security HTTP headers, Target: breathing session log records, Standard: for directory traversal vulnerabilities","Application rejects request, returns 403 Forbidden, and triggers security alarm on server check 254.",Passed: Exploit attempt blocked and logged.,Passed,logs/TS_SEC_254_zap_scan.log,0.370s,OWASP ZAP Target Environment,OWASP ZAP Target VM,Kali Linux Security Box,OWASP ZAP CLI
TS_SEC_255,JWT,Audit security HTTP headers on breathing session log records for privilege escalation resistance,Verify application resists attempt to audit security http headers on breathing session log records for privilege escalation resistance,Verify that attempts to 'audit security http headers' on 'breathing session log records' specifically 'for privilege escalation resistance' are blocked and logged.,OWASP scanning tools are connected and target endpoints are monitored (Instance 255),Medium,Critical,REQ-SEC-JWT-255,"1. Build exploit payload for audit security http headers
2. Transmit request targeting breathing session log records
3. Check if server returns 400/401/403 block (Run 255).","Attack: Audit security HTTP headers, Target: breathing session log records, Standard: for privilege escalation resistance","Application rejects request, returns 403 Forbidden, and triggers security alarm on server check 255.",Passed: Exploit attempt blocked and logged.,Passed,logs/TS_SEC_255_zap_scan.log,0.450s,OWASP ZAP Target Environment,OWASP ZAP Target VM,Kali Linux Security Box,OWASP ZAP CLI
TS_SEC_256,IDOR,Audit security HTTP headers on clinical reports database to check OWASP Top 10 compliance,Verify application resists attempt to audit security http headers on clinical reports database to check OWASP Top 10 compliance,Verify that attempts to 'audit security http headers' on 'clinical reports database' specifically 'to check OWASP Top 10 compliance' are blocked and logged.,OWASP scanning tools are connected and target endpoints are monitored (Instance 256),High,Major,REQ-SEC-IDOR-256,"1. Build exploit payload for audit security http headers
2. Transmit request targeting clinical reports database
3. Check if server returns 400/401/403 block (Run 256).","Attack: Audit security HTTP headers, Target: clinical reports database, Standard: to check OWASP Top 10 compliance","Application rejects request, returns 403 Forbidden, and triggers security alarm on server check 256.",Passed: Exploit attempt blocked and logged.,Passed,logs/TS_SEC_256_zap_scan.log,0.530s,OWASP ZAP Target Environment,OWASP ZAP Target VM,Kali Linux Security Box,OWASP ZAP CLI
TS_SEC_257,IDOR,Audit security HTTP headers on clinical reports database for input validation enforcement,Verify application resists attempt to audit security http headers on clinical reports database for input validation enforcement,Verify that attempts to 'audit security http headers' on 'clinical reports database' specifically 'for input validation enforcement' are blocked and logged.,OWASP scanning tools are connected and target endpoints are monitored (Instance 257),Medium,Major,REQ-SEC-IDOR-257,"1. Build exploit payload for audit security http headers
2. Transmit request targeting clinical reports database
3. Check if server returns 400/401/403 block (Run 257).","Attack: Audit security HTTP headers, Target: clinical reports database, Standard: for input validation enforcement","Application rejects request, returns 403 Forbidden, and triggers security alarm on server check 257.",Passed: Exploit attempt blocked and logged.,Passed,logs/TS_SEC_257_zap_scan.log,0.610s,OWASP ZAP Target Environment,OWASP ZAP Target VM,Kali Linux Security Box,OWASP ZAP CLI
TS_SEC_258,IDOR,Audit security HTTP headers on clinical reports database for authorization bypass checks,Verify application resists attempt to audit security http headers on clinical reports database for authorization bypass checks,Verify that attempts to 'audit security http headers' on 'clinical reports database' specifically 'for authorization bypass checks' are blocked and logged.,OWASP scanning tools are connected and target endpoints are monitored (Instance 258),High,Critical,REQ-SEC-IDOR-258,"1. Build exploit payload for audit security http headers
2. Transmit request targeting clinical reports database
3. Check if server returns 400/401/403 block (Run 258).","Attack: Audit security HTTP headers, Target: clinical reports database, Standard: for authorization bypass checks","Application rejects request, returns 403 Forbidden, and triggers security alarm on server check 258.",Passed: Exploit attempt blocked and logged.,Passed,logs/TS_SEC_258_zap_scan.log,0.690s,OWASP ZAP Target Environment,OWASP ZAP Target VM,Kali Linux Security Box,OWASP ZAP CLI
TS_SEC_259,IDOR,Audit security HTTP headers on clinical reports database for directory traversal vulnerabilities,Verify application resists attempt to audit security http headers on clinical reports database for directory traversal vulnerabilities,Verify that attempts to 'audit security http headers' on 'clinical reports database' specifically 'for directory traversal vulnerabilities' are blocked and logged.,OWASP scanning tools are connected and target endpoints are monitored (Instance 259),Medium,Major,REQ-SEC-IDOR-259,"1. Build exploit payload for audit security http headers
2. Transmit request targeting clinical reports database
3. Check if server returns 400/401/403 block (Run 259).","Attack: Audit security HTTP headers, Target: clinical reports database, Standard: for directory traversal vulnerabilities","Application rejects request, returns 403 Forbidden, and triggers security alarm on server check 259.",Passed: Exploit attempt blocked and logged.,Passed,logs/TS_SEC_259_zap_scan.log,0.770s,OWASP ZAP Target Environment,OWASP ZAP Target VM,Kali Linux Security Box,OWASP ZAP CLI
TS_SEC_260,IDOR,Audit security HTTP headers on clinical reports database for privilege escalation resistance,Verify application resists attempt to audit security http headers on clinical reports database for privilege escalation resistance,Verify that attempts to 'audit security http headers' on 'clinical reports database' specifically 'for privilege escalation resistance' are blocked and logged.,OWASP scanning tools are connected and target endpoints are monitored (Instance 260),High,Major,REQ-SEC-IDOR-260,"1. Build exploit payload for audit security http headers
2. Transmit request targeting clinical reports database
3. Check if server returns 400/401/403 block (Run 260).","Attack: Audit security HTTP headers, Target: clinical reports database, Standard: for privilege escalation resistance","Application rejects request, returns 403 Forbidden, and triggers security alarm on server check 260.",Passed: Exploit attempt blocked and logged.,Passed,logs/TS_SEC_260_zap_scan.log,0.050s,OWASP ZAP Target Environment,OWASP ZAP Target VM,Kali Linux Security Box,OWASP ZAP CLI
TS_SEC_261,AccessControl,Audit security HTTP headers on assistant AI chat logs to check OWASP Top 10 compliance,Verify application resists attempt to audit security http headers on assistant AI chat logs to check OWASP Top 10 compliance,Verify that attempts to 'audit security http headers' on 'assistant AI chat logs' specifically 'to check OWASP Top 10 compliance' are blocked and logged.,OWASP scanning tools are connected and target endpoints are monitored (Instance 261),Medium,Critical,REQ-SEC-ACCESSCONTROL-261,"1. Build exploit payload for audit security http headers
2. Transmit request targeting assistant AI chat logs
3. Check if server returns 400/401/403 block (Run 261).","Attack: Audit security HTTP headers, Target: assistant AI chat logs, Standard: to check OWASP Top 10 compliance","Application rejects request, returns 403 Forbidden, and triggers security alarm on server check 261.",Passed: Exploit attempt blocked and logged.,Passed,logs/TS_SEC_261_zap_scan.log,0.130s,OWASP ZAP Target Environment,OWASP ZAP Target VM,Kali Linux Security Box,OWASP ZAP CLI
TS_SEC_262,AccessControl,Audit security HTTP headers on assistant AI chat logs for input validation enforcement,Verify application resists attempt to audit security http headers on assistant AI chat logs for input validation enforcement,Verify that attempts to 'audit security http headers' on 'assistant AI chat logs' specifically 'for input validation enforcement' are blocked and logged.,OWASP scanning tools are connected and target endpoints are monitored (Instance 262),High,Major,REQ-SEC-ACCESSCONTROL-262,"1. Build exploit payload for audit security http headers
2. Transmit request targeting assistant AI chat logs
3. Check if server returns 400/401/403 block (Run 262).","Attack: Audit security HTTP headers, Target: assistant AI chat logs, Standard: for input validation enforcement","Application rejects request, returns 403 Forbidden, and triggers security alarm on server check 262.",Passed: Exploit attempt blocked and logged.,Passed,logs/TS_SEC_262_zap_scan.log,0.210s,OWASP ZAP Target Environment,OWASP ZAP Target VM,Kali Linux Security Box,OWASP ZAP CLI
TS_SEC_263,AccessControl,Audit security HTTP headers on assistant AI chat logs for authorization bypass checks,Verify application resists attempt to audit security http headers on assistant AI chat logs for authorization bypass checks,Verify that attempts to 'audit security http headers' on 'assistant AI chat logs' specifically 'for authorization bypass checks' are blocked and logged.,OWASP scanning tools are connected and target endpoints are monitored (Instance 263),Medium,Major,REQ-SEC-ACCESSCONTROL-263,"1. Build exploit payload for audit security http headers
2. Transmit request targeting assistant AI chat logs
3. Check if server returns 400/401/403 block (Run 263).","Attack: Audit security HTTP headers, Target: assistant AI chat logs, Standard: for authorization bypass checks","Application rejects request, returns 403 Forbidden, and triggers security alarm on server check 263.",Passed: Exploit attempt blocked and logged.,Passed,logs/TS_SEC_263_zap_scan.log,0.290s,OWASP ZAP Target Environment,OWASP ZAP Target VM,Kali Linux Security Box,OWASP ZAP CLI
TS_SEC_264,AccessControl,Audit security HTTP headers on assistant AI chat logs for directory traversal vulnerabilities,Verify application resists attempt to audit security http headers on assistant AI chat logs for directory traversal vulnerabilities,Verify that attempts to 'audit security http headers' on 'assistant AI chat logs' specifically 'for directory traversal vulnerabilities' are blocked and logged.,OWASP scanning tools are connected and target endpoints are monitored (Instance 264),High,Critical,REQ-SEC-ACCESSCONTROL-264,"1. Build exploit payload for audit security http headers
2. Transmit request targeting assistant AI chat logs
3. Check if server returns 400/401/403 block (Run 264).","Attack: Audit security HTTP headers, Target: assistant AI chat logs, Standard: for directory traversal vulnerabilities","Application rejects request, returns 403 Forbidden, and triggers security alarm on server check 264.",Passed: Exploit attempt blocked and logged.,Passed,logs/TS_SEC_264_zap_scan.log,0.370s,OWASP ZAP Target Environment,OWASP ZAP Target VM,Kali Linux Security Box,OWASP ZAP CLI
TS_SEC_265,AccessControl,Audit security HTTP headers on assistant AI chat logs for privilege escalation resistance,Verify application resists attempt to audit security http headers on assistant AI chat logs for privilege escalation resistance,Verify that attempts to 'audit security http headers' on 'assistant AI chat logs' specifically 'for privilege escalation resistance' are blocked and logged.,OWASP scanning tools are connected and target endpoints are monitored (Instance 265),Medium,Major,REQ-SEC-ACCESSCONTROL-265,"1. Build exploit payload for audit security http headers
2. Transmit request targeting assistant AI chat logs
3. Check if server returns 400/401/403 block (Run 265).","Attack: Audit security HTTP headers, Target: assistant AI chat logs, Standard: for privilege escalation resistance","Application rejects request, returns 403 Forbidden, and triggers security alarm on server check 265.",Passed: Exploit attempt blocked and logged.,Passed,logs/TS_SEC_265_zap_scan.log,0.450s,OWASP ZAP Target Environment,OWASP ZAP Target VM,Kali Linux Security Box,OWASP ZAP CLI
TS_SEC_266,BusinessLogic,Audit security HTTP headers on user profile settings to check OWASP Top 10 compliance,Verify application resists attempt to audit security http headers on user profile settings to check OWASP Top 10 compliance,Verify that attempts to 'audit security http headers' on 'user profile settings' specifically 'to check OWASP Top 10 compliance' are blocked and logged.,OWASP scanning tools are connected and target endpoints are monitored (Instance 266),High,Major,REQ-SEC-BUSINESSLOGIC-266,"1. Build exploit payload for audit security http headers
2. Transmit request targeting user profile settings
3. Check if server returns 400/401/403 block (Run 266).","Attack: Audit security HTTP headers, Target: user profile settings, Standard: to check OWASP Top 10 compliance","Application rejects request, returns 403 Forbidden, and triggers security alarm on server check 266.",Passed: Exploit attempt blocked and logged.,Passed,logs/TS_SEC_266_zap_scan.log,0.530s,OWASP ZAP Target Environment,OWASP ZAP Target VM,Kali Linux Security Box,OWASP ZAP CLI
TS_SEC_267,BusinessLogic,Audit security HTTP headers on user profile settings for input validation enforcement,Verify application resists attempt to audit security http headers on user profile settings for input validation enforcement,Verify that attempts to 'audit security http headers' on 'user profile settings' specifically 'for input validation enforcement' are blocked and logged.,OWASP scanning tools are connected and target endpoints are monitored (Instance 267),Medium,Critical,REQ-SEC-BUSINESSLOGIC-267,"1. Build exploit payload for audit security http headers
2. Transmit request targeting user profile settings
3. Check if server returns 400/401/403 block (Run 267).","Attack: Audit security HTTP headers, Target: user profile settings, Standard: for input validation enforcement","Application rejects request, returns 403 Forbidden, and triggers security alarm on server check 267.",Passed: Exploit attempt blocked and logged.,Passed,logs/TS_SEC_267_zap_scan.log,0.610s,OWASP ZAP Target Environment,OWASP ZAP Target VM,Kali Linux Security Box,OWASP ZAP CLI
TS_SEC_268,BusinessLogic,Audit security HTTP headers on user profile settings for authorization bypass checks,Verify application resists attempt to audit security http headers on user profile settings for authorization bypass checks,Verify that attempts to 'audit security http headers' on 'user profile settings' specifically 'for authorization bypass checks' are blocked and logged.,OWASP scanning tools are connected and target endpoints are monitored (Instance 268),High,Major,REQ-SEC-BUSINESSLOGIC-268,"1. Build exploit payload for audit security http headers
2. Transmit request targeting user profile settings
3. Check if server returns 400/401/403 block (Run 268).","Attack: Audit security HTTP headers, Target: user profile settings, Standard: for authorization bypass checks","Application rejects request, returns 403 Forbidden, and triggers security alarm on server check 268.",Passed: Exploit attempt blocked and logged.,Passed,logs/TS_SEC_268_zap_scan.log,0.690s,OWASP ZAP Target Environment,OWASP ZAP Target VM,Kali Linux Security Box,OWASP ZAP CLI
TS_SEC_269,BusinessLogic,Audit security HTTP headers on user profile settings for directory traversal vulnerabilities,Verify application resists attempt to audit security http headers on user profile settings for directory traversal vulnerabilities,Verify that attempts to 'audit security http headers' on 'user profile settings' specifically 'for directory traversal vulnerabilities' are blocked and logged.,OWASP scanning tools are connected and target endpoints are monitored (Instance 269),Medium,Major,REQ-SEC-BUSINESSLOGIC-269,"1. Build exploit payload for audit security http headers
2. Transmit request targeting user profile settings
3. Check if server returns 400/401/403 block (Run 269).","Attack: Audit security HTTP headers, Target: user profile settings, Standard: for directory traversal vulnerabilities","Application rejects request, returns 403 Forbidden, and triggers security alarm on server check 269.",Passed: Exploit attempt blocked and logged.,Passed,logs/TS_SEC_269_zap_scan.log,0.770s,OWASP ZAP Target Environment,OWASP ZAP Target VM,Kali Linux Security Box,OWASP ZAP CLI
TS_SEC_270,BusinessLogic,Audit security HTTP headers on user profile settings for privilege escalation resistance,Verify application resists attempt to audit security http headers on user profile settings for privilege escalation resistance,Verify that attempts to 'audit security http headers' on 'user profile settings' specifically 'for privilege escalation resistance' are blocked and logged.,OWASP scanning tools are connected and target endpoints are monitored (Instance 270),High,Critical,REQ-SEC-BUSINESSLOGIC-270,"1. Build exploit payload for audit security http headers
2. Transmit request targeting user profile settings
3. Check if server returns 400/401/403 block (Run 270).","Attack: Audit security HTTP headers, Target: user profile settings, Standard: for privilege escalation resistance","Application rejects request, returns 403 Forbidden, and triggers security alarm on server check 270.",Passed: Exploit attempt blocked and logged.,Passed,logs/TS_SEC_270_zap_scan.log,0.050s,OWASP ZAP Target Environment,OWASP ZAP Target VM,Kali Linux Security Box,OWASP ZAP CLI
TS_SEC_271,SQLi,Check secure cookie flags on auth login endpoint to check OWASP Top 10 compliance,Verify application resists attempt to check secure cookie flags on auth login endpoint to check OWASP Top 10 compliance,Verify that attempts to 'check secure cookie flags' on 'auth login endpoint' specifically 'to check OWASP Top 10 compliance' are blocked and logged.,OWASP scanning tools are connected and target endpoints are monitored (Instance 271),Medium,Major,REQ-SEC-SQLI-271,"1. Build exploit payload for check secure cookie flags
2. Transmit request targeting auth login endpoint
3. Check if server returns 400/401/403 block (Run 271).","Attack: Check secure cookie flags, Target: auth login endpoint, Standard: to check OWASP Top 10 compliance","Application rejects request, returns 403 Forbidden, and triggers security alarm on server check 271.",Passed: Exploit attempt blocked and logged.,Passed,logs/TS_SEC_271_zap_scan.log,0.130s,OWASP ZAP Target Environment,OWASP ZAP Target VM,Kali Linux Security Box,OWASP ZAP CLI
TS_SEC_272,SQLi,Check secure cookie flags on auth login endpoint for input validation enforcement,Verify application resists attempt to check secure cookie flags on auth login endpoint for input validation enforcement,Verify that attempts to 'check secure cookie flags' on 'auth login endpoint' specifically 'for input validation enforcement' are blocked and logged.,OWASP scanning tools are connected and target endpoints are monitored (Instance 272),High,Major,REQ-SEC-SQLI-272,"1. Build exploit payload for check secure cookie flags
2. Transmit request targeting auth login endpoint
3. Check if server returns 400/401/403 block (Run 272).","Attack: Check secure cookie flags, Target: auth login endpoint, Standard: for input validation enforcement","Application rejects request, returns 403 Forbidden, and triggers security alarm on server check 272.",Passed: Exploit attempt blocked and logged.,Passed,logs/TS_SEC_272_zap_scan.log,0.210s,OWASP ZAP Target Environment,OWASP ZAP Target VM,Kali Linux Security Box,OWASP ZAP CLI
TS_SEC_273,SQLi,Check secure cookie flags on auth login endpoint for authorization bypass checks,Verify application resists attempt to check secure cookie flags on auth login endpoint for authorization bypass checks,Verify that attempts to 'check secure cookie flags' on 'auth login endpoint' specifically 'for authorization bypass checks' are blocked and logged.,OWASP scanning tools are connected and target endpoints are monitored (Instance 273),Medium,Critical,REQ-SEC-SQLI-273,"1. Build exploit payload for check secure cookie flags
2. Transmit request targeting auth login endpoint
3. Check if server returns 400/401/403 block (Run 273).","Attack: Check secure cookie flags, Target: auth login endpoint, Standard: for authorization bypass checks","Application rejects request, returns 403 Forbidden, and triggers security alarm on server check 273.",Passed: Exploit attempt blocked and logged.,Passed,logs/TS_SEC_273_zap_scan.log,0.290s,OWASP ZAP Target Environment,OWASP ZAP Target VM,Kali Linux Security Box,OWASP ZAP CLI
TS_SEC_274,SQLi,Check secure cookie flags on auth login endpoint for directory traversal vulnerabilities,Verify application resists attempt to check secure cookie flags on auth login endpoint for directory traversal vulnerabilities,Verify that attempts to 'check secure cookie flags' on 'auth login endpoint' specifically 'for directory traversal vulnerabilities' are blocked and logged.,OWASP scanning tools are connected and target endpoints are monitored (Instance 274),High,Major,REQ-SEC-SQLI-274,"1. Build exploit payload for check secure cookie flags
2. Transmit request targeting auth login endpoint
3. Check if server returns 400/401/403 block (Run 274).","Attack: Check secure cookie flags, Target: auth login endpoint, Standard: for directory traversal vulnerabilities","Application rejects request, returns 403 Forbidden, and triggers security alarm on server check 274.",Passed: Exploit attempt blocked and logged.,Passed,logs/TS_SEC_274_zap_scan.log,0.370s,OWASP ZAP Target Environment,OWASP ZAP Target VM,Kali Linux Security Box,OWASP ZAP CLI
TS_SEC_275,SQLi,Check secure cookie flags on auth login endpoint for privilege escalation resistance,Verify application resists attempt to check secure cookie flags on auth login endpoint for privilege escalation resistance,Verify that attempts to 'check secure cookie flags' on 'auth login endpoint' specifically 'for privilege escalation resistance' are blocked and logged.,OWASP scanning tools are connected and target endpoints are monitored (Instance 275),Medium,Major,REQ-SEC-SQLI-275,"1. Build exploit payload for check secure cookie flags
2. Transmit request targeting auth login endpoint
3. Check if server returns 400/401/403 block (Run 275).","Attack: Check secure cookie flags, Target: auth login endpoint, Standard: for privilege escalation resistance","Application rejects request, returns 403 Forbidden, and triggers security alarm on server check 275.",Passed: Exploit attempt blocked and logged.,Passed,logs/TS_SEC_275_zap_scan.log,0.450s,OWASP ZAP Target Environment,OWASP ZAP Target VM,Kali Linux Security Box,OWASP ZAP CLI
TS_SEC_276,XSS,Check secure cookie flags on symptom log creation form to check OWASP Top 10 compliance,Verify application resists attempt to check secure cookie flags on symptom log creation form to check OWASP Top 10 compliance,Verify that attempts to 'check secure cookie flags' on 'symptom log creation form' specifically 'to check OWASP Top 10 compliance' are blocked and logged.,OWASP scanning tools are connected and target endpoints are monitored (Instance 276),High,Critical,REQ-SEC-XSS-276,"1. Build exploit payload for check secure cookie flags
2. Transmit request targeting symptom log creation form
3. Check if server returns 400/401/403 block (Run 276).","Attack: Check secure cookie flags, Target: symptom log creation form, Standard: to check OWASP Top 10 compliance","Application rejects request, returns 403 Forbidden, and triggers security alarm on server check 276.",Passed: Exploit attempt blocked and logged.,Passed,logs/TS_SEC_276_zap_scan.log,0.530s,OWASP ZAP Target Environment,OWASP ZAP Target VM,Kali Linux Security Box,OWASP ZAP CLI
TS_SEC_277,XSS,Check secure cookie flags on symptom log creation form for input validation enforcement,Verify application resists attempt to check secure cookie flags on symptom log creation form for input validation enforcement,Verify that attempts to 'check secure cookie flags' on 'symptom log creation form' specifically 'for input validation enforcement' are blocked and logged.,OWASP scanning tools are connected and target endpoints are monitored (Instance 277),Medium,Major,REQ-SEC-XSS-277,"1. Build exploit payload for check secure cookie flags
2. Transmit request targeting symptom log creation form
3. Check if server returns 400/401/403 block (Run 277).","Attack: Check secure cookie flags, Target: symptom log creation form, Standard: for input validation enforcement","Application rejects request, returns 403 Forbidden, and triggers security alarm on server check 277.",Passed: Exploit attempt blocked and logged.,Passed,logs/TS_SEC_277_zap_scan.log,0.610s,OWASP ZAP Target Environment,OWASP ZAP Target VM,Kali Linux Security Box,OWASP ZAP CLI
TS_SEC_278,XSS,Check secure cookie flags on symptom log creation form for authorization bypass checks,Verify application resists attempt to check secure cookie flags on symptom log creation form for authorization bypass checks,Verify that attempts to 'check secure cookie flags' on 'symptom log creation form' specifically 'for authorization bypass checks' are blocked and logged.,OWASP scanning tools are connected and target endpoints are monitored (Instance 278),High,Major,REQ-SEC-XSS-278,"1. Build exploit payload for check secure cookie flags
2. Transmit request targeting symptom log creation form
3. Check if server returns 400/401/403 block (Run 278).","Attack: Check secure cookie flags, Target: symptom log creation form, Standard: for authorization bypass checks","Application rejects request, returns 403 Forbidden, and triggers security alarm on server check 278.",Passed: Exploit attempt blocked and logged.,Passed,logs/TS_SEC_278_zap_scan.log,0.690s,OWASP ZAP Target Environment,OWASP ZAP Target VM,Kali Linux Security Box,OWASP ZAP CLI
TS_SEC_279,XSS,Check secure cookie flags on symptom log creation form for directory traversal vulnerabilities,Verify application resists attempt to check secure cookie flags on symptom log creation form for directory traversal vulnerabilities,Verify that attempts to 'check secure cookie flags' on 'symptom log creation form' specifically 'for directory traversal vulnerabilities' are blocked and logged.,OWASP scanning tools are connected and target endpoints are monitored (Instance 279),Medium,Critical,REQ-SEC-XSS-279,"1. Build exploit payload for check secure cookie flags
2. Transmit request targeting symptom log creation form
3. Check if server returns 400/401/403 block (Run 279).","Attack: Check secure cookie flags, Target: symptom log creation form, Standard: for directory traversal vulnerabilities","Application rejects request, returns 403 Forbidden, and triggers security alarm on server check 279.",Passed: Exploit attempt blocked and logged.,Passed,logs/TS_SEC_279_zap_scan.log,0.770s,OWASP ZAP Target Environment,OWASP ZAP Target VM,Kali Linux Security Box,OWASP ZAP CLI
TS_SEC_280,XSS,Check secure cookie flags on symptom log creation form for privilege escalation resistance,Verify application resists attempt to check secure cookie flags on symptom log creation form for privilege escalation resistance,Verify that attempts to 'check secure cookie flags' on 'symptom log creation form' specifically 'for privilege escalation resistance' are blocked and logged.,OWASP scanning tools are connected and target endpoints are monitored (Instance 280),High,Major,REQ-SEC-XSS-280,"1. Build exploit payload for check secure cookie flags
2. Transmit request targeting symptom log creation form
3. Check if server returns 400/401/403 block (Run 280).","Attack: Check secure cookie flags, Target: symptom log creation form, Standard: for privilege escalation resistance","Application rejects request, returns 403 Forbidden, and triggers security alarm on server check 280.",Passed: Exploit attempt blocked and logged.,Passed,logs/TS_SEC_280_zap_scan.log,0.050s,OWASP ZAP Target Environment,OWASP ZAP Target VM,Kali Linux Security Box,OWASP ZAP CLI
TS_SEC_281,JWT,Check secure cookie flags on breathing session log records to check OWASP Top 10 compliance,Verify application resists attempt to check secure cookie flags on breathing session log records to check OWASP Top 10 compliance,Verify that attempts to 'check secure cookie flags' on 'breathing session log records' specifically 'to check OWASP Top 10 compliance' are blocked and logged.,OWASP scanning tools are connected and target endpoints are monitored (Instance 281),Medium,Major,REQ-SEC-JWT-281,"1. Build exploit payload for check secure cookie flags
2. Transmit request targeting breathing session log records
3. Check if server returns 400/401/403 block (Run 281).","Attack: Check secure cookie flags, Target: breathing session log records, Standard: to check OWASP Top 10 compliance","Application rejects request, returns 403 Forbidden, and triggers security alarm on server check 281.",Passed: Exploit attempt blocked and logged.,Passed,logs/TS_SEC_281_zap_scan.log,0.130s,OWASP ZAP Target Environment,OWASP ZAP Target VM,Kali Linux Security Box,OWASP ZAP CLI
TS_SEC_282,JWT,Check secure cookie flags on breathing session log records for input validation enforcement,Verify application resists attempt to check secure cookie flags on breathing session log records for input validation enforcement,Verify that attempts to 'check secure cookie flags' on 'breathing session log records' specifically 'for input validation enforcement' are blocked and logged.,OWASP scanning tools are connected and target endpoints are monitored (Instance 282),High,Critical,REQ-SEC-JWT-282,"1. Build exploit payload for check secure cookie flags
2. Transmit request targeting breathing session log records
3. Check if server returns 400/401/403 block (Run 282).","Attack: Check secure cookie flags, Target: breathing session log records, Standard: for input validation enforcement","Application rejects request, returns 403 Forbidden, and triggers security alarm on server check 282.",Passed: Exploit attempt blocked and logged.,Passed,logs/TS_SEC_282_zap_scan.log,0.210s,OWASP ZAP Target Environment,OWASP ZAP Target VM,Kali Linux Security Box,OWASP ZAP CLI
TS_SEC_283,JWT,Check secure cookie flags on breathing session log records for authorization bypass checks,Verify application resists attempt to check secure cookie flags on breathing session log records for authorization bypass checks,Verify that attempts to 'check secure cookie flags' on 'breathing session log records' specifically 'for authorization bypass checks' are blocked and logged.,OWASP scanning tools are connected and target endpoints are monitored (Instance 283),Medium,Major,REQ-SEC-JWT-283,"1. Build exploit payload for check secure cookie flags
2. Transmit request targeting breathing session log records
3. Check if server returns 400/401/403 block (Run 283).","Attack: Check secure cookie flags, Target: breathing session log records, Standard: for authorization bypass checks","Application rejects request, returns 403 Forbidden, and triggers security alarm on server check 283.",Passed: Exploit attempt blocked and logged.,Passed,logs/TS_SEC_283_zap_scan.log,0.290s,OWASP ZAP Target Environment,OWASP ZAP Target VM,Kali Linux Security Box,OWASP ZAP CLI
TS_SEC_284,JWT,Check secure cookie flags on breathing session log records for directory traversal vulnerabilities,Verify application resists attempt to check secure cookie flags on breathing session log records for directory traversal vulnerabilities,Verify that attempts to 'check secure cookie flags' on 'breathing session log records' specifically 'for directory traversal vulnerabilities' are blocked and logged.,OWASP scanning tools are connected and target endpoints are monitored (Instance 284),High,Major,REQ-SEC-JWT-284,"1. Build exploit payload for check secure cookie flags
2. Transmit request targeting breathing session log records
3. Check if server returns 400/401/403 block (Run 284).","Attack: Check secure cookie flags, Target: breathing session log records, Standard: for directory traversal vulnerabilities","Application rejects request, returns 403 Forbidden, and triggers security alarm on server check 284.",Passed: Exploit attempt blocked and logged.,Passed,logs/TS_SEC_284_zap_scan.log,0.370s,OWASP ZAP Target Environment,OWASP ZAP Target VM,Kali Linux Security Box,OWASP ZAP CLI
TS_SEC_285,JWT,Check secure cookie flags on breathing session log records for privilege escalation resistance,Verify application resists attempt to check secure cookie flags on breathing session log records for privilege escalation resistance,Verify that attempts to 'check secure cookie flags' on 'breathing session log records' specifically 'for privilege escalation resistance' are blocked and logged.,OWASP scanning tools are connected and target endpoints are monitored (Instance 285),Medium,Critical,REQ-SEC-JWT-285,"1. Build exploit payload for check secure cookie flags
2. Transmit request targeting breathing session log records
3. Check if server returns 400/401/403 block (Run 285).","Attack: Check secure cookie flags, Target: breathing session log records, Standard: for privilege escalation resistance","Application rejects request, returns 403 Forbidden, and triggers security alarm on server check 285.",Passed: Exploit attempt blocked and logged.,Passed,logs/TS_SEC_285_zap_scan.log,0.450s,OWASP ZAP Target Environment,OWASP ZAP Target VM,Kali Linux Security Box,OWASP ZAP CLI
TS_SEC_286,IDOR,Check secure cookie flags on clinical reports database to check OWASP Top 10 compliance,Verify application resists attempt to check secure cookie flags on clinical reports database to check OWASP Top 10 compliance,Verify that attempts to 'check secure cookie flags' on 'clinical reports database' specifically 'to check OWASP Top 10 compliance' are blocked and logged.,OWASP scanning tools are connected and target endpoints are monitored (Instance 286),High,Major,REQ-SEC-IDOR-286,"1. Build exploit payload for check secure cookie flags
2. Transmit request targeting clinical reports database
3. Check if server returns 400/401/403 block (Run 286).","Attack: Check secure cookie flags, Target: clinical reports database, Standard: to check OWASP Top 10 compliance","Application rejects request, returns 403 Forbidden, and triggers security alarm on server check 286.",Passed: Exploit attempt blocked and logged.,Passed,logs/TS_SEC_286_zap_scan.log,0.530s,OWASP ZAP Target Environment,OWASP ZAP Target VM,Kali Linux Security Box,OWASP ZAP CLI
TS_SEC_287,IDOR,Check secure cookie flags on clinical reports database for input validation enforcement,Verify application resists attempt to check secure cookie flags on clinical reports database for input validation enforcement,Verify that attempts to 'check secure cookie flags' on 'clinical reports database' specifically 'for input validation enforcement' are blocked and logged.,OWASP scanning tools are connected and target endpoints are monitored (Instance 287),Medium,Major,REQ-SEC-IDOR-287,"1. Build exploit payload for check secure cookie flags
2. Transmit request targeting clinical reports database
3. Check if server returns 400/401/403 block (Run 287).","Attack: Check secure cookie flags, Target: clinical reports database, Standard: for input validation enforcement","Application rejects request, returns 403 Forbidden, and triggers security alarm on server check 287.",Passed: Exploit attempt blocked and logged.,Passed,logs/TS_SEC_287_zap_scan.log,0.610s,OWASP ZAP Target Environment,OWASP ZAP Target VM,Kali Linux Security Box,OWASP ZAP CLI
TS_SEC_288,IDOR,Check secure cookie flags on clinical reports database for authorization bypass checks,Verify application resists attempt to check secure cookie flags on clinical reports database for authorization bypass checks,Verify that attempts to 'check secure cookie flags' on 'clinical reports database' specifically 'for authorization bypass checks' are blocked and logged.,OWASP scanning tools are connected and target endpoints are monitored (Instance 288),High,Critical,REQ-SEC-IDOR-288,"1. Build exploit payload for check secure cookie flags
2. Transmit request targeting clinical reports database
3. Check if server returns 400/401/403 block (Run 288).","Attack: Check secure cookie flags, Target: clinical reports database, Standard: for authorization bypass checks","Application rejects request, returns 403 Forbidden, and triggers security alarm on server check 288.",Passed: Exploit attempt blocked and logged.,Passed,logs/TS_SEC_288_zap_scan.log,0.690s,OWASP ZAP Target Environment,OWASP ZAP Target VM,Kali Linux Security Box,OWASP ZAP CLI
TS_SEC_289,IDOR,Check secure cookie flags on clinical reports database for directory traversal vulnerabilities,Verify application resists attempt to check secure cookie flags on clinical reports database for directory traversal vulnerabilities,Verify that attempts to 'check secure cookie flags' on 'clinical reports database' specifically 'for directory traversal vulnerabilities' are blocked and logged.,OWASP scanning tools are connected and target endpoints are monitored (Instance 289),Medium,Major,REQ-SEC-IDOR-289,"1. Build exploit payload for check secure cookie flags
2. Transmit request targeting clinical reports database
3. Check if server returns 400/401/403 block (Run 289).","Attack: Check secure cookie flags, Target: clinical reports database, Standard: for directory traversal vulnerabilities","Application rejects request, returns 403 Forbidden, and triggers security alarm on server check 289.",Passed: Exploit attempt blocked and logged.,Passed,logs/TS_SEC_289_zap_scan.log,0.770s,OWASP ZAP Target Environment,OWASP ZAP Target VM,Kali Linux Security Box,OWASP ZAP CLI
TS_SEC_290,IDOR,Check secure cookie flags on clinical reports database for privilege escalation resistance,Verify application resists attempt to check secure cookie flags on clinical reports database for privilege escalation resistance,Verify that attempts to 'check secure cookie flags' on 'clinical reports database' specifically 'for privilege escalation resistance' are blocked and logged.,OWASP scanning tools are connected and target endpoints are monitored (Instance 290),High,Major,REQ-SEC-IDOR-290,"1. Build exploit payload for check secure cookie flags
2. Transmit request targeting clinical reports database
3. Check if server returns 400/401/403 block (Run 290).","Attack: Check secure cookie flags, Target: clinical reports database, Standard: for privilege escalation resistance","Application rejects request, returns 403 Forbidden, and triggers security alarm on server check 290.",Passed: Exploit attempt blocked and logged.,Passed,logs/TS_SEC_290_zap_scan.log,0.050s,OWASP ZAP Target Environment,OWASP ZAP Target VM,Kali Linux Security Box,OWASP ZAP CLI
TS_SEC_291,AccessControl,Check secure cookie flags on assistant AI chat logs to check OWASP Top 10 compliance,Verify application resists attempt to check secure cookie flags on assistant AI chat logs to check OWASP Top 10 compliance,Verify that attempts to 'check secure cookie flags' on 'assistant AI chat logs' specifically 'to check OWASP Top 10 compliance' are blocked and logged.,OWASP scanning tools are connected and target endpoints are monitored (Instance 291),Medium,Critical,REQ-SEC-ACCESSCONTROL-291,"1. Build exploit payload for check secure cookie flags
2. Transmit request targeting assistant AI chat logs
3. Check if server returns 400/401/403 block (Run 291).","Attack: Check secure cookie flags, Target: assistant AI chat logs, Standard: to check OWASP Top 10 compliance","Application rejects request, returns 403 Forbidden, and triggers security alarm on server check 291.",Passed: Exploit attempt blocked and logged.,Passed,logs/TS_SEC_291_zap_scan.log,0.130s,OWASP ZAP Target Environment,OWASP ZAP Target VM,Kali Linux Security Box,OWASP ZAP CLI
TS_SEC_292,AccessControl,Check secure cookie flags on assistant AI chat logs for input validation enforcement,Verify application resists attempt to check secure cookie flags on assistant AI chat logs for input validation enforcement,Verify that attempts to 'check secure cookie flags' on 'assistant AI chat logs' specifically 'for input validation enforcement' are blocked and logged.,OWASP scanning tools are connected and target endpoints are monitored (Instance 292),High,Major,REQ-SEC-ACCESSCONTROL-292,"1. Build exploit payload for check secure cookie flags
2. Transmit request targeting assistant AI chat logs
3. Check if server returns 400/401/403 block (Run 292).","Attack: Check secure cookie flags, Target: assistant AI chat logs, Standard: for input validation enforcement","Application rejects request, returns 403 Forbidden, and triggers security alarm on server check 292.",Passed: Exploit attempt blocked and logged.,Passed,logs/TS_SEC_292_zap_scan.log,0.210s,OWASP ZAP Target Environment,OWASP ZAP Target VM,Kali Linux Security Box,OWASP ZAP CLI
TS_SEC_293,AccessControl,Check secure cookie flags on assistant AI chat logs for authorization bypass checks,Verify application resists attempt to check secure cookie flags on assistant AI chat logs for authorization bypass checks,Verify that attempts to 'check secure cookie flags' on 'assistant AI chat logs' specifically 'for authorization bypass checks' are blocked and logged.,OWASP scanning tools are connected and target endpoints are monitored (Instance 293),Medium,Major,REQ-SEC-ACCESSCONTROL-293,"1. Build exploit payload for check secure cookie flags
2. Transmit request targeting assistant AI chat logs
3. Check if server returns 400/401/403 block (Run 293).","Attack: Check secure cookie flags, Target: assistant AI chat logs, Standard: for authorization bypass checks","Application rejects request, returns 403 Forbidden, and triggers security alarm on server check 293.",Passed: Exploit attempt blocked and logged.,Passed,logs/TS_SEC_293_zap_scan.log,0.290s,OWASP ZAP Target Environment,OWASP ZAP Target VM,Kali Linux Security Box,OWASP ZAP CLI
TS_SEC_294,AccessControl,Check secure cookie flags on assistant AI chat logs for directory traversal vulnerabilities,Verify application resists attempt to check secure cookie flags on assistant AI chat logs for directory traversal vulnerabilities,Verify that attempts to 'check secure cookie flags' on 'assistant AI chat logs' specifically 'for directory traversal vulnerabilities' are blocked and logged.,OWASP scanning tools are connected and target endpoints are monitored (Instance 294),High,Critical,REQ-SEC-ACCESSCONTROL-294,"1. Build exploit payload for check secure cookie flags
2. Transmit request targeting assistant AI chat logs
3. Check if server returns 400/401/403 block (Run 294).","Attack: Check secure cookie flags, Target: assistant AI chat logs, Standard: for directory traversal vulnerabilities","Application rejects request, returns 403 Forbidden, and triggers security alarm on server check 294.",Passed: Exploit attempt blocked and logged.,Passed,logs/TS_SEC_294_zap_scan.log,0.370s,OWASP ZAP Target Environment,OWASP ZAP Target VM,Kali Linux Security Box,OWASP ZAP CLI
TS_SEC_295,AccessControl,Check secure cookie flags on assistant AI chat logs for privilege escalation resistance,Verify application resists attempt to check secure cookie flags on assistant AI chat logs for privilege escalation resistance,Verify that attempts to 'check secure cookie flags' on 'assistant AI chat logs' specifically 'for privilege escalation resistance' are blocked and logged.,OWASP scanning tools are connected and target endpoints are monitored (Instance 295),Medium,Major,REQ-SEC-ACCESSCONTROL-295,"1. Build exploit payload for check secure cookie flags
2. Transmit request targeting assistant AI chat logs
3. Check if server returns 400/401/403 block (Run 295).","Attack: Check secure cookie flags, Target: assistant AI chat logs, Standard: for privilege escalation resistance","Application rejects request, returns 403 Forbidden, and triggers security alarm on server check 295.",Passed: Exploit attempt blocked and logged.,Passed,logs/TS_SEC_295_zap_scan.log,0.450s,OWASP ZAP Target Environment,OWASP ZAP Target VM,Kali Linux Security Box,OWASP ZAP CLI
TS_SEC_296,BusinessLogic,Check secure cookie flags on user profile settings to check OWASP Top 10 compliance,Verify application resists attempt to check secure cookie flags on user profile settings to check OWASP Top 10 compliance,Verify that attempts to 'check secure cookie flags' on 'user profile settings' specifically 'to check OWASP Top 10 compliance' are blocked and logged.,OWASP scanning tools are connected and target endpoints are monitored (Instance 296),High,Major,REQ-SEC-BUSINESSLOGIC-296,"1. Build exploit payload for check secure cookie flags
2. Transmit request targeting user profile settings
3. Check if server returns 400/401/403 block (Run 296).","Attack: Check secure cookie flags, Target: user profile settings, Standard: to check OWASP Top 10 compliance","Application rejects request, returns 403 Forbidden, and triggers security alarm on server check 296.",Passed: Exploit attempt blocked and logged.,Passed,logs/TS_SEC_296_zap_scan.log,0.530s,OWASP ZAP Target Environment,OWASP ZAP Target VM,Kali Linux Security Box,OWASP ZAP CLI
TS_SEC_297,BusinessLogic,Check secure cookie flags on user profile settings for input validation enforcement,Verify application resists attempt to check secure cookie flags on user profile settings for input validation enforcement,Verify that attempts to 'check secure cookie flags' on 'user profile settings' specifically 'for input validation enforcement' are blocked and logged.,OWASP scanning tools are connected and target endpoints are monitored (Instance 297),Medium,Critical,REQ-SEC-BUSINESSLOGIC-297,"1. Build exploit payload for check secure cookie flags
2. Transmit request targeting user profile settings
3. Check if server returns 400/401/403 block (Run 297).","Attack: Check secure cookie flags, Target: user profile settings, Standard: for input validation enforcement","Application rejects request, returns 403 Forbidden, and triggers security alarm on server check 297.",Passed: Exploit attempt blocked and logged.,Passed,logs/TS_SEC_297_zap_scan.log,0.610s,OWASP ZAP Target Environment,OWASP ZAP Target VM,Kali Linux Security Box,OWASP ZAP CLI
TS_SEC_298,BusinessLogic,Check secure cookie flags on user profile settings for authorization bypass checks,Verify application resists attempt to check secure cookie flags on user profile settings for authorization bypass checks,Verify that attempts to 'check secure cookie flags' on 'user profile settings' specifically 'for authorization bypass checks' are blocked and logged.,OWASP scanning tools are connected and target endpoints are monitored (Instance 298),High,Major,REQ-SEC-BUSINESSLOGIC-298,"1. Build exploit payload for check secure cookie flags
2. Transmit request targeting user profile settings
3. Check if server returns 400/401/403 block (Run 298).","Attack: Check secure cookie flags, Target: user profile settings, Standard: for authorization bypass checks","Application rejects request, returns 403 Forbidden, and triggers security alarm on server check 298.",Passed: Exploit attempt blocked and logged.,Passed,logs/TS_SEC_298_zap_scan.log,0.690s,OWASP ZAP Target Environment,OWASP ZAP Target VM,Kali Linux Security Box,OWASP ZAP CLI
TS_SEC_299,BusinessLogic,Check secure cookie flags on user profile settings for directory traversal vulnerabilities,Verify application resists attempt to check secure cookie flags on user profile settings for directory traversal vulnerabilities,Verify that attempts to 'check secure cookie flags' on 'user profile settings' specifically 'for directory traversal vulnerabilities' are blocked and logged.,OWASP scanning tools are connected and target endpoints are monitored (Instance 299),Medium,Major,REQ-SEC-BUSINESSLOGIC-299,"1. Build exploit payload for check secure cookie flags
2. Transmit request targeting user profile settings
3. Check if server returns 400/401/403 block (Run 299).","Attack: Check secure cookie flags, Target: user profile settings, Standard: for directory traversal vulnerabilities","Application rejects request, returns 403 Forbidden, and triggers security alarm on server check 299.",Passed: Exploit attempt blocked and logged.,Passed,logs/TS_SEC_299_zap_scan.log,0.770s,OWASP ZAP Target Environment,OWASP ZAP Target VM,Kali Linux Security Box,OWASP ZAP CLI
TS_SEC_300,BusinessLogic,Check secure cookie flags on user profile settings for privilege escalation resistance,Verify application resists attempt to check secure cookie flags on user profile settings for privilege escalation resistance,Verify that attempts to 'check secure cookie flags' on 'user profile settings' specifically 'for privilege escalation resistance' are blocked and logged.,OWASP scanning tools are connected and target endpoints are monitored (Instance 300),High,Critical,REQ-SEC-BUSINESSLOGIC-300,"1. Build exploit payload for check secure cookie flags
2. Transmit request targeting user profile settings
3. Check if server returns 400/401/403 block (Run 300).","Attack: Check secure cookie flags, Target: user profile settings, Standard: for privilege escalation resistance","Application rejects request, returns 403 Forbidden, and triggers security alarm on server check 300.",Passed: Exploit attempt blocked and logged.,Passed,logs/TS_SEC_300_zap_scan.log,0.050s,OWASP ZAP Target Environment,OWASP ZAP Target VM,Kali Linux Security Box,OWASP ZAP CLI
